cve_ent,cve_mun,pob_mun,CVEGEO,pob_rural,pob_total,pct_rural,n_estab_4671,empleo_aprox_4671,actividades,dens_estab_10k,dens_empleo_10k,IM_2020,area_km2
1,0,1425607,1000,0,6718,0,0,0,NA,0,0,NA,NA
1,1,948990,1001,47544,951537,0.049965477,1587,7015,Comercio al por menor de pisos y recubrimientos cerámicos | Comercio al por menor de artículos para albercas y otros artículos | Comercio al por menor en ferreterías y tlapalerías | Comercio al por menor de vidrios y espejos | Comercio al por menor de artículos para la limpieza | Comercio al por menor de pintura | Comercio al por menor de materiales para la construcción en tiendas de autoservicio especializadas,16.72304239,73.92069463,60.31879504,1161.387798
1,2,51536,1002,33776,51896,0.650840142,37,103.5,Comercio al por menor en ferreterías y tlapalerías | Comercio al por menor de vidrios y espejos | Comercio al por menor de pintura | Comercio al por menor de pisos y recubrimientos cerámicos | Comercio al por menor de artículos para la limpieza,7.179447377,20.08304874,56.54607102,542.4423033
1,3,58250,1003,29883,58486,0.51094279,77,220,Comercio al por menor de vidrios y espejos | Comercio al por menor de artículos para la limpieza | Comercio al por menor de pisos y recubrimientos cerámicos | Comercio al por menor en ferreterías y tlapalerías | Comercio al por menor de pintura,13.21888412,37.76824034,57.05825094,936.0067608
1,4,17000,1004,8523,17187,0.495898062,14,35,Comercio al por menor en ferreterías y tlapalerías | Comercio al por menor de pintura | Comercio al por menor de artículos para la limpieza | Comercio al por menor de vidrios y espejos,8.235294118,20.58823529,57.1140301,128.3835445
1,5,129929,1005,32405,130388,0.248527472,189,677,Comercio al por menor de vidrios y espejos | Comercio al por menor de pisos y recubrimientos cerámicos | Comercio al por menor de artículos para albercas y otros artículos | Comercio al por menor en ferreterías y tlapalerías | Comercio al por menor de artículos para la limpieza | Comercio al por menor de pintura | Comercio al por menor de materiales para la construcción en tiendas de autoservicio especializadas,14.54640611,52.10538063,59.0117617,551.2579843
1,6,47646,1006,12295,48220,0.254977188,65,179,Comercio al por menor de pintura | Comercio al por menor en ferreterías y tlapalerías | Comercio al por menor de artículos para la limpieza | Comercio al por menor de artículos para albercas y otros artículos | Comercio al por menor de vidrios y espejos | Comercio al por menor de pisos y recubrimientos cerámicos,13.64227847,37.5687361,58.62476783,197.6846155
1,7,57369,1007,14807,58256,0.254171244,77,234,Comercio al por menor de vidrios y espejos | Comercio al por menor de artículos para la limpieza | Comercio al por menor en ferreterías y tlapalerías | Comercio al por menor de pintura | Comercio al por menor de pisos y recubrimientos cerámicos,13.4218829,40.7885792,57.64667135,371.9532124
1,8,9552,1008,3945,9603,0.410809122,12,35.5,Comercio al por menor en ferreterías y tlapalerías | Comercio al por menor de pintura | Comercio al por menor de artículos para la limpieza | Comercio al por menor de vidrios y espejos,12.56281407,37.16499162,57.52753056,792.1720347
1,9,22485,1009,13371,22765,0.587349001,20,55.5,Comercio al por menor en ferreterías y tlapalerías | Comercio al por menor de artículos para la limpieza | Comercio al por menor de vidrios y espejos,8.894818768,24.68312208,56.60431438,229.6610122
1,10,20853,1010,14546,21706,0.670137289,13,56,Comercio al por menor en ferreterías y tlapalerías | Comercio al por menor de artículos para la limpieza | Comercio al por menor de vidrios y espejos,6.234114995,26.85464921,56.55579422,509.9551247
1,11,61997,1011,15801,62281,0.253704982,83,247.5,Comercio al por menor de vidrios y espejos | Comercio al por menor de artículos para la limpieza | Comercio al por menor de pintura | Comercio al por menor en ferreterías y tlapalerías,13.38774457,39.92128651,58.55209783,137.7694527
2,0,3769020,2000,0,14832,0,0,0,NA,0,0,NA,NA
2,1,443807,2001,46708,448024,0.104253344,385,2057,Comercio al por menor de vidrios y espejos | Comercio al por menor de pisos y recubrimientos cerámicos | Comercio al por menor de pintura | Comercio al por menor en ferreterías y tlapalerías | Comercio al por menor de artículos para albercas y otros artículos | Comercio al por menor de materiales para la construcción en tiendas de autoservicio especializadas | Comercio al por menor de artículos para la limpieza,8.674942036,46.34897602,58.08223757,13662.82828
2,2,1049792,2002,89877,1055880,0.085120468,696,3589,Comercio al por menor en ferreterías y tlapalerías | Comercio al por menor de pisos y recubrimientos cerámicos | Comercio al por menor de artículos para albercas y otros artículos | Comercio al por menor de artículos para la limpieza | Comercio al por menor de pintura | Comercio al por menor de vidrios y espejos | Comercio al por menor de materiales para la construcción en tiendas de autoservicio especializadas,6.629884777,34.18772481,59.38498909,10078.26692
2,3,108440,2003,14876,110003,0.135232675,86,347.5,Comercio al por menor de artículos para la limpieza | Comercio al por menor de materiales para la construcción en tiendas de autoservicio especializadas | Comercio al por menor de pintura | Comercio al por menor en ferreterías y tlapalerías | Comercio al por menor de vidrios y espejos | Comercio al por menor de pisos y recubrimientos cerámicos | Comercio al por menor de artículos para albercas y otros artículos,7.930652896,32.04537071,58.39007744,2900.518701
2,4,1922523,2004,29162,1923611,0.01516003,1314,7714,Comercio al por menor de pisos y recubrimientos cerámicos | Comercio al por menor de pintura | Comercio al por menor en ferreterías y tlapalerías | Comercio al por menor de artículos para albercas y otros artículos | Comercio al por menor de artículos para la limpieza | Comercio al por menor de vidrios y espejos | Comercio al por menor de materiales para la construcción en tiendas de autoservicio especializadas,6.834768687,40.12435742,59.14028682,1090.937294
2,5,126890,2005,17006,127520,0.133359473,150,776.5,Comercio al por menor en ferreterías y tlapalerías | Comercio al por menor de pisos y recubrimientos cerámicos | Comercio al por menor de artículos para la limpieza | Comercio al por menor de vidrios y espejos | Comercio al por menor de pintura | Comercio al por menor de materiales para la construcción en tiendas de autoservicio especializadas,11.82126251,61.1947356,58.29141747,513.1453835
2,6,117568,2006,41151,118814,0.346348073,83,325,Comercio al por menor en ferreterías y tlapalerías | Comercio al por menor de pintura | Comercio al por menor de vidrios y espejos | Comercio al por menor de artículos para la limpieza | Comercio al por menor de artículos para albercas y otros artículos | Comercio al por menor de pisos y recubrimientos cerámicos | Comercio al por menor de materiales para la construcción en tiendas de autoservicio especializadas,7.059744148,27.64357648,53.39904001,34097.24494
3,0,798447,3000,0,7743,0,0,0,NA,0,0,NA,NA
3,1,73021,3001,14341,74736,0.191888782,58,287,Comercio al por menor en ferreterías y tlapalerías | Comercio al por menor de vidrios y espejos | Comercio al por menor de pintura | Comercio al por menor de pisos y recubrimientos cerámicos | Comercio al por menor de artículos para la limpieza | Comercio al por menor de artículos para albercas y otros artículos,7.94292053,39.30376193,58.26382283,17532.62545
3,2,64022,3002,21338,65308,0.326728732,49,155.5,Comercio al por menor en ferreterías y tlapalerías | Comercio al por menor de vidrios y espejos | Comercio al por menor de pintura | Comercio al por menor de pisos y recubrimientos cerámicos | Comercio al por menor de artículos para la limpieza,7.653619068,24.28852582,57.49256731,30586.59205
3,3,292241,3003,21395,295028,0.072518541,381,1919,Comercio al por menor de pisos y recubrimientos cerámicos | Comercio al por menor en ferreterías y tlapalerías | Comercio al por menor de artículos para albercas y otros artículos | Comercio al por menor de artículos para la limpieza | Comercio al por menor de vidrios y espejos | Comercio al por menor de pintura | Comercio al por menor de materiales para la construcción en tiendas de autoservicio especializadas,13.03718506,65.66498198,59.8532531,15279.28515
3,8,351111,3008,12132,352686,0.03439887,463,2720,Comercio al por menor de vidrios y espejos | Comercio al por menor de pisos y recubrimientos cerámicos | Comercio al por menor en ferreterías y tlapalerías | Comercio al por menor de artículos para albercas y otros artículos | Comercio al por menor de artículos para la limpieza | Comercio al por menor de pintura | Comercio al por menor de materiales para la construcción en tiendas de autoservicio especializadas,13.18671303,77.46837895,58.73572701,3517.574801
3,9,18052,3009,1741,18432,0.094455295,21,99.5,Comercio al por menor de artículos para albercas y otros artículos | Comercio al por menor de pintura | Comercio al por menor de pisos y recubrimientos cerámicos | Comercio al por menor en ferreterías y tlapalerías | Comercio al por menor de vidrios y espejos,11.63306005,55.11854642,58.8193123,4491.059934
4,0,928363,4000,0,7376,0,0,0,NA,0,0,NA,NA
4,1,59232,4001,13661,59376,0.230076125,37,145,Comercio al por menor de vidrios y espejos | Comercio al por menor de materiales para la construcción en tiendas de autoservicio especializadas | Comercio al por menor de artículos para la limpieza | Comercio al por menor en ferreterías y tlapalerías | Comercio al por menor de pintura | Comercio al por menor de pisos y recubrimientos cerámicos,6.246623447,24.4800108,55.38128192,1716.690226
4,2,294077,4002,26519,294828,0.089947359,280,1348.5,Comercio al por menor en ferreterías y tlapalerías | Comercio al por menor de vidrios y espejos | Comercio al por menor de artículos para la limpieza | Comercio al por menor de pintura | Comercio al por menor de materiales para la construcción en tiendas de autoservicio especializadas | Comercio al por menor de artículos para albercas y otros artículos | Comercio al por menor de pisos y recubrimientos cerámicos,9.521315846,45.85533721,58.64070104,3217.077983
4,3,248845,4003,29659,251232,0.118054229,299,1305,Comercio al por menor de artículos para la limpieza | Comercio al por menor de vidrios y espejos | Comercio al por menor de pintura | Comercio al por menor en ferreterías y tlapalerías | Comercio al por menor de artículos para albercas y otros artículos | Comercio al por menor de pisos y recubrimientos cerámicos | Comercio al por menor de materiales para la construcción en tiendas de autoservicio especializadas,12.01551166,52.44228335,58.09508328,8542.602777
4,4,78170,4004,29324,78797,0.372146148,84,261,Comercio al por menor en ferreterías y tlapalerías | Comercio al por menor de vidrios y espejos | Comercio al por menor de pintura | Comercio al por menor de artículos para la limpieza | Comercio al por menor de pisos y recubrimientos cerámicos | Comercio al por menor de artículos para albercas y otros artículos,10.74581041,33.38876807,54.83259891,6539.399523
4,5,31917,4005,10891,31966,0.34070575,17,66,Comercio al por menor de vidrios y espejos | Comercio al por menor de artículos para la limpieza | Comercio al por menor en ferreterías y tlapalerías | Comercio al por menor de pintura,5.32631513,20.67863521,55.68600466,1265.514509
4,6,42140,4006,26288,42285,0.621686177,18,63,Comercio al por menor en ferreterías y tlapalerías | Comercio al por menor de artículos para la limpieza | Comercio al por menor de pintura,4.271476032,14.95016611,53.60265142,7734.005067
4,7,8683,4007,5198,9046,0.574618616,6,15,Comercio al por menor de pintura | Comercio al por menor de artículos para la limpieza | Comercio al por menor en ferreterías y tlapalerías | Comercio al por menor de vidrios y espejos,6.910054129,17.27513532,52.76030203,2181.411396
4,8,11452,4008,2704,11494,0.235253176,12,30,Comercio al por menor de pisos y recubrimientos cerámicos | Comercio al por menor en ferreterías y tlapalerías | Comercio al por menor de vidrios y espejos,10.47851904,26.19629759,55.18200785,1050.953181
4,9,59923,4009,24585,60663,0.405271747,78,247.5,Comercio al por menor en ferreterías y tlapalerías | Comercio al por menor de artículos para albercas y otros artículos | Comercio al por menor de artículos para la limpieza | Comercio al por menor de pisos y recubrimientos cerámicos | Comercio al por menor de pintura | Comercio al por menor de vidrios y espejos,13.01670477,41.30300552,54.89029564,4766.831549
4,10,31714,4010,25985,32105,0.809375487,18,50.5,Comercio al por menor en ferreterías y tlapalerías | Comercio al por menor de artículos para la limpieza | Comercio al por menor de pintura | Comercio al por menor de vidrios y espejos | Comercio al por menor de materiales para la construcción en tiendas de autoservicio especializadas,5.675726808,15.92356688,50.70937161,13946.06575
4,11,46913,4011,35792,48603,0.736415448,24,78,Comercio al por menor en ferreterías y tlapalerías | Comercio al por menor de pisos y recubrimientos cerámicos | Comercio al por menor de vidrios y espejos | Comercio al por menor de materiales para la construcción en tiendas de autoservicio especializadas | Comercio al por menor de pintura | Comercio al por menor de artículos para la limpieza,5.115852749,16.62652143,50.51393634,5657.999712
4,12,15297,4012,1170,15344,0.076251303,15,48.5,Comercio al por menor de artículos para la limpieza | Comercio al por menor en ferreterías y tlapalerías | Comercio al por menor de pintura | Comercio al por menor de artículos para albercas y otros artículos | Comercio al por menor de vidrios y espejos,9.805844283,31.70556318,55.87833198,287.8818811
5,0,3146771,5000,0,11541,0,0,0,NA,0,0,NA,NA
5,1,1022,5001,1022,1069,0.956033676,1,2.5,Comercio al por menor en ferreterías y tlapalerías,9.784735812,24.46183953,57.82014772,737.9565461
5,2,163058,5002,2833,163496,0.017327641,129,597.5,Comercio al por menor en ferreterías y tlapalerías | Comercio al por menor de artículos para la limpieza | Comercio al por menor de pintura | Comercio al por menor de vidrios y espejos | Comercio al por menor de pisos y recubrimientos cerámicos | Comercio al por menor de artículos para albercas y otros artículos,7.911295367,36.64340296,58.48171229,11461.26918
5,3,23056,5003,1680,23163,0.072529465,17,48,Comercio al por menor de pisos y recubrimientos cerámicos | Comercio al por menor de pintura | Comercio al por menor de artículos para la limpieza | Comercio al por menor en ferreterías y tlapalerías | Comercio al por menor de vidrios y espejos,7.373351839,20.81887578,59.793829,250.6253119
5,4,29578,5004,11468,30778,0.372603808,20,84.5,Comercio al por menor de artículos para la limpieza | Comercio al por menor en ferreterías y tlapalerías | Comercio al por menor de materiales para la construcción en tiendas de autoservicio especializadas | Comercio al por menor de vidrios y espejos,6.761782406,28.56853066,58.04498696,1619.153127
5,5,1643,5005,1643,1653,0.993950393,1,2.5,Comercio al por menor en ferreterías y tlapalerías,6.086427267,15.21606817,55.91949173,2102.816512
5,6,29128,5006,1814,29293,0.061926057,29,112.5,Comercio al por menor en ferreterías y tlapalerías | Comercio al por menor de pintura | Comercio al por menor de vidrios y espejos,9.956056029,38.62263115,59.31062396,3316.091647
5,7,12715,5007,2320,12906,0.179761351,13,38,Comercio al por menor en ferreterías y tlapalerías | Comercio al por menor de artículos para albercas y otros artículos | Comercio al por menor de artículos para la limpieza | Comercio al por menor de pintura,10.22414471,29.88596146,57.22051435,10588.64956
5,8,3047,5008,3047,3085,0.987682334,0,0,NA,0,0,56.44349392,1018.163455
5,9,59035,5009,23552,59269,0.397374682,56,185.5,Comercio al por menor de artículos para la limpieza | Comercio al por menor en ferreterías y tlapalerías | Comercio al por menor de artículos para albercas y otros artículos | Comercio al por menor de pintura | Comercio al por menor de pisos y recubrimientos cerámicos | Comercio al por menor de vidrios y espejos,9.485898196,31.42203777,57.82467348,2786.113608
5,10,82409,5010,4578,82485,0.055501,92,304.5,Comercio al por menor de artículos para albercas y otros artículos | Comercio al por menor de pisos y recubrimientos cerámicos | Comercio al por menor de pintura | Comercio al por menor en ferreterías y tlapalerías | Comercio al por menor de vidrios y espejos | Comercio al por menor de artículos para la limpieza,11.16382919,36.94984771,60.08427096,454.0912488
5,11,11898,5011,6363,12186,0.522156573,5,36,Comercio al por menor en ferreterías y tlapalerías | Comercio al por menor de artículos para la limpieza | Comercio al por menor de vidrios y espejos,4.202386956,30.25718608,57.12100159,2615.303417
5,12,1643,5012,1643,1868,0.879550321,0,0,NA,0,0,55.6679088,2913.403627
5,13,1735,5013,1735,1787,0.970900951,2,5,Comercio al por menor en ferreterías y tlapalerías,11.52737752,28.8184438,56.07160908,1123.853296
5,14,9502,5014,6199,9933,0.624081345,2,5,Comercio al por menor en ferreterías y tlapalerías,2.104820038,5.262050095,55.40321239,2197.065712
5,15,1584,5015,1584,1667,0.950209958,2,5,Comercio al por menor en ferreterías y tlapalerías,12.62626263,31.56565657,56.67700261,2444.037961
5,16,1764,5016,1764,1785,0.988235294,4,10,Comercio al por menor en ferreterías y tlapalerías | Comercio al por menor de artículos para la limpieza,22.67573696,56.6893424,57.32618556,668.7009129
5,17,118337,5017,41051,119112,0.344642018,92,304.5,Comercio al por menor de artículos para albercas y otros artículos | Comercio al por menor de vidrios y espejos | Comercio al por menor en ferreterías y tlapalerías | Comercio al por menor de materiales para la construcción en tiendas de autoservicio especializadas | Comercio al por menor de pintura | Comercio al por menor de artículos para la limpieza | Comercio al por menor de pisos y recubrimientos cerámicos,7.77440699,25.73159705,58.18040041,798.2710139
5,18,237951,5018,782,238211,0.003282804,307,1350,Comercio al por menor en ferreterías y tlapalerías | Comercio al por menor de pintura | Comercio al por menor de artículos para albercas y otros artículos | Comercio al por menor de pisos y recubrimientos cerámicos | Comercio al por menor de vidrios y espejos | Comercio al por menor de artículos para la limpieza | Comercio al por menor de materiales para la construcción en tiendas de autoservicio especializadas,12.90181592,56.73436968,60.47683006,1242.170866
5,19,7928,5019,1208,8082,0.149467953,10,36,Comercio al por menor en ferreterías y tlapalerías | Comercio al por menor de artículos para albercas y otros artículos | Comercio al por menor de vidrios y espejos,12.6135217,45.4086781,59.4673507,636.6604774
5,20,71627,5020,4380,72141,0.060714434,39,148.5,Comercio al por menor en ferreterías y tlapalerías | Comercio al por menor de pisos y recubrimientos cerámicos | Comercio al por menor de pintura | Comercio al por menor de artículos para la limpieza | Comercio al por menor de vidrios y espejos,5.44487414,20.73240538,58.90496136,8258.300938
5,21,6539,5021,2013,6627,0.303757356,6,15,Comercio al por menor en ferreterías y tlapalerías | Comercio al por menor de artículos para la limpieza,9.175714941,22.93928735,57.75279376,711.7375789
5,22,33129,5022,916,33364,0.027454742,20,72,Comercio al por menor en ferreterías y tlapalerías | Comercio al por menor de pintura | Comercio al por menor de materiales para la construcción en tiendas de autoservicio especializadas | Comercio al por menor de vidrios y espejos,6.037006852,21.73322467,58.95548212,904.856155
5,23,9642,5023,5991,9850,0.60822335,9,22.5,Comercio al por menor en ferreterías y tlapalerías | Comercio al por menor de artículos para la limpieza,9.334163037,23.33540759,55.12789598,25898.8648
5,24,44472,5024,9674,44782,0.216024295,29,101.5,Comercio al por menor en ferreterías y tlapalerías | Comercio al por menor de artículos para la limpieza | Comercio al por menor de artículos para albercas y otros artículos | Comercio al por menor de pintura | Comercio al por menor de vidrios y espejos,6.520957007,22.82334952,57.94772979,10517.78111
5,25,176327,5025,2368,177451,0.013344529,121,930,Comercio al por menor en ferreterías y tlapalerías | Comercio al por menor de artículos para la limpieza | Comercio al por menor de pintura | Comercio al por menor de vidrios y espejos | Comercio al por menor de artículos para albercas y otros artículos | Comercio al por menor de pisos y recubrimientos cerámicos | Comercio al por menor de materiales para la construcción en tiendas de autoservicio especializadas,6.862250251,52.74291515,59.27275589,473.2432706
5,26,3239,5026,3239,3284,0.986297199,0,0,NA,0,0,56.46383023,2868.304769
5,27,122243,5027,8233,123816,0.06649383,105,424,Comercio al por menor de vidrios y espejos | Comercio al por menor en ferreterías y tlapalerías | Comercio al por menor de artículos para la limpieza | Comercio al por menor de pintura | Comercio al por menor de pisos y recubrimientos cerámicos,8.589448885,34.68501264,60.16500884,6692.502748
5,28,64811,5028,2168,64980,0.033364112,63,471.5,Comercio al por menor en ferreterías y tlapalerías | Comercio al por menor de artículos para albercas y otros artículos | Comercio al por menor de artículos para la limpieza | Comercio al por menor de pintura | Comercio al por menor de vidrios y espejos | Comercio al por menor de pisos y recubrimientos cerámicos,9.720572125,72.74999614,59.75115203,1966.329286
5,29,2471,5029,2471,2505,0.986427146,3,7.5,Comercio al por menor en ferreterías y tlapalerías,12.14083367,30.35208418,57.44330736,287.2283102
5,30,879958,5030,15527,880601,0.017632276,752,3547,Comercio al por menor de artículos para albercas y otros artículos | Comercio al por menor de artículos para la limpieza | Comercio al por menor en ferreterías y tlapalerías | Comercio al por menor de vidrios y espejos | Comercio al por menor de pintura | Comercio al por menor de materiales para la construcción en tiendas de autoservicio especializadas | Comercio al por menor de pisos y recubrimientos cerámicos,8.545862416,40.30874201,60.73750406,5562.305168
5,31,24759,5031,1346,24989,0.0538637,36,112,Comercio al por menor de artículos para albercas y otros artículos | Comercio al por menor de pisos y recubrimientos cerámicos | Comercio al por menor en ferreterías y tlapalerías | Comercio al por menor de artículos para la limpieza | Comercio al por menor de pintura | Comercio al por menor de vidrios y espejos,14.54016721,45.23607577,59.96137059,6409.457546
5,32,42260,5032,3202,42405,0.075509963,37,175.5,Comercio al por menor de pintura | Comercio al por menor de vidrios y espejos | Comercio al por menor de artículos para la limpieza | Comercio al por menor en ferreterías y tlapalerías | Comercio al por menor de pisos y recubrimientos cerámicos,8.755324184,41.52863228,59.75798866,798.6696707
5,33,101041,5033,40871,101622,0.402186534,65,219,Comercio al por menor en ferreterías y tlapalerías | Comercio al por menor de pintura | Comercio al por menor de artículos para albercas y otros artículos | Comercio al por menor de pisos y recubrimientos cerámicos | Comercio al por menor de artículos para la limpieza | Comercio al por menor de vidrios y espejos,6.433032135,21.67436981,57.05940654,7080.248248
5,34,6744,5034,2171,6904,0.314455388,2,5,Comercio al por menor en ferreterías y tlapalerías,2.965599051,7.413997628,57.90453745,7873.537951
5,35,720848,5035,22355,720927,0.031008687,891,4935,Comercio al por menor de pisos y recubrimientos cerámicos | Comercio al por menor en ferreterías y tlapalerías | Comercio al por menor de artículos para la limpieza | Comercio al por menor de artículos para albercas y otros artículos | Comercio al por menor de vidrios y espejos | Comercio al por menor de pintura | Comercio al por menor de materiales para la construcción en tiendas de autoservicio especializadas,12.36044215,68.46103478,60.28842072,1269.844253
5,36,20305,5036,16783,20416,0.822051332,4,10,Comercio al por menor en ferreterías y tlapalerías,1.969958138,4.924895346,54.85882923,4357.684067
5,37,6188,5037,745,6303,0.118197684,5,12.5,Comercio al por menor en ferreterías y tlapalerías | Comercio al por menor de vidrios y espejos,8.080155139,20.20038785,58.33770082,1846.080356
5,38,13135,5038,1985,13517,0.146852112,17,66,Comercio al por menor en ferreterías y tlapalerías | Comercio al por menor de artículos para la limpieza | Comercio al por menor de pintura | Comercio al por menor de vidrios y espejos,12.94251998,50.24743053,57.76823328,7919.849299
6,0,731391,6000,0,3775,0,0,0,NA,0,0,NA,NA
6,1,27626,6001,5867,27832,0.210800517,24,78,Comercio al por menor de vidrios y espejos | Comercio al por menor en ferreterías y tlapalerías | Comercio al por menor de artículos para la limpieza | Comercio al por menor de pintura,8.687468327,28.23427206,56.40592374,417.3010364
6,2,157048,6002,10083,157482,0.064026365,243,1281,Comercio al por menor en ferreterías y tlapalerías | Comercio al por menor de vidrios y espejos | Comercio al por menor de artículos para la limpieza | Comercio al por menor de artículos para albercas y otros artículos | Comercio al por menor de pisos y recubrimientos cerámicos | Comercio al por menor de pintura | Comercio al por menor de materiales para la construcción en tiendas de autoservicio especializadas,15.47297641,81.56741888,59.77117554,741.7185376
6,3,21661,6003,7176,21925,0.327297605,15,37.5,Comercio al por menor de artículos para la limpieza | Comercio al por menor en ferreterías y tlapalerías | Comercio al por menor de pintura,6.924888048,17.31222012,57.1625072,312.203959
6,4,20837,6004,5945,21096,0.281806978,13,38,Comercio al por menor de pintura | Comercio al por menor en ferreterías y tlapalerías | Comercio al por menor de artículos para la limpieza | Comercio al por menor de vidrios y espejos,6.238901953,18.23679032,57.12519163,497.3053047
6,5,31267,6005,8262,31473,0.262510723,30,91.5,Comercio al por menor de vidrios y espejos | Comercio al por menor en ferreterías y tlapalerías | Comercio al por menor de pisos y recubrimientos cerámicos | Comercio al por menor de artículos para la limpieza | Comercio al por menor de pintura,9.594780439,29.26408034,58.17007844,409.7374246
6,6,5623,6006,2638,5691,0.463538921,4,15.5,Comercio al por menor de vidrios y espejos | Comercio al por menor en ferreterías y tlapalerías | Comercio al por menor de artículos para la limpieza,7.113640405,27.56535657,55.02897602,375.0146967
6,7,191031,6007,18872,191645,0.098473741,239,961.5,Comercio al por menor de pisos y recubrimientos cerámicos | Comercio al por menor en ferreterías y tlapalerías | Comercio al por menor de artículos para albercas y otros artículos | Comercio al por menor de vidrios y espejos | Comercio al por menor de artículos para la limpieza | Comercio al por menor de pintura | Comercio al por menor de materiales para la construcción en tiendas de autoservicio especializadas,12.51105841,50.33214504,59.754741,1378.871281
6,8,10231,6008,4156,10291,0.403848023,4,10,Comercio al por menor en ferreterías y tlapalerías | Comercio al por menor de artículos para la limpieza,3.909686248,9.774215619,57.38053299,412.5410032
6,9,116305,6009,7427,117829,0.063032021,117,640,Comercio al por menor de vidrios y espejos | Comercio al por menor de artículos para la limpieza | Comercio al por menor en ferreterías y tlapalerías | Comercio al por menor de artículos para albercas y otros artículos | Comercio al por menor de pisos y recubrimientos cerámicos | Comercio al por menor de pintura | Comercio al por menor de materiales para la construcción en tiendas de autoservicio especializadas,10.05975667,55.02772882,57.19542163,923.546852
6,10,149762,6010,2266,149902,0.015116543,180,709.5,Comercio al por menor de vidrios y espejos | Comercio al por menor de artículos para la limpieza | Comercio al por menor en ferreterías y tlapalerías | Comercio al por menor de pintura | Comercio al por menor de artículos para albercas y otros artículos | Comercio al por menor de pisos y recubrimientos cerámicos | Comercio al por menor de materiales para la construcción en tiendas de autoservicio especializadas,12.01907026,47.3751686,60.51209222,285.8826028
7,0,5543828,7000,0,48028,0,0,0,NA,0,0,NA,NA
7,1,17994,7001,9902,18263,0.542189126,13,38,Comercio al por menor en ferreterías y tlapalerías | Comercio al por menor de pintura | Comercio al por menor de vidrios y espejos,7.224630432,21.11815049,53.29079047,250.2237606
7,2,21187,7002,6186,21474,0.288069293,15,43,Comercio al por menor en ferreterías y tlapalerías | Comercio al por menor de pintura | Comercio al por menor de vidrios y espejos,7.079813093,20.2954642,53.30094969,305.6898259
7,3,26899,7003,20652,27477,0.751610438,20,55.5,Comercio al por menor en ferreterías y tlapalerías | Comercio al por menor de pintura | Comercio al por menor de artículos para la limpieza | Comercio al por menor de vidrios y espejos,7.43522064,20.63273728,52.1499493,565.6701717
7,4,36160,7004,25542,36391,0.701876838,18,68.5,Comercio al por menor en ferreterías y tlapalerías | Comercio al por menor de artículos para la limpieza | Comercio al por menor de artículos para albercas y otros artículos | Comercio al por menor de vidrios y espejos,4.977876106,18.94358407,49.78406614,958.1847619
7,5,24512,7005,20185,24640,0.819196429,4,15.5,Comercio al por menor en ferreterías y tlapalerías | Comercio al por menor de vidrios y espejos,1.631853786,6.32343342,48.75932508,316.0619312
7,6,31735,7006,25915,31762,0.815912096,7,23,Comercio al por menor en ferreterías y tlapalerías | Comercio al por menor de artículos para la limpieza,2.205766504,7.247518513,52.22960123,255.6220142
7,7,11283,7007,5363,11293,0.474895953,4,10,Comercio al por menor en ferreterías y tlapalerías | Comercio al por menor de pintura,3.54515643,8.862891075,45.9819462,152.6776542
7,8,31947,7008,13262,32197,0.41190173,24,101.5,Comercio al por menor en ferreterías y tlapalerías | Comercio al por menor de pintura | Comercio al por menor de artículos para la limpieza | Comercio al por menor de vidrios y espejos,7.512442483,31.77137133,51.54725808,585.0568585
7,9,41135,7009,12227,41854,0.292134563,54,240.5,Comercio al por menor de vidrios y espejos | Comercio al por menor de artículos para la limpieza | Comercio al por menor en ferreterías y tlapalerías | Comercio al por menor de pisos y recubrimientos cerámicos | Comercio al por menor de pintura,13.12750699,58.4660265,54.57933519,811.7606813
7,10,7365,7010,7365,7379,0.998102724,0,0,NA,0,0,49.77566979,79.38487338
7,11,20157,7011,20157,20205,0.99762435,5,12.5,Comercio al por menor en ferreterías y tlapalerías,2.480527856,6.201319641,51.50977904,215.394592
7,12,64632,7012,18670,65623,0.284503909,61,210.5,Comercio al por menor en ferreterías y tlapalerías | Comercio al por menor de artículos para la limpieza | Comercio al por menor de pintura | Comercio al por menor de vidrios y espejos,9.438049264,32.56900607,53.29881139,352.8157552
7,13,37263,7013,23063,37276,0.618709089,25,141,Comercio al por menor en ferreterías y tlapalerías | Comercio al por menor de pintura | Comercio al por menor de materiales para la construcción en tiendas de autoservicio especializadas | Comercio al por menor de artículos para la limpieza | Comercio al por menor de vidrios y espejos,6.709067976,37.83914339,52.02246674,365.8690557
7,14,24273,7014,12643,24347,0.51928369,4,10,Comercio al por menor en ferreterías y tlapalerías | Comercio al por menor de artículos para la limpieza,1.647921559,4.119803897,50.09444703,159.4331467
7,15,50112,7015,25608,50253,0.509581518,35,93,Comercio al por menor en ferreterías y tlapalerías | Comercio al por menor de artículos para la limpieza | Comercio al por menor de pintura | Comercio al por menor de vidrios y espejos,6.984355045,18.55842912,54.57507319,175.9733165
7,16,17619,7016,14275,18061,0.790377056,12,30,Comercio al por menor de vidrios y espejos | Comercio al por menor en ferreterías y tlapalerías | Comercio al por menor de artículos para la limpieza,6.810829218,17.02707305,52.12988069,629.110679
7,17,88106,7017,35436,91311,0.388080297,62,225.5,Comercio al por menor en ferreterías y tlapalerías | Comercio al por menor de pintura | Comercio al por menor de artículos para la limpieza | Comercio al por menor de artículos para albercas y otros artículos | Comercio al por menor de vidrios y espejos,7.036978185,25.59417066,53.77992517,2447.895979
7,18,9900,7018,6130,9932,0.617196939,9,22.5,Comercio al por menor de artículos para la limpieza | Comercio al por menor en ferreterías y tlapalerías,9.090909091,22.72727273,52.26514583,155.2285516
7,19,166178,7019,49958,166729,0.299635936,287,1016,Comercio al por menor en ferreterías y tlapalerías | Comercio al por menor de artículos para la limpieza | Comercio al por menor de pintura | Comercio al por menor de pisos y recubrimientos cerámicos | Comercio al por menor de materiales para la construcción en tiendas de autoservicio especializadas | Comercio al por menor de artículos para albercas y otros artículos | Comercio al por menor de vidrios y espejos,17.27063751,61.13926031,54.96832559,982.5006761
7,20,49920,7020,32620,51926,0.628201672,16,40,Comercio al por menor de pintura | Comercio al por menor en ferreterías y tlapalerías | Comercio al por menor de vidrios y espejos | Comercio al por menor de artículos para la limpieza,3.205128205,8.012820513,50.34527378,2587.889042
7,21,22192,7021,15067,22384,0.673114725,18,50.5,Comercio al por menor en ferreterías y tlapalerías | Comercio al por menor de pintura | Comercio al por menor de artículos para la limpieza | Comercio al por menor de vidrios y espejos,8.111031002,22.75594809,53.17864713,346.9358423
7,22,21915,7022,21915,21915,1,7,17.5,Comercio al por menor en ferreterías y tlapalerías,3.194159252,7.985398129,37.80694596,185.6224275
7,23,101967,7023,97240,101970,0.953613808,25,79,Comercio al por menor en ferreterías y tlapalerías | Comercio al por menor de pintura | Comercio al por menor de pisos y recubrimientos cerámicos | Comercio al por menor de vidrios y espejos,2.451773613,7.747604617,46.32784658,345.4968733
7,24,13678,7024,4145,13678,0.30304138,7,23,Comercio al por menor en ferreterías y tlapalerías | Comercio al por menor de vidrios y espejos,5.117707267,16.81532388,46.43788361,408.0842072
7,25,7472,7025,3974,7496,0.530149413,6,15,Comercio al por menor en ferreterías y tlapalerías | Comercio al por menor de pintura | Comercio al por menor de vidrios y espejos,8.029978587,20.07494647,51.50449247,181.5390073
7,26,47371,7026,43002,47397,0.907272612,4,15.5,Comercio al por menor en ferreterías y tlapalerías,0.844398472,3.272044078,45.42930806,251.845827
7,27,112075,7027,45491,113027,0.402479054,64,160,Comercio al por menor en ferreterías y tlapalerías | Comercio al por menor de pintura | Comercio al por menor de vidrios y espejos | Comercio al por menor de artículos para albercas y otros artículos | Comercio al por menor de artículos para la limpieza,5.710461744,14.27615436,55.03709267,791.7538689
7,28,6156,7028,1827,6160,0.296590909,4,10,Comercio al por menor en ferreterías y tlapalerías,6.497725796,16.24431449,51.66518836,51.59154502
7,29,5402,7029,1455,5409,0.268996118,4,10,Comercio al por menor en ferreterías y tlapalerías | Comercio al por menor de vidrios y espejos,7.404664939,18.51166235,53.41113384,115.5537875
7,30,36785,7030,26356,37154,0.709371804,15,37.5,Comercio al por menor en ferreterías y tlapalerías | Comercio al por menor de vidrios y espejos | Comercio al por menor de artículos para la limpieza | Comercio al por menor de pintura,4.077749083,10.19437271,50.6852195,1003.006791
7,31,137262,7031,115210,137479,0.838018897,22,96.5,Comercio al por menor de pintura | Comercio al por menor en ferreterías y tlapalerías | Comercio al por menor de artículos para la limpieza | Comercio al por menor de vidrios y espejos,1.602774257,7.030350716,45.2557776,1676.912016
7,32,30896,7032,20272,31198,0.649785243,29,94.5,Comercio al por menor de artículos para la limpieza | Comercio al por menor en ferreterías y tlapalerías | Comercio al por menor de pintura | Comercio al por menor de vidrios y espejos,9.386328327,30.58648369,52.58200176,420.6612724
7,33,7245,7033,7245,7260,0.997933884,1,2.5,Comercio al por menor en ferreterías y tlapalerías,1.38026225,3.450655625,49.97405719,210.2519534
7,34,80897,7034,52312,81394,0.642700936,73,204.5,Comercio al por menor de pisos y recubrimientos cerámicos | Comercio al por menor de pintura | Comercio al por menor de vidrios y espejos | Comercio al por menor en ferreterías y tlapalerías | Comercio al por menor de artículos para la limpieza,9.023820414,25.27905856,53.31064612,769.9339537
7,35,14556,7035,7772,14656,0.53029476,8,20,Comercio al por menor en ferreterías y tlapalerías,5.496015389,13.74003847,52.33290332,95.18610355
7,36,7701,7036,7701,7711,0.998703151,5,12.5,Comercio al por menor en ferreterías y tlapalerías,6.49266329,16.23165823,52.05993739,49.09633619
7,37,36333,7037,21037,36435,0.577384383,15,48.5,Comercio al por menor en ferreterías y tlapalerías | Comercio al por menor de pintura | Comercio al por menor de artículos para la limpieza | Comercio al por menor de vidrios y espejos | Comercio al por menor de artículos para albercas y otros artículos,4.128478243,13.34874632,52.5506286,306.4528751
7,38,22975,7038,22975,22975,1,4,15.5,Comercio al por menor en ferreterías y tlapalerías,1.741022851,6.746463547,48.53156085,311.7348684
7,39,27893,7039,24385,27961,0.872107578,5,18,Comercio al por menor en ferreterías y tlapalerías,1.792564443,6.453231994,48.92101111,339.4238271
7,40,53242,7040,21133,53934,0.391830756,58,284.5,Comercio al por menor de artículos para la limpieza | Comercio al por menor de pintura | Comercio al por menor en ferreterías y tlapalerías | Comercio al por menor de artículos para albercas y otros artículos | Comercio al por menor de vidrios y espejos,10.89365538,53.43525788,54.48848255,400.2579031
7,41,46409,7041,31429,46476,0.676241501,29,83.5,Comercio al por menor en ferreterías y tlapalerías | Comercio al por menor de artículos para la limpieza | Comercio al por menor de pintura | Comercio al por menor de vidrios y espejos,6.248787951,17.99219979,52.2893584,516.884699
7,42,11377,7042,7703,11435,0.673633581,5,12.5,Comercio al por menor en ferreterías y tlapalerías,4.394831678,10.98707919,52.94771101,94.43409489
7,43,10961,7043,5652,11043,0.511817441,5,12.5,Comercio al por menor de pintura | Comercio al por menor en ferreterías y tlapalerías | Comercio al por menor de artículos para la limpieza,4.561627589,11.40406897,53.46596442,125.2865086
7,44,28999,7044,22518,29087,0.774160278,14,46,Comercio al por menor de pintura | Comercio al por menor en ferreterías y tlapalerías | Comercio al por menor de pisos y recubrimientos cerámicos | Comercio al por menor de artículos para la limpieza | Comercio al por menor de vidrios y espejos,4.827752681,15.86261595,51.6527299,279.8027486
7,45,6284,7045,6284,6312,0.995564005,0,0,NA,0,0,51.05704927,107.2566089
7,46,41063,7046,26894,42117,0.638554503,20,73.5,Comercio al por menor en ferreterías y tlapalerías | Comercio al por menor de vidrios y espejos | Comercio al por menor de materiales para la construcción en tiendas de autoservicio especializadas | Comercio al por menor de pintura | Comercio al por menor de artículos para la limpieza | Comercio al por menor de artículos para albercas y otros artículos,4.870564742,17.89932543,53.43212897,1306.276097
7,47,24966,7047,13716,24996,0.548727796,12,35.5,Comercio al por menor de pisos y recubrimientos cerámicos | Comercio al por menor en ferreterías y tlapalerías | Comercio al por menor de artículos para la limpieza | Comercio al por menor de pintura | Comercio al por menor de vidrios y espejos,4.80653689,14.2193383,52.51911488,235.6147492
7,48,21807,7048,13998,21807,0.641903976,15,37.5,Comercio al por menor en ferreterías y tlapalerías | Comercio al por menor de pintura | Comercio al por menor de artículos para la limpieza | Comercio al por menor de vidrios y espejos,6.878525244,17.19631311,53.71615258,742.2759433
7,49,31259,7049,27305,31259,0.87350843,18,45,Comercio al por menor en ferreterías y tlapalerías | Comercio al por menor de vidrios y espejos | Comercio al por menor de pintura | Comercio al por menor de artículos para la limpieza,5.758341598,14.39585399,50.50896467,149.1169874
7,50,5232,7050,5232,5377,0.97303329,1,2.5,Comercio al por menor en ferreterías y tlapalerías,1.911314985,4.778287462,52.69282059,456.435991
7,51,46130,7051,26859,47801,0.561892011,41,162,Comercio al por menor en ferreterías y tlapalerías | Comercio al por menor de materiales para la construcción en tiendas de autoservicio especializadas | Comercio al por menor de pintura | Comercio al por menor de artículos para la limpieza | Comercio al por menor de vidrios y espejos | Comercio al por menor de pisos y recubrimientos cerámicos,8.887925428,35.11814437,53.08376298,1230.801452
7,52,141027,7052,107831,141520,0.761948841,76,195.5,Comercio al por menor en ferreterías y tlapalerías | Comercio al por menor de pintura | Comercio al por menor de artículos para la limpieza | Comercio al por menor de vidrios y espejos | Comercio al por menor de artículos para albercas y otros artículos,5.389038978,13.86259369,49.1299086,3028.612186
7,53,7901,7053,7901,7936,0.995589718,1,2.5,Comercio al por menor en ferreterías y tlapalerías,1.265662574,3.164156436,52.54624044,111.2912681
7,54,28250,7054,16031,28548,0.561545467,16,45.5,Comercio al por menor en ferreterías y tlapalerías | Comercio al por menor de artículos para la limpieza | Comercio al por menor de pintura | Comercio al por menor de vidrios y espejos,5.663716814,16.10619469,52.38102558,387.9496484
7,55,5876,7055,3016,5879,0.513012417,5,23.5,Comercio al por menor en ferreterías y tlapalerías | Comercio al por menor de artículos para la limpieza,8.509189925,39.99319265,53.71720613,23.02423967
7,56,13755,7056,13755,13755,1,1,2.5,Comercio al por menor en ferreterías y tlapalerías,0.727008361,1.817520901,45.5708331,36.62183988
7,57,76398,7057,45853,76769,0.597285363,67,184,Comercio al por menor de artículos para la limpieza | Comercio al por menor de pisos y recubrimientos cerámicos | Comercio al por menor en ferreterías y tlapalerías | Comercio al por menor de pintura | Comercio al por menor de artículos para albercas y otros artículos | Comercio al por menor de vidrios y espejos,8.769863085,24.08440012,53.00439351,589.747803
7,58,4765,7058,0,4765,0,2,5,Comercio al por menor en ferreterías y tlapalerías,4.197271773,10.49317943,51.48576306,29.65070237
7,59,234661,7059,160225,237669,0.674151867,136,446.5,Comercio al por menor de vidrios y espejos | Comercio al por menor en ferreterías y tlapalerías | Comercio al por menor de materiales para la construcción en tiendas de autoservicio especializadas | Comercio al por menor de pisos y recubrimientos cerámicos | Comercio al por menor de pintura | Comercio al por menor de artículos para la limpieza | Comercio al por menor de artículos para albercas y otros artículos,5.795594496,19.02744811,47.06425898,9609.664215
7,60,14088,7060,8758,14088,0.621663827,7,17.5,Comercio al por menor en ferreterías y tlapalerías,4.968767746,12.42191936,48.79837965,61.20184122
7,61,97397,7061,49446,99729,0.495803628,54,219,Comercio al por menor de pintura | Comercio al por menor en ferreterías y tlapalerías | Comercio al por menor de vidrios y espejos | Comercio al por menor de materiales para la construcción en tiendas de autoservicio especializadas | Comercio al por menor de artículos para la limpieza,5.544318614,22.48529215,52.78962899,2089.277734
7,62,18469,7062,15328,18657,0.821568312,7,17.5,Comercio al por menor de artículos para la limpieza | Comercio al por menor en ferreterías y tlapalerías,3.790134821,9.475337051,51.64893568,598.1358539
7,63,3983,7063,3983,4001,0.995501125,2,5,Comercio al por menor en ferreterías y tlapalerías,5.021340698,12.55335174,54.5640098,92.50847665
7,64,54932,7064,40951,54970,0.744969984,17,42.5,Comercio al por menor de pintura | Comercio al por menor en ferreterías y tlapalerías | Comercio al por menor de vidrios y espejos,3.094735309,7.736838273,40.83405591,417.6082941
7,65,132265,7065,80468,133715,0.601787384,115,392.5,Comercio al por menor de vidrios y espejos | Comercio al por menor de artículos para la limpieza | Comercio al por menor en ferreterías y tlapalerías | Comercio al por menor de pisos y recubrimientos cerámicos | Comercio al por menor de artículos para albercas y otros artículos | Comercio al por menor de pintura | Comercio al por menor de materiales para la construcción en tiendas de autoservicio especializadas,8.694666011,29.67527313,52.67416693,2888.58837
7,66,26391,7066,17762,26495,0.67039064,8,20,Comercio al por menor en ferreterías y tlapalerías | Comercio al por menor de pintura,3.03133644,7.578341101,45.49355975,192.8554611
7,67,12266,7067,12266,12302,0.997073647,2,10.5,Comercio al por menor en ferreterías y tlapalerías,1.630523398,8.56024784,49.72452035,105.7959977
7,68,31919,7068,16675,32005,0.521012342,27,73,Comercio al por menor de artículos para la limpieza | Comercio al por menor en ferreterías y tlapalerías | Comercio al por menor de pintura | Comercio al por menor de artículos para albercas y otros artículos | Comercio al por menor de vidrios y espejos,8.45891162,22.87039068,53.86889796,593.0850377
7,69,51193,7069,32974,53692,0.614132459,30,108,Comercio al por menor de pintura | Comercio al por menor en ferreterías y tlapalerías | Comercio al por menor de pisos y recubrimientos cerámicos | Comercio al por menor de artículos para la limpieza | Comercio al por menor de vidrios y espejos,5.860176196,21.09663431,52.2159881,1770.664537
7,70,12263,7070,12263,12277,0.998859656,11,27.5,Comercio al por menor en ferreterías y tlapalerías | Comercio al por menor de pintura | Comercio al por menor de vidrios y espejos,8.970072576,22.42518144,52.98519641,83.38152077
7,71,30297,7071,22075,31688,0.696635951,18,45,Comercio al por menor en ferreterías y tlapalerías | Comercio al por menor de artículos para albercas y otros artículos | Comercio al por menor de pintura | Comercio al por menor de artículos para la limpieza,5.941182295,14.85295574,52.17122421,449.9281047
7,72,29636,7072,16831,29703,0.5666431,18,45,Comercio al por menor de artículos para la limpieza | Comercio al por menor de pintura | Comercio al por menor en ferreterías y tlapalerías | Comercio al por menor de vidrios y espejos | Comercio al por menor de pisos y recubrimientos cerámicos,6.073694156,15.18423539,50.39483685,177.8610946
7,73,10866,7073,4006,10930,0.366514181,15,37.5,Comercio al por menor en ferreterías y tlapalerías | Comercio al por menor de pintura | Comercio al por menor de artículos para la limpieza | Comercio al por menor de vidrios y espejos,13.80452789,34.51131971,51.47446842,65.01777529
7,74,44829,7074,15811,44829,0.3526958,46,137,Comercio al por menor de pisos y recubrimientos cerámicos | Comercio al por menor de artículos para la limpieza | Comercio al por menor en ferreterías y tlapalerías | Comercio al por menor de pintura | Comercio al por menor de vidrios y espejos | Comercio al por menor de artículos para albercas y otros artículos,10.26121484,30.56057463,56.28364312,434.3458569
7,75,28829,7075,7635,29058,0.262750361,31,83,Comercio al por menor de pintura | Comercio al por menor en ferreterías y tlapalerías | Comercio al por menor de pisos y recubrimientos cerámicos | Comercio al por menor de artículos para la limpieza | Comercio al por menor de artículos para albercas y otros artículos | Comercio al por menor de vidrios y espejos,10.75306115,28.79045406,50.0594557,235.8573681
7,76,29889,7076,23699,29896,0.792714744,5,12.5,Comercio al por menor en ferreterías y tlapalerías,1.672856235,4.182140587,48.93613785,250.116457
7,77,64251,7077,58070,64707,0.897429953,10,48.5,Comercio al por menor en ferreterías y tlapalerías | Comercio al por menor de pintura | Comercio al por menor de vidrios y espejos,1.556396009,7.548520646,48.09268292,1233.630911
7,78,215874,7078,32365,215899,0.149908059,376,1260,Comercio al por menor de pintura | Comercio al por menor de vidrios y espejos | Comercio al por menor de artículos para la limpieza | Comercio al por menor en ferreterías y tlapalerías | Comercio al por menor de artículos para albercas y otros artículos | Comercio al por menor de pisos y recubrimientos cerámicos | Comercio al por menor de materiales para la construcción en tiendas de autoservicio especializadas,17.41756766,58.36738097,55.83290404,395.4164171
7,79,41793,7079,26483,42145,0.628378218,16,51,Comercio al por menor en ferreterías y tlapalerías | Comercio al por menor de vidrios y espejos | Comercio al por menor de pintura | Comercio al por menor de artículos para la limpieza,3.828392315,12.2030005,53.24670587,360.3346372
7,80,25937,7080,22292,25949,0.859069714,12,30,Comercio al por menor en ferreterías y tlapalerías | Comercio al por menor de artículos para la limpieza | Comercio al por menor de vidrios y espejos,4.626595211,11.56648803,50.85047603,387.7066814
7,81,52935,7081,32322,53043,0.609354675,26,65,Comercio al por menor de pintura | Comercio al por menor de materiales para la construcción en tiendas de autoservicio especializadas | Comercio al por menor en ferreterías y tlapalerías | Comercio al por menor de vidrios y espejos | Comercio al por menor de artículos para la limpieza,4.911684141,12.27921035,48.69870569,314.3647234
7,82,15518,7082,15518,15631,0.992770776,4,28,Comercio al por menor en ferreterías y tlapalerías,2.577651759,18.04356231,35.90172992,105.5847893
7,83,19092,7083,13848,19255,0.719189821,13,38,Comercio al por menor en ferreterías y tlapalerías | Comercio al por menor de materiales para la construcción en tiendas de autoservicio especializadas | Comercio al por menor de artículos para la limpieza | Comercio al por menor de vidrios y espejos,6.809134716,19.90362455,51.83890022,636.2835684
7,84,8561,7084,8561,8666,0.987883683,5,12.5,Comercio al por menor de vidrios y espejos | Comercio al por menor de pintura | Comercio al por menor en ferreterías y tlapalerías,5.840439201,14.601098,52.3585588,156.3919
7,85,10890,7085,2896,10904,0.265590609,4,15.5,Comercio al por menor en ferreterías y tlapalerías | Comercio al por menor de artículos para la limpieza,3.673094582,14.23324151,52.45750144,96.2920775
7,86,25627,7086,3273,25935,0.126200116,27,73,Comercio al por menor en ferreterías y tlapalerías | Comercio al por menor de vidrios y espejos | Comercio al por menor de pintura | Comercio al por menor de artículos para la limpieza,10.53576306,28.48558161,54.18291433,284.8890063
7,87,41672,7087,19091,42016,0.454374524,27,78.5,Comercio al por menor en ferreterías y tlapalerías | Comercio al por menor de vidrios y espejos | Comercio al por menor de pintura | Comercio al por menor de artículos para la limpieza | Comercio al por menor de pisos y recubrimientos cerámicos,6.479170666,18.83758879,51.25733468,239.2393221
7,88,2308,7088,2308,2323,0.993542833,4,10,Comercio al por menor en ferreterías y tlapalerías | Comercio al por menor de materiales para la construcción en tiendas de autoservicio especializadas,17.33102253,43.32755633,51.74376436,78.33830214
7,89,353706,7089,99505,354724,0.280513864,338,1843,Comercio al por menor en ferreterías y tlapalerías | Comercio al por menor de artículos para albercas y otros artículos | Comercio al por menor de vidrios y espejos | Comercio al por menor de artículos para la limpieza | Comercio al por menor de pintura | Comercio al por menor de materiales para la construcción en tiendas de autoservicio especializadas | Comercio al por menor de pisos y recubrimientos cerámicos,9.555958904,52.10542089,55.51166404,992.271449
7,90,4547,7090,4547,4555,0.998243688,2,5,Comercio al por menor en ferreterías y tlapalerías,4.398504508,10.99626127,51.84934512,66.16693158
7,91,13592,7091,5171,13674,0.378162937,26,70.5,Comercio al por menor en ferreterías y tlapalerías | Comercio al por menor de artículos para la limpieza | Comercio al por menor de pintura | Comercio al por menor de pisos y recubrimientos cerámicos | Comercio al por menor de artículos para albercas y otros artículos | Comercio al por menor de vidrios y espejos,19.12889935,51.86874632,54.63055594,37.45682586
7,92,21426,7092,16476,21820,0.755087076,13,43.5,Comercio al por menor de artículos para la limpieza | Comercio al por menor en ferreterías y tlapalerías | Comercio al por menor de pintura,6.067394754,20.30243629,50.64901432,522.2857487
7,93,48162,7093,39698,48166,0.824191338,9,22.5,Comercio al por menor de artículos para albercas y otros artículos | Comercio al por menor en ferreterías y tlapalerías | Comercio al por menor de pintura | Comercio al por menor de vidrios y espejos,1.868693161,4.671732901,49.83035466,192.9476131
7,94,49499,7094,23863,49613,0.480982807,59,187.5,Comercio al por menor en ferreterías y tlapalerías | Comercio al por menor de pintura | Comercio al por menor de materiales para la construcción en tiendas de autoservicio especializadas | Comercio al por menor de artículos para albercas y otros artículos | Comercio al por menor de artículos para la limpieza | Comercio al por menor de pisos y recubrimientos cerámicos | Comercio al por menor de vidrios y espejos,11.91943272,37.87955312,50.00479657,284.5399856
7,96,83505,7096,55837,83538,0.668402404,19,53,Comercio al por menor de materiales para la construcción en tiendas de autoservicio especializadas | Comercio al por menor en ferreterías y tlapalerías | Comercio al por menor de pintura | Comercio al por menor de vidrios y espejos,2.275312856,6.346925334,48.34047256,801.6123723
7,97,91913,7097,39556,93762,0.421876666,100,397,Comercio al por menor de vidrios y espejos | Comercio al por menor de artículos para la limpieza | Comercio al por menor de pintura | Comercio al por menor en ferreterías y tlapalerías | Comercio al por menor de pisos y recubrimientos cerámicos | Comercio al por menor de artículos para albercas y otros artículos,10.87985377,43.19301949,55.07244373,1865.046131
7,98,7211,7098,2611,7254,0.359939344,4,15.5,Comercio al por menor de pisos y recubrimientos cerámicos | Comercio al por menor en ferreterías y tlapalerías,5.547080849,21.49493829,49.59230526,169.1740814
7,99,83111,7099,59308,83948,0.706484967,35,98.5,Comercio al por menor en ferreterías y tlapalerías | Comercio al por menor de pintura | Comercio al por menor de pisos y recubrimientos cerámicos | Comercio al por menor de vidrios y espejos | Comercio al por menor de artículos para la limpieza,4.211235577,11.85162012,51.78292838,1612.457294
7,100,38025,7100,27063,38119,0.709960912,9,22.5,Comercio al por menor en ferreterías y tlapalerías | Comercio al por menor de artículos para la limpieza,2.366863905,5.917159763,47.47846723,402.487671
7,101,604147,7101,9651,604408,0.015967691,1009,4227,Comercio al por menor de artículos para la limpieza | Comercio al por menor de pintura | Comercio al por menor en ferreterías y tlapalerías | Comercio al por menor de materiales para la construcción en tiendas de autoservicio especializadas | Comercio al por menor de artículos para albercas y otros artículos | Comercio al por menor de vidrios y espejos | Comercio al por menor de pisos y recubrimientos cerámicos,16.70123331,69.96641546,58.34589694,335.8532811
7,102,41024,7102,24485,41055,0.59639508,8,38,Comercio al por menor de pintura | Comercio al por menor en ferreterías y tlapalerías | Comercio al por menor de artículos para la limpieza | Comercio al por menor de vidrios y espejos,1.950078003,9.262870515,52.29504941,167.7402146
7,103,30302,7103,24196,30479,0.793858066,9,22.5,Comercio al por menor en ferreterías y tlapalerías | Comercio al por menor de artículos para la limpieza,2.970100983,7.425252459,52.55824582,176.0161409
7,104,16560,7104,7148,16818,0.425020811,11,33,Comercio al por menor en ferreterías y tlapalerías | Comercio al por menor de vidrios y espejos,6.642512077,19.92753623,52.92326017,360.1648986
7,105,16008,7105,8687,16056,0.541043847,7,17.5,Comercio al por menor en ferreterías y tlapalerías | Comercio al por menor de artículos para la limpieza,4.372813593,10.93203398,53.80273928,62.6907772
7,106,67292,7106,25512,68145,0.374378164,44,110,Comercio al por menor en ferreterías y tlapalerías | Comercio al por menor de pintura | Comercio al por menor de artículos para la limpieza | Comercio al por menor de vidrios y espejos,6.538667301,16.34666825,50.85366591,1366.343274
7,107,65643,7107,26065,70361,0.370446696,38,100.5,Comercio al por menor en ferreterías y tlapalerías | Comercio al por menor de pintura | Comercio al por menor de vidrios y espejos | Comercio al por menor de artículos para la limpieza,5.788888381,15.31008638,51.15583055,2400.681587
7,108,109536,7108,37472,113514,0.330109061,99,311,Comercio al por menor de artículos para albercas y otros artículos | Comercio al por menor en ferreterías y tlapalerías | Comercio al por menor de pisos y recubrimientos cerámicos | Comercio al por menor de vidrios y espejos | Comercio al por menor de artículos para la limpieza | Comercio al por menor de pintura,9.038124452,28.39249197,53.70934216,1908.040678
7,109,40285,7109,21359,40509,0.527265546,42,139.5,Comercio al por menor de vidrios y espejos | Comercio al por menor en ferreterías y tlapalerías | Comercio al por menor de pintura | Comercio al por menor de artículos para la limpieza,10.42571677,34.62827355,49.18120778,209.5074443
7,110,7526,7110,2528,7536,0.335456476,6,15,Comercio al por menor en ferreterías y tlapalerías | Comercio al por menor de artículos para la limpieza,7.972362477,19.93090619,50.3962001,94.3541415
7,111,45373,7111,24828,45373,0.547197673,12,35.5,Comercio al por menor de pintura | Comercio al por menor de vidrios y espejos | Comercio al por menor en ferreterías y tlapalerías | Comercio al por menor de artículos para la limpieza,2.644744672,7.824036321,46.92222087,195.1859252
7,112,37948,7112,26149,37948,0.689074523,9,28,Comercio al por menor en ferreterías y tlapalerías | Comercio al por menor de vidrios y espejos,2.371666491,7.378517972,44.10935762,173.4115733
7,113,8480,7113,8480,8494,0.998351778,0,0,NA,0,0,49.43933307,26.86798382
7,114,23603,7114,13577,23704,0.572772528,16,69,Comercio al por menor de vidrios y espejos | Comercio al por menor en ferreterías y tlapalerías | Comercio al por menor de pintura,6.778799305,29.233572,51.41933667,1098.224171
7,115,14714,7115,12009,14720,0.815828804,6,20.5,Comercio al por menor en ferreterías y tlapalerías | Comercio al por menor de materiales para la construcción en tiendas de autoservicio especializadas,4.077749083,13.93230937,48.6718646,545.6658386
7,116,12892,7116,10123,12893,0.785154735,7,23,Comercio al por menor en ferreterías y tlapalerías | Comercio al por menor de artículos para la limpieza,5.42972386,17.84052125,49.08722968,913.806384
7,117,8412,7117,5221,8512,0.613369361,2,5,Comercio al por menor en ferreterías y tlapalerías,2.377555873,5.943889681,50.91375106,199.3990004
7,118,6047,7118,2178,6060,0.359405941,1,2.5,Comercio al por menor en ferreterías y tlapalerías,1.653712585,4.134281462,49.31982172,38.38565306
7,119,4959,7119,4959,4969,0.997987523,0,0,NA,0,0,47.99779209,16.56999296
7,120,4315,7120,4315,4411,0.978236228,0,0,NA,0,0,50.03816385,227.2494181
7,121,8718,7121,1986,8718,0.227804542,8,25.5,Comercio al por menor en ferreterías y tlapalerías,9.176416609,29.24982794,49.86252417,78.07806583
7,122,15587,7122,3638,15890,0.228949025,12,35.5,Comercio al por menor de pintura | Comercio al por menor en ferreterías y tlapalerías | Comercio al por menor de artículos para la limpieza,7.698723295,22.77538975,53.50050631,371.6183042
7,123,10783,7123,5543,10995,0.504138245,7,17.5,Comercio al por menor en ferreterías y tlapalerías | Comercio al por menor de pintura | Comercio al por menor de vidrios y espejos,6.491699898,16.22924974,53.2020824,219.0611993
7,124,23847,7124,15879,24362,0.651793777,18,56,Comercio al por menor de pisos y recubrimientos cerámicos | Comercio al por menor en ferreterías y tlapalerías | Comercio al por menor de pintura | Comercio al por menor de artículos para la limpieza | Comercio al por menor de vidrios y espejos,7.54811926,23.4830377,51.29815255,747.5521652
7,125,11650,7125,11650,11708,0.995046122,0,0,NA,0,0,50.01519098,269.2102984
8,0,3741869,8000,0,31834,0,0,0,NA,0,0,NA,NA
8,1,14635,8001,4125,15132,0.27260111,13,61.5,Comercio al por menor de artículos para la limpieza | Comercio al por menor de pintura | Comercio al por menor en ferreterías y tlapalerías | Comercio al por menor de artículos para albercas y otros artículos | Comercio al por menor de materiales para la construcción en tiendas de autoservicio especializadas | Comercio al por menor de vidrios y espejos,8.882815169,42.02254868,57.87924607,16975.30632
8,2,26047,8002,3479,26412,0.13172043,21,58,Comercio al por menor en ferreterías y tlapalerías | Comercio al por menor de pintura | Comercio al por menor de vidrios y espejos,8.062348831,22.26743963,59.61894349,9202.463981
8,3,8487,8003,3879,8709,0.445401309,5,12.5,Comercio al por menor en ferreterías y tlapalerías | Comercio al por menor de vidrios y espejos,5.891363261,14.72840815,57.19997765,2118.125052
8,4,24344,8004,1335,27345,0.048820625,6,15,Comercio al por menor en ferreterías y tlapalerías,2.46467302,6.16168255,59.73829693,493.847734
8,5,26093,8005,4985,26446,0.188497315,21,81.5,Comercio al por menor de artículos para la limpieza | Comercio al por menor en ferreterías y tlapalerías | Comercio al por menor de pintura | Comercio al por menor de pisos y recubrimientos cerámicos | Comercio al por menor de vidrios y espejos,8.048135515,31.23443069,57.10388593,12961.92995
8,6,5807,8006,5807,5986,0.970096893,3,7.5,Comercio al por menor en ferreterías y tlapalerías | Comercio al por menor de pintura,5.16617875,12.91544687,56.48846276,950.0305289
8,7,16440,8007,16440,17353,0.947386619,4,10,Comercio al por menor en ferreterías y tlapalerías | Comercio al por menor de pintura | Comercio al por menor de vidrios y espejos,2.433090024,6.082725061,37.00713299,5328.988692
8,8,11270,8008,11270,12238,0.920902108,0,0,NA,0,0,21.40663469,2121.386662
8,9,23351,8009,7968,24048,0.331337325,26,130,Comercio al por menor en ferreterías y tlapalerías | Comercio al por menor de pisos y recubrimientos cerámicos | Comercio al por menor de pintura | Comercio al por menor de artículos para la limpieza | Comercio al por menor de vidrios y espejos,11.13442679,55.67213396,51.04639849,2691.531411
8,10,25146,8010,4967,25265,0.196596082,28,104.5,Comercio al por menor de pintura | Comercio al por menor de artículos para albercas y otros artículos | Comercio al por menor en ferreterías y tlapalerías | Comercio al por menor de artículos para la limpieza | Comercio al por menor de vidrios y espejos,11.13497176,41.55730534,57.67343489,7929.439426
8,11,49499,8011,7480,50399,0.148415643,57,215.5,Comercio al por menor de pintura | Comercio al por menor de materiales para la construcción en tiendas de autoservicio especializadas | Comercio al por menor en ferreterías y tlapalerías | Comercio al por menor de artículos para la limpieza | Comercio al por menor de vidrios y espejos | Comercio al por menor de pisos y recubrimientos cerámicos | Comercio al por menor de artículos para albercas y otros artículos,11.51538415,43.53623306,59.17025783,13682.36412
8,12,8113,8012,8113,8721,0.930283224,3,7.5,Comercio al por menor en ferreterías y tlapalerías,3.697769013,9.244422532,36.21185478,2576.868029
8,13,11815,8013,4681,12191,0.383971782,4,10,Comercio al por menor en ferreterías y tlapalerías,3.385526873,8.463817182,57.34752301,3765.38917
8,14,2034,8014,2034,2156,0.943413729,1,2.5,Comercio al por menor en ferreterías y tlapalerías,4.916420846,12.29105211,56.52183227,1874.994545
8,15,1230,8015,1230,1307,0.941086458,3,7.5,Comercio al por menor en ferreterías y tlapalerías,24.3902439,60.97560976,55.91343087,11662.7129
8,16,3704,8016,3704,3728,0.993562232,2,5,Comercio al por menor en ferreterías y tlapalerías,5.399568035,13.49892009,57.20477212,1047.639341
8,17,180638,8017,34856,181657,0.1918781,239,1187.5,Comercio al por menor de artículos para la limpieza | Comercio al por menor de pintura | Comercio al por menor de vidrios y espejos | Comercio al por menor de pisos y recubrimientos cerámicos | Comercio al por menor en ferreterías y tlapalerías | Comercio al por menor de artículos para albercas y otros artículos | Comercio al por menor de materiales para la construcción en tiendas de autoservicio especializadas,13.23088165,65.73921323,59.75507938,3598.593383
8,18,5099,8018,5099,5320,0.958458647,0,0,NA,0,0,55.53990457,1601.358256
8,19,937674,8019,11912,938586,0.012691432,1113,6834,Comercio al por menor de artículos para la limpieza | Comercio al por menor de vidrios y espejos | Comercio al por menor en ferreterías y tlapalerías | Comercio al por menor de materiales para la construcción en tiendas de autoservicio especializadas | Comercio al por menor de artículos para albercas y otros artículos | Comercio al por menor de pisos y recubrimientos cerámicos | Comercio al por menor de pintura,11.86979697,72.88247301,61.12413471,8367.628909
8,20,6222,8020,6222,6488,0.959001233,5,12.5,Comercio al por menor en ferreterías y tlapalerías,8.036001286,20.09000321,46.97590498,1977.532633
8,21,150506,8021,10349,151445,0.068335039,162,777,Comercio al por menor de artículos para la limpieza | Comercio al por menor en ferreterías y tlapalerías | Comercio al por menor de vidrios y espejos | Comercio al por menor de artículos para albercas y otros artículos | Comercio al por menor de pintura | Comercio al por menor de materiales para la construcción en tiendas de autoservicio especializadas | Comercio al por menor de pisos y recubrimientos cerámicos,10.76369048,51.6258488,59.82393212,530.7221554
8,22,2456,8022,2456,2473,0.993125758,0,0,NA,0,0,55.18769735,1028.091904
8,23,6656,8023,4152,6798,0.610767873,0,0,NA,0,0,56.06902488,1734.125784
8,24,3791,8024,3791,3861,0.981869982,6,31.5,Comercio al por menor de vidrios y espejos | Comercio al por menor en ferreterías y tlapalerías | Comercio al por menor de pisos y recubrimientos cerámicos,15.82695859,83.09153258,57.73560444,666.9070556
8,25,7023,8025,2539,7034,0.360961046,4,28,Comercio al por menor en ferreterías y tlapalerías | Comercio al por menor de vidrios y espejos | Comercio al por menor de pintura,5.695571693,39.86900185,57.05185931,852.8275941
8,26,2448,8026,2448,2475,0.989090909,1,2.5,Comercio al por menor en ferreterías y tlapalerías,4.08496732,10.2124183,56.18244955,483.4949115
8,27,50180,8027,32770,52691,0.621927843,23,81,Comercio al por menor en ferreterías y tlapalerías | Comercio al por menor de pisos y recubrimientos cerámicos | Comercio al por menor de vidrios y espejos | Comercio al por menor de pintura,4.583499402,16.1418892,40.52231593,6924.183342
8,28,4237,8028,4237,4370,0.969565217,2,5,Comercio al por menor en ferreterías y tlapalerías,4.720320982,11.80080245,56.24436732,6028.367237
8,29,50514,8029,41328,52591,0.785837881,13,38,Comercio al por menor en ferreterías y tlapalerías | Comercio al por menor de pintura | Comercio al por menor de vidrios y espejos,2.573543968,7.522666983,39.34762946,9534.645698
8,30,8196,8030,5450,9163,0.594783368,8,20,Comercio al por menor en ferreterías y tlapalerías | Comercio al por menor de pintura | Comercio al por menor de vidrios y espejos,9.760858956,24.40214739,45.96321857,1811.278247
8,31,35473,8031,16358,36600,0.446939891,32,91,Comercio al por menor de artículos para la limpieza | Comercio al por menor de pintura | Comercio al por menor en ferreterías y tlapalerías | Comercio al por menor de pisos y recubrimientos cerámicos | Comercio al por menor de vidrios y espejos,9.020945508,25.65331379,55.96267341,5708.37566
8,32,116662,8032,2819,117247,0.024043259,102,633.5,Comercio al por menor en ferreterías y tlapalerías | Comercio al por menor de vidrios y espejos | Comercio al por menor de pintura | Comercio al por menor de pisos y recubrimientos cerámicos | Comercio al por menor de artículos para la limpieza | Comercio al por menor de artículos para albercas y otros artículos,8.743206871,54.30217209,59.78754385,1910.185951
8,33,824,8033,824,886,0.930022573,0,0,NA,0,0,56.12890519,846.8271986
8,34,5196,8034,2366,5223,0.452996362,3,18.5,Comercio al por menor en ferreterías y tlapalerías,5.773672055,35.60431101,56.63766409,2863.231618
8,35,11005,8035,7811,11219,0.69622961,3,7.5,Comercio al por menor en ferreterías y tlapalerías,2.726033621,6.815084053,55.79009403,7455.115377
8,36,40859,8036,5772,41557,0.138893568,34,144.5,Comercio al por menor en ferreterías y tlapalerías | Comercio al por menor de artículos para albercas y otros artículos | Comercio al por menor de pisos y recubrimientos cerámicos | Comercio al por menor de pintura | Comercio al por menor de artículos para la limpieza | Comercio al por menor de vidrios y espejos,8.321300081,35.36552534,58.84061421,10695.22545
8,37,1512450,8037,7516,1513006,0.004967594,952,4651.5,Comercio al por menor en ferreterías y tlapalerías | Comercio al por menor de pintura | Comercio al por menor de vidrios y espejos | Comercio al por menor de artículos para albercas y otros artículos | Comercio al por menor de artículos para la limpieza | Comercio al por menor de pisos y recubrimientos cerámicos | Comercio al por menor de materiales para la construcción en tiendas de autoservicio especializadas,6.294422956,30.75473569,59.06768373,3577.672815
8,38,4980,8038,4980,5120,0.97265625,2,5,Comercio al por menor en ferreterías y tlapalerías,4.016064257,10.04016064,57.10094479,4106.29875
8,39,4122,8039,4122,4297,0.959273912,2,10.5,Comercio al por menor en ferreterías y tlapalerías,4.852013586,25.47307132,56.62853357,1337.94008
8,40,25144,8040,7430,25341,0.293200742,21,87,Comercio al por menor de pintura | Comercio al por menor en ferreterías y tlapalerías | Comercio al por menor de pisos y recubrimientos cerámicos | Comercio al por menor de vidrios y espejos,8.351893096,34.60069997,57.30873002,8732.128126
8,41,1302,8041,1302,1417,0.918842625,1,2.5,Comercio al por menor en ferreterías y tlapalerías,7.680491551,19.20122888,43.886103,1001.126959
8,42,1178,8042,1178,1316,0.895136778,2,5,Comercio al por menor en ferreterías y tlapalerías,16.97792869,42.44482173,54.90204942,5015.381016
8,43,2742,8043,2742,2783,0.985267697,1,2.5,Comercio al por menor en ferreterías y tlapalerías,3.646973012,9.117432531,56.36931722,725.3602463
8,44,4314,8044,1620,4456,0.363554758,1,2.5,Comercio al por menor en ferreterías y tlapalerías,2.318034307,5.795085767,56.53117101,1172.872942
8,45,44853,8045,11874,46408,0.255861058,36,130,Comercio al por menor de artículos para la limpieza | Comercio al por menor de pintura | Comercio al por menor en ferreterías y tlapalerías | Comercio al por menor de vidrios y espejos | Comercio al por menor de artículos para albercas y otros artículos,8.026218982,28.98356855,58.53004301,427.5229445
8,46,7266,8046,7266,8103,0.896704924,0,0,NA,0,0,39.55963115,2165.326866
8,47,4447,8047,4447,4607,0.965270241,2,5,Comercio al por menor en ferreterías y tlapalerías,4.497413987,11.24353497,52.84731475,1799.11749
8,48,22712,8048,16830,23046,0.730278573,22,66,Comercio al por menor de vidrios y espejos | Comercio al por menor en ferreterías y tlapalerías | Comercio al por menor de pintura,9.686509334,29.059528,57.35831671,4856.382434
8,49,2757,8049,2757,2864,0.962639665,0,0,NA,0,0,49.10951289,1988.278533
8,50,65753,8050,3715,65937,0.056341659,73,304,Comercio al por menor de pisos y recubrimientos cerámicos | Comercio al por menor de vidrios y espejos | Comercio al por menor de pintura | Comercio al por menor de artículos para la limpieza | Comercio al por menor en ferreterías y tlapalerías | Comercio al por menor de artículos para albercas y otros artículos,11.10215503,46.23363193,59.71359845,2613.086758
8,51,8127,8051,8127,8331,0.975513144,7,17.5,Comercio al por menor en ferreterías y tlapalerías,8.613264427,21.53316107,53.63729052,1787.80767
8,52,24534,8052,2468,24674,0.100024317,36,160.5,Comercio al por menor en ferreterías y tlapalerías | Comercio al por menor de artículos para albercas y otros artículos | Comercio al por menor de pintura | Comercio al por menor de pisos y recubrimientos cerámicos | Comercio al por menor de vidrios y espejos | Comercio al por menor de artículos para la limpieza,14.67351431,65.41941795,58.59236868,6792.930296
8,53,5111,8053,5111,5209,0.981186408,3,7.5,Comercio al por menor en ferreterías y tlapalerías,5.869692819,14.67423205,56.10290846,373.5344964
8,54,7695,8054,7695,7778,0.989328876,2,23,Comercio al por menor en ferreterías y tlapalerías,2.599090318,29.88953866,57.39570155,2257.706761
8,55,16776,8055,8149,17601,0.462985058,5,12.5,Comercio al por menor en ferreterías y tlapalerías,2.980448259,7.451120649,57.70022063,1918.665177
8,56,2079,8056,2079,2133,0.974683544,0,0,NA,0,0,55.07147216,1164.33922
8,57,2197,8057,2197,2255,0.974279379,2,5,Comercio al por menor en ferreterías y tlapalerías,9.103322713,22.75830678,53.80654347,1312.812858
8,58,2696,8058,2696,2859,0.942987058,0,0,NA,0,0,57.52213716,873.365524
8,59,5004,8059,577,5095,0.113248283,3,13,Comercio al por menor en ferreterías y tlapalerías,5.995203837,25.97921663,57.97585831,477.3753546
8,60,11582,8060,2413,11752,0.205326753,10,25,Comercio al por menor en ferreterías y tlapalerías | Comercio al por menor de vidrios y espejos | Comercio al por menor de pintura,8.634087377,21.58521844,59.06954872,341.8490223
8,61,3414,8061,3414,3623,0.942313,2,5,Comercio al por menor en ferreterías y tlapalerías,5.858230814,14.64557704,56.32934899,3537.325946
8,62,29862,8062,14964,30435,0.491670774,20,61,Comercio al por menor de pintura | Comercio al por menor en ferreterías y tlapalerías | Comercio al por menor de artículos para la limpieza | Comercio al por menor de vidrios y espejos,6.697475052,20.42729891,58.27016779,3025.056432
8,63,5320,8063,5320,5454,0.975430876,1,2.5,Comercio al por menor en ferreterías y tlapalerías,1.879699248,4.69924812,53.90902266,4263.339424
8,64,1448,8064,1448,1504,0.962765957,2,5,Comercio al por menor en ferreterías y tlapalerías,13.8121547,34.53038674,55.01028366,466.3417296
8,65,17043,8065,17043,19207,0.887332743,3,7.5,Comercio al por menor en ferreterías y tlapalerías,1.760253477,4.400633691,36.78516014,3279.432058
8,66,6512,8066,6512,7044,0.92447473,3,7.5,Comercio al por menor en ferreterías y tlapalerías,4.606879607,11.51719902,41.63915201,2645.113319
8,67,4775,8067,4775,4928,0.968952922,11,69,Comercio al por menor de artículos para albercas y otros artículos | Comercio al por menor en ferreterías y tlapalerías | Comercio al por menor de vidrios y espejos,23.03664921,144.5026178,56.0284819,2936.132506
9,0,9209944,9000,0,684,0,0,0,NA,0,0,NA,NA
9,2,432205,9002,0,432205,0,618,3169,Comercio al por menor de pisos y recubrimientos cerámicos | Comercio al por menor de artículos para la limpieza | Comercio al por menor de vidrios y espejos | Comercio al por menor en ferreterías y tlapalerías | Comercio al por menor de pintura | Comercio al por menor de artículos para albercas y otros artículos | Comercio al por menor de materiales para la construcción en tiendas de autoservicio especializadas,14.29877026,73.32168763,60.63795725,33.32309145
9,3,614447,9003,0,614447,0,737,3129.5,Comercio al por menor de artículos para la limpieza | Comercio al por menor en ferreterías y tlapalerías | Comercio al por menor de vidrios y espejos | Comercio al por menor de pisos y recubrimientos cerámicos | Comercio al por menor de pintura | Comercio al por menor de artículos para albercas y otros artículos | Comercio al por menor de materiales para la construcción en tiendas de autoservicio especializadas,11.99452516,50.93197623,60.87695306,53.62231436
9,4,217686,9004,4951,217729,0.022739277,338,1408,Comercio al por menor de pintura | Comercio al por menor de pisos y recubrimientos cerámicos | Comercio al por menor de vidrios y espejos | Comercio al por menor de artículos para la limpieza | Comercio al por menor en ferreterías y tlapalerías | Comercio al por menor de materiales para la construcción en tiendas de autoservicio especializadas | Comercio al por menor de artículos para albercas y otros artículos,15.52695166,64.68031936,60.44216172,70.76185894
9,5,1173351,9005,0,1173351,0,2085,6172,Comercio al por menor en ferreterías y tlapalerías | Comercio al por menor de artículos para la limpieza | Comercio al por menor de pisos y recubrimientos cerámicos | Comercio al por menor de pintura | Comercio al por menor de vidrios y espejos | Comercio al por menor de materiales para la construcción en tiendas de autoservicio especializadas | Comercio al por menor de artículos para albercas y otros artículos,17.76961881,52.60148072,60.09212246,87.37830618
9,6,404695,9006,0,404695,0,650,2195.5,Comercio al por menor de vidrios y espejos | Comercio al por menor en ferreterías y tlapalerías | Comercio al por menor de pintura | Comercio al por menor de artículos para la limpieza | Comercio al por menor de artículos para albercas y otros artículos | Comercio al por menor de pisos y recubrimientos cerámicos | Comercio al por menor de materiales para la construcción en tiendas de autoservicio especializadas,16.0614784,54.25073203,60.44224549,22.96278476
9,7,1835486,9007,0,1835486,0,3436,10666,Comercio al por menor de pisos y recubrimientos cerámicos | Comercio al por menor de artículos para la limpieza | Comercio al por menor en ferreterías y tlapalerías | Comercio al por menor de vidrios y espejos | Comercio al por menor de pintura | Comercio al por menor de materiales para la construcción en tiendas de autoservicio especializadas | Comercio al por menor de artículos para albercas y otros artículos,18.71983769,58.10995017,59.5445475,112.528064
9,8,247622,9008,1194,247664,0.004821048,285,762,Comercio al por menor de artículos para la limpieza | Comercio al por menor en ferreterías y tlapalerías | Comercio al por menor de vidrios y espejos | Comercio al por menor de pintura | Comercio al por menor de pisos y recubrimientos cerámicos | Comercio al por menor de materiales para la construcción en tiendas de autoservicio especializadas,11.50947816,30.77271002,59.68334053,63.07476723
9,9,152685,9009,23975,152832,0.156871598,316,812,Comercio al por menor de pisos y recubrimientos cerámicos | Comercio al por menor en ferreterías y tlapalerías | Comercio al por menor de vidrios y espejos | Comercio al por menor de artículos para la limpieza | Comercio al por menor de artículos para albercas y otros artículos | Comercio al por menor de pintura,20.6962046,53.18138651,57.28130276,287.6061956
9,10,759137,9010,134,759141,1.77E-04,770,3275.5,Comercio al por menor en ferreterías y tlapalerías | Comercio al por menor de artículos para la limpieza | Comercio al por menor de vidrios y espejos | Comercio al por menor de artículos para albercas y otros artículos | Comercio al por menor de pintura | Comercio al por menor de pisos y recubrimientos cerámicos | Comercio al por menor de materiales para la construcción en tiendas de autoservicio especializadas,10.1430967,43.14767954,60.48705208,95.35832702
9,11,392313,9011,6992,392373,0.017819779,826,2223,Comercio al por menor de pisos y recubrimientos cerámicos | Comercio al por menor en ferreterías y tlapalerías | Comercio al por menor de vidrios y espejos | Comercio al por menor de artículos para la limpieza | Comercio al por menor de artículos para albercas y otros artículos | Comercio al por menor de pintura | Comercio al por menor de materiales para la construcción en tiendas de autoservicio especializadas,21.0546171,56.66393925,59.3251048,85.38328301
9,12,699928,9012,14369,700251,0.020519785,985,2760,Comercio al por menor de pisos y recubrimientos cerámicos | Comercio al por menor en ferreterías y tlapalerías | Comercio al por menor de vidrios y espejos | Comercio al por menor de artículos para la limpieza | Comercio al por menor de pintura | Comercio al por menor de artículos para albercas y otros artículos | Comercio al por menor de materiales para la construcción en tiendas de autoservicio especializadas,14.07287607,39.43262736,59.56830052,312.8526669
9,13,442178,9013,12697,442243,0.02871046,688,2351,Comercio al por menor en ferreterías y tlapalerías | Comercio al por menor de pisos y recubrimientos cerámicos | Comercio al por menor de vidrios y espejos | Comercio al por menor de materiales para la construcción en tiendas de autoservicio especializadas | Comercio al por menor de artículos para la limpieza | Comercio al por menor de pintura | Comercio al por menor de artículos para albercas y otros artículos,15.55934488,53.16863345,58.55717196,113.5043014
9,14,434153,9014,0,434153,0,668,3130.5,Comercio al por menor en ferreterías y tlapalerías | Comercio al por menor de pisos y recubrimientos cerámicos | Comercio al por menor de artículos para la limpieza | Comercio al por menor de vidrios y espejos | Comercio al por menor de pintura | Comercio al por menor de materiales para la construcción en tiendas de autoservicio especializadas | Comercio al por menor de artículos para albercas y otros artículos,15.38628087,72.10591658,62.39714549,26.54892322
9,15,545884,9015,0,545884,0,1451,7960.5,Comercio al por menor de pintura | Comercio al por menor de artículos para la limpieza | Comercio al por menor de pisos y recubrimientos cerámicos | Comercio al por menor en ferreterías y tlapalerías | Comercio al por menor de artículos para albercas y otros artículos | Comercio al por menor de materiales para la construcción en tiendas de autoservicio especializadas | Comercio al por menor de vidrios y espejos,26.58073877,145.827685,61.32853351,32.33524485
9,16,414470,9016,0,414470,0,504,2509.5,Comercio al por menor en ferreterías y tlapalerías | Comercio al por menor de pisos y recubrimientos cerámicos | Comercio al por menor de vidrios y espejos | Comercio al por menor de artículos para la limpieza | Comercio al por menor de pintura | Comercio al por menor de materiales para la construcción en tiendas de autoservicio especializadas | Comercio al por menor de artículos para albercas y otros artículos,12.16010809,60.54720486,61.22145787,46.1543617
9,17,443704,9017,0,443704,0,673,2342.5,Comercio al por menor en ferreterías y tlapalerías | Comercio al por menor de artículos para la limpieza | Comercio al por menor de vidrios y espejos | Comercio al por menor de pisos y recubrimientos cerámicos | Comercio al por menor de artículos para albercas y otros artículos | Comercio al por menor de pintura | Comercio al por menor de materiales para la construcción en tiendas de autoservicio especializadas,15.1677695,52.79420515,60.38459636,33.66604966
10,0,1832650,10000,0,15612,0,0,0,NA,0,0,NA,NA
10,1,31454,10001,19511,31701,0.615469544,26,76,Comercio al por menor de artículos para albercas y otros artículos | Comercio al por menor en ferreterías y tlapalerías | Comercio al por menor de pisos y recubrimientos cerámicos | Comercio al por menor de vidrios y espejos | Comercio al por menor de artículos para la limpieza | Comercio al por menor de pintura,8.266039295,24.16226871,56.69604943,3455.010691
10,2,4321,10002,4321,4606,0.938124186,1,2.5,Comercio al por menor en ferreterías y tlapalerías,2.314279102,5.785697755,50.80214607,883.4854161
10,3,4084,10003,4084,4120,0.991262136,1,2.5,Comercio al por menor en ferreterías y tlapalerías,2.448579824,6.121449559,55.39864233,1063.51827
10,4,34955,10004,17676,35082,0.503848127,26,81.5,Comercio al por menor de materiales para la construcción en tiendas de autoservicio especializadas | Comercio al por menor en ferreterías y tlapalerías | Comercio al por menor de artículos para la limpieza | Comercio al por menor de pintura | Comercio al por menor de vidrios y espejos,7.438134745,23.3156916,56.98166979,5293.506293
10,5,688697,10005,64705,690740,0.093674899,815,3854,Comercio al por menor en ferreterías y tlapalerías | Comercio al por menor de artículos para albercas y otros artículos | Comercio al por menor de vidrios y espejos | Comercio al por menor de artículos para la limpieza | Comercio al por menor de pintura | Comercio al por menor de pisos y recubrimientos cerámicos | Comercio al por menor de materiales para la construcción en tiendas de autoservicio especializadas,11.83394149,55.96074907,59.59101458,9185.100657
10,6,10038,10006,10038,10091,0.994747795,3,13,Comercio al por menor en ferreterías y tlapalerías,2.988643156,12.95078701,54.34186758,2166.51558
10,7,372750,10007,61395,375280,0.163597847,377,1443,Comercio al por menor de artículos para la limpieza | Comercio al por menor en ferreterías y tlapalerías | Comercio al por menor de artículos para albercas y otros artículos | Comercio al por menor de vidrios y espejos | Comercio al por menor de pintura | Comercio al por menor de materiales para la construcción en tiendas de autoservicio especializadas | Comercio al por menor de pisos y recubrimientos cerámicos,10.11401744,38.71227364,59.27303889,834.4644728
10,8,36695,10008,8816,37110,0.237563999,40,147,Comercio al por menor de pisos y recubrimientos cerámicos | Comercio al por menor en ferreterías y tlapalerías | Comercio al por menor de artículos para la limpieza | Comercio al por menor de vidrios y espejos | Comercio al por menor de pintura,10.90066767,40.05995367,57.89515567,1303.103465
10,9,9869,10009,6017,10294,0.584515252,3,13,Comercio al por menor en ferreterías y tlapalerías,3.039821664,13.17256054,52.99641605,5435.943522
10,10,3843,10010,3843,3941,0.975133215,1,2.5,Comercio al por menor en ferreterías y tlapalerías,2.60213375,6.505334374,56.67517938,4647.891955
10,11,4748,10011,4748,4771,0.995179208,1,2.5,Comercio al por menor en ferreterías y tlapalerías,2.106149958,5.265374895,55.60616484,2481.519677
10,12,163313,10012,33790,164054,0.205968766,120,351,Comercio al por menor en ferreterías y tlapalerías | Comercio al por menor de artículos para la limpieza | Comercio al por menor de artículos para albercas y otros artículos | Comercio al por menor de vidrios y espejos | Comercio al por menor de pintura | Comercio al por menor de pisos y recubrimientos cerámicos,7.347853508,21.49247151,58.80387907,2126.788898
10,13,26932,10013,6253,27101,0.230729493,23,81,Comercio al por menor de artículos para la limpieza | Comercio al por menor en ferreterías y tlapalerías | Comercio al por menor de pintura | Comercio al por menor de vidrios y espejos,8.540026734,30.07574632,56.74904945,7662.064104
10,14,48583,10014,48583,51184,0.949183339,3,7.5,Comercio al por menor en ferreterías y tlapalerías,0.617499949,1.543749871,28.22299523,8283.423005
10,15,12894,10015,9002,12995,0.692727972,6,38.5,Comercio al por menor en ferreterías y tlapalerías | Comercio al por menor de artículos para la limpieza | Comercio al por menor de vidrios y espejos,4.653327129,29.85884908,55.87175512,2363.619671
10,16,19060,10016,13107,19147,0.684545882,12,59,Comercio al por menor en ferreterías y tlapalerías | Comercio al por menor de vidrios y espejos,6.29590766,30.95487933,56.88568616,1173.017459
10,17,8003,10017,5238,8189,0.63963854,9,22.5,Comercio al por menor de vidrios y espejos | Comercio al por menor en ferreterías y tlapalerías,11.24578283,28.11445708,55.56093138,3613.880231
10,18,10384,10018,4042,10430,0.387535954,14,62.5,Comercio al por menor de vidrios y espejos | Comercio al por menor en ferreterías y tlapalerías | Comercio al por menor de pintura | Comercio al por menor de artículos para la limpieza,13.48228043,60.18875193,57.93697481,3495.98786
10,19,4924,10019,4924,5017,0.981463026,0,0,NA,0,0,50.58580684,1692.030644
10,20,12656,10020,7400,12701,0.582631289,14,40.5,Comercio al por menor en ferreterías y tlapalerías | Comercio al por menor de pisos y recubrimientos cerámicos | Comercio al por menor de pintura | Comercio al por menor de artículos para albercas y otros artículos | Comercio al por menor de vidrios y espejos,11.0619469,32.00063211,57.34302249,1015.317274
10,21,11118,10021,5207,11243,0.463132616,11,27.5,Comercio al por menor de artículos para albercas y otros artículos | Comercio al por menor en ferreterías y tlapalerías | Comercio al por menor de artículos para la limpieza | Comercio al por menor de vidrios y espejos,9.893865803,24.73466451,56.7246618,1666.09744
10,22,25623,10022,14114,25654,0.550167615,20,66.5,Comercio al por menor en ferreterías y tlapalerías | Comercio al por menor de pisos y recubrimientos cerámicos | Comercio al por menor de vidrios y espejos | Comercio al por menor de pintura | Comercio al por menor de artículos para la limpieza,7.805487258,25.95324513,57.35962455,1115.289764
10,23,51269,10023,21898,51981,0.42126931,41,217,Comercio al por menor en ferreterías y tlapalerías | Comercio al por menor de artículos para la limpieza | Comercio al por menor de pisos y recubrimientos cerámicos | Comercio al por menor de pintura | Comercio al por menor de vidrios y espejos,7.997035245,42.32577191,51.55040644,6892.481524
10,24,12818,10024,7739,12848,0.60235056,18,74,Comercio al por menor en ferreterías y tlapalerías | Comercio al por menor de pintura | Comercio al por menor de artículos para albercas y otros artículos | Comercio al por menor de vidrios y espejos | Comercio al por menor de artículos para la limpieza,14.04275238,57.73131534,56.91469393,1418.537719
10,25,2837,10025,2837,2916,0.972908093,2,5,Comercio al por menor en ferreterías y tlapalerías | Comercio al por menor de vidrios y espejos,7.049700388,17.62425097,55.03380684,2286.993378
10,26,17333,10026,11516,17907,0.643100464,3,18.5,Comercio al por menor en ferreterías y tlapalerías,1.730802515,10.67328218,54.9460377,5401.084985
10,27,5251,10027,5251,5310,0.988888889,3,7.5,Comercio al por menor en ferreterías y tlapalerías,5.713197486,14.28299372,52.20754364,2384.400552
10,28,12013,10028,8852,12135,0.729460239,7,17.5,Comercio al por menor en ferreterías y tlapalerías | Comercio al por menor de pintura | Comercio al por menor de vidrios y espejos,5.827020728,14.56755182,56.5545757,1384.904039
10,29,2103,10029,2103,2111,0.996210327,3,7.5,Comercio al por menor en ferreterías y tlapalerías,14.26533524,35.66333809,55.82562874,598.7955893
10,30,1633,10030,1633,1666,0.980192077,0,0,NA,0,0,55.73128592,1779.758364
10,31,6727,10031,2728,6739,0.404807835,8,25.5,Comercio al por menor en ferreterías y tlapalerías | Comercio al por menor de artículos para albercas y otros artículos | Comercio al por menor de artículos para la limpieza,11.89237402,37.90694217,55.78559292,974.8490215
10,32,49207,10032,16589,49865,0.332678231,55,177.5,Comercio al por menor en ferreterías y tlapalerías | Comercio al por menor de vidrios y espejos | Comercio al por menor de pintura | Comercio al por menor de pisos y recubrimientos cerámicos | Comercio al por menor de artículos para la limpieza,11.17727153,36.07210356,56.40024603,6337.329179
10,33,6917,10033,2846,6976,0.407970183,5,30.5,Comercio al por menor en ferreterías y tlapalerías | Comercio al por menor de vidrios y espejos,7.228567298,44.09426052,53.5585707,1452.362631
10,34,26300,10034,23078,27639,0.834979558,5,12.5,Comercio al por menor de pintura | Comercio al por menor en ferreterías y tlapalerías | Comercio al por menor de vidrios y espejos,1.901140684,4.752851711,47.09057745,5741.3117
10,35,11378,10035,5888,11841,0.497255299,11,45.5,Comercio al por menor de pisos y recubrimientos cerámicos | Comercio al por menor en ferreterías y tlapalerías | Comercio al por menor de pintura | Comercio al por menor de vidrios y espejos,9.667779926,39.98945333,54.19442746,6009.886175
10,36,21143,10036,9435,21235,0.444313633,13,32.5,Comercio al por menor en ferreterías y tlapalerías | Comercio al por menor de artículos para la limpieza | Comercio al por menor de vidrios y espejos,6.148607104,15.37151776,57.0767292,4701.371904
10,37,9320,10037,6423,9986,0.643200481,2,5,Comercio al por menor en ferreterías y tlapalerías,2.145922747,5.364806867,51.82232544,1611.392001
10,38,23476,10038,5509,23497,0.234455462,71,217.5,Comercio al por menor en ferreterías y tlapalerías | Comercio al por menor de artículos para la limpieza | Comercio al por menor de artículos para albercas y otros artículos | Comercio al por menor de pintura | Comercio al por menor de pisos y recubrimientos cerámicos | Comercio al por menor de vidrios y espejos,30.24365309,92.64781053,58.46988355,365.6952855
10,39,27981,10039,15131,28159,0.537341525,29,100,Comercio al por menor de vidrios y espejos | Comercio al por menor en ferreterías y tlapalerías | Comercio al por menor de artículos para albercas y otros artículos | Comercio al por menor de pintura | Comercio al por menor de artículos para la limpieza,10.36417569,35.73853686,57.36148354,1832.474466
11,0,6166934,11000,0,18492,0,0,0,NA,0,0,NA,NA
11,1,92040,11001,58799,92456,0.635967379,60,184.5,Comercio al por menor en ferreterías y tlapalerías | Comercio al por menor de pisos y recubrimientos cerámicos | Comercio al por menor de pintura | Comercio al por menor de artículos para la limpieza | Comercio al por menor de vidrios y espejos,6.518904824,20.04563233,55.54026069,610.2861892
11,2,108697,11002,39083,108975,0.35864189,145,470,Comercio al por menor de pisos y recubrimientos cerámicos | Comercio al por menor en ferreterías y tlapalerías | Comercio al por menor de vidrios y espejos | Comercio al por menor de artículos para la limpieza | Comercio al por menor de artículos para albercas y otros artículos | Comercio al por menor de pintura,13.33983459,43.23946383,56.96122176,871.4074819
11,3,174615,11003,96107,175197,0.548565329,190,708,Comercio al por menor de artículos para la limpieza | Comercio al por menor de artículos para albercas y otros artículos | Comercio al por menor en ferreterías y tlapalerías | Comercio al por menor de vidrios y espejos | Comercio al por menor de pisos y recubrimientos cerámicos | Comercio al por menor de pintura | Comercio al por menor de materiales para la construcción en tiendas de autoservicio especializadas,10.88108124,40.54634482,56.20121775,1540.121549
11,4,63392,11004,27886,63516,0.439038982,93,267,Comercio al por menor de artículos para la limpieza | Comercio al por menor de vidrios y espejos | Comercio al por menor de pintura | Comercio al por menor en ferreterías y tlapalerías | Comercio al por menor de pisos y recubrimientos cerámicos,14.6706209,42.11887935,56.72358537,370.8896407
11,5,117883,11005,35357,118077,0.299440196,111,305,Comercio al por menor de artículos para la limpieza | Comercio al por menor en ferreterías y tlapalerías | Comercio al por menor de pisos y recubrimientos cerámicos | Comercio al por menor de artículos para albercas y otros artículos | Comercio al por menor de materiales para la construcción en tiendas de autoservicio especializadas | Comercio al por menor de vidrios y espejos | Comercio al por menor de pintura,9.416115979,25.87311147,57.40917563,416.9472818
11,6,5296,11006,5296,5302,0.998868352,4,10,Comercio al por menor en ferreterías y tlapalerías | Comercio al por menor de artículos para la limpieza,7.552870091,18.88217523,49.61576182,311.1479852
11,7,521169,11007,71051,521886,0.136142759,656,2973.5,Comercio al por menor de artículos para la limpieza | Comercio al por menor en ferreterías y tlapalerías | Comercio al por menor de vidrios y espejos | Comercio al por menor de materiales para la construcción en tiendas de autoservicio especializadas | Comercio al por menor de artículos para albercas y otros artículos | Comercio al por menor de pintura | Comercio al por menor de pisos y recubrimientos cerámicos,12.58708787,57.05442956,58.83899381,548.5406528
11,8,41240,11008,25148,41721,0.602765993,55,197.5,Comercio al por menor de artículos para albercas y otros artículos | Comercio al por menor en ferreterías y tlapalerías | Comercio al por menor de vidrios y espejos | Comercio al por menor de artículos para la limpieza | Comercio al por menor de pisos y recubrimientos cerámicos | Comercio al por menor de pintura,13.33656644,47.89039767,55.75765463,812.894187
11,9,82216,11009,39932,82409,0.484558725,77,238,Comercio al por menor de artículos para albercas y otros artículos | Comercio al por menor en ferreterías y tlapalerías | Comercio al por menor de artículos para la limpieza | Comercio al por menor de vidrios y espejos | Comercio al por menor de pisos y recubrimientos cerámicos | Comercio al por menor de pintura,9.365573611,28.94813662,54.1045646,484.4927777
11,10,11083,11010,7170,11083,0.64693675,17,42.5,Comercio al por menor de vidrios y espejos | Comercio al por menor en ferreterías y tlapalerías | Comercio al por menor de pisos y recubrimientos cerámicos | Comercio al por menor de artículos para la limpieza | Comercio al por menor de pintura,15.33880718,38.34701796,55.479587,122.8671433
11,11,97928,11011,24449,98191,0.248994307,144,405.5,Comercio al por menor de vidrios y espejos | Comercio al por menor de artículos para la limpieza | Comercio al por menor en ferreterías y tlapalerías | Comercio al por menor de pintura | Comercio al por menor de pisos y recubrimientos cerámicos,14.70468099,41.4079732,57.59125103,331.3830932
11,12,30857,11012,15552,30974,0.502098534,47,141,Comercio al por menor de pisos y recubrimientos cerámicos | Comercio al por menor en ferreterías y tlapalerías | Comercio al por menor de pintura | Comercio al por menor de vidrios y espejos | Comercio al por menor de artículos para la limpieza,15.231552,45.69465599,56.20009699,258.1555724
11,13,27390,11013,21198,27421,0.773057146,27,78.5,Comercio al por menor en ferreterías y tlapalerías | Comercio al por menor de artículos para la limpieza | Comercio al por menor de pisos y recubrimientos cerámicos | Comercio al por menor de pintura | Comercio al por menor de vidrios y espejos,9.857612267,28.66009493,55.54596823,228.6972863
11,14,163038,11014,93366,163867,0.569766945,187,607,Comercio al por menor en ferreterías y tlapalerías | Comercio al por menor de vidrios y espejos | Comercio al por menor de artículos para la limpieza | Comercio al por menor de pisos y recubrimientos cerámicos | Comercio al por menor de artículos para albercas y otros artículos | Comercio al por menor de pintura,11.46971872,37.23058428,55.01255714,1640.579624
11,15,194500,11015,43880,194703,0.225368895,218,721.5,Comercio al por menor de vidrios y espejos | Comercio al por menor de artículos para albercas y otros artículos | Comercio al por menor en ferreterías y tlapalerías | Comercio al por menor de artículos para la limpieza | Comercio al por menor de pintura | Comercio al por menor de pisos y recubrimientos cerámicos | Comercio al por menor de materiales para la construcción en tiendas de autoservicio especializadas,11.20822622,37.09511568,58.56169728,1005.042726
11,16,21128,11016,15388,21173,0.726774666,22,78.5,Comercio al por menor de vidrios y espejos | Comercio al por menor en ferreterías y tlapalerías | Comercio al por menor de pintura | Comercio al por menor de artículos para la limpieza,10.41272245,37.15448694,56.16185941,126.5187612
11,17,592953,11017,87174,593748,0.146819863,945,3448.5,Comercio al por menor de vidrios y espejos | Comercio al por menor de artículos para la limpieza | Comercio al por menor en ferreterías y tlapalerías | Comercio al por menor de pisos y recubrimientos cerámicos | Comercio al por menor de artículos para albercas y otros artículos | Comercio al por menor de pintura | Comercio al por menor de materiales para la construcción en tiendas de autoservicio especializadas,15.9371822,58.15806649,58.7609194,843.8620346
11,18,38782,11018,10432,38862,0.268437034,56,156.5,Comercio al por menor de artículos para la limpieza | Comercio al por menor en ferreterías y tlapalerías | Comercio al por menor de pintura | Comercio al por menor de pisos y recubrimientos cerámicos | Comercio al por menor de vidrios y espejos | Comercio al por menor de artículos para albercas y otros artículos,14.43968852,40.35377237,56.93454165,174.0108981
11,19,49517,11019,38668,49650,0.778811682,34,85,Comercio al por menor en ferreterías y tlapalerías | Comercio al por menor de pintura | Comercio al por menor de artículos para albercas y otros artículos | Comercio al por menor de artículos para la limpieza | Comercio al por menor de vidrios y espejos,6.866328736,17.16582184,53.98098993,876.4230024
11,20,1721215,11020,90201,1724287,0.052312057,3058,12154,Comercio al por menor en ferreterías y tlapalerías | Comercio al por menor de artículos para la limpieza | Comercio al por menor de materiales para la construcción en tiendas de autoservicio especializadas | Comercio al por menor de pintura | Comercio al por menor de artículos para albercas y otros artículos | Comercio al por menor de vidrios y espejos | Comercio al por menor de pisos y recubrimientos cerámicos,17.76651958,70.61291007,59.07933721,1210.431201
11,21,47261,11021,5351,47279,0.113179213,134,415,Comercio al por menor de vidrios y espejos | Comercio al por menor de pintura | Comercio al por menor de pisos y recubrimientos cerámicos | Comercio al por menor en ferreterías y tlapalerías | Comercio al por menor de artículos para la limpieza | Comercio al por menor de artículos para albercas y otros artículos,28.35318762,87.81024523,58.39753537,158.5835294
11,22,26383,11022,19059,28218,0.675419945,24,78,Comercio al por menor en ferreterías y tlapalerías | Comercio al por menor de artículos para la limpieza | Comercio al por menor de pintura | Comercio al por menor de pisos y recubrimientos cerámicos | Comercio al por menor de vidrios y espejos,9.096766857,29.56449229,54.76945742,1016.305458
11,23,154960,11023,96340,155598,0.619159629,174,548,Comercio al por menor de artículos para la limpieza | Comercio al por menor de materiales para la construcción en tiendas de autoservicio especializadas | Comercio al por menor de artículos para albercas y otros artículos | Comercio al por menor en ferreterías y tlapalerías | Comercio al por menor de pisos y recubrimientos cerámicos | Comercio al por menor de vidrios y espejos | Comercio al por menor de pintura,11.22870418,35.36396489,55.24195931,1548.695677
11,24,12403,11024,8841,12497,0.707449788,22,55,Comercio al por menor de vidrios y espejos | Comercio al por menor de pintura | Comercio al por menor en ferreterías y tlapalerías | Comercio al por menor de artículos para la limpieza | Comercio al por menor de pisos y recubrimientos cerámicos,17.73764412,44.3441103,55.73104733,59.38731144
11,25,83842,11025,25978,84010,0.309225092,96,292.5,Comercio al por menor de vidrios y espejos | Comercio al por menor en ferreterías y tlapalerías | Comercio al por menor de artículos para albercas y otros artículos | Comercio al por menor de pintura | Comercio al por menor de artículos para la limpieza,11.45010854,34.88704945,57.47255241,288.1195886
11,26,65766,11026,41009,66385,0.617744973,68,175.5,Comercio al por menor en ferreterías y tlapalerías | Comercio al por menor de artículos para la limpieza | Comercio al por menor de vidrios y espejos | Comercio al por menor de pisos y recubrimientos cerámicos | Comercio al por menor de pintura | Comercio al por menor de artículos para albercas y otros artículos,10.3396892,26.68552139,56.0025334,436.8898292
11,27,273417,11027,65329,274243,0.238215743,348,1453.5,Comercio al por menor de pisos y recubrimientos cerámicos | Comercio al por menor en ferreterías y tlapalerías | Comercio al por menor de pintura | Comercio al por menor de vidrios y espejos | Comercio al por menor de artículos para la limpieza | Comercio al por menor de artículos para albercas y otros artículos | Comercio al por menor de materiales para la construcción en tiendas de autoservicio especializadas,12.72781137,53.16055695,58.31580921,749.3067127
11,28,94126,11028,30766,94225,0.326516317,132,381,Comercio al por menor en ferreterías y tlapalerías | Comercio al por menor de vidrios y espejos | Comercio al por menor de pintura | Comercio al por menor de artículos para la limpieza | Comercio al por menor de artículos para albercas y otros artículos | Comercio al por menor de pisos y recubrimientos cerámicos,14.02375539,40.47765761,56.64362374,588.3956198
11,29,41054,11029,29861,41266,0.723622353,29,72.5,Comercio al por menor en ferreterías y tlapalerías | Comercio al por menor de artículos para la limpieza | Comercio al por menor de materiales para la construcción en tiendas de autoservicio especializadas | Comercio al por menor de pintura | Comercio al por menor de pisos y recubrimientos cerámicos | Comercio al por menor de vidrios y espejos,7.063867102,17.65966775,53.41630932,1003.418355
11,30,119793,11030,72254,120372,0.600255873,101,292.5,Comercio al por menor de pisos y recubrimientos cerámicos | Comercio al por menor en ferreterías y tlapalerías | Comercio al por menor de artículos para la limpieza | Comercio al por menor de vidrios y espejos | Comercio al por menor de pintura,8.431210505,24.41711953,53.99715225,2977.961484
11,31,130871,11031,41545,131161,0.316748119,217,660.5,Comercio al por menor de pisos y recubrimientos cerámicos | Comercio al por menor de artículos para albercas y otros artículos | Comercio al por menor de pintura | Comercio al por menor en ferreterías y tlapalerías | Comercio al por menor de vidrios y espejos | Comercio al por menor de artículos para la limpieza | Comercio al por menor de materiales para la construcción en tiendas de autoservicio especializadas,16.58121356,50.46954635,57.66174266,421.6294836
11,32,89558,11032,55102,89775,0.613778892,181,610.5,Comercio al por menor en ferreterías y tlapalerías | Comercio al por menor de pintura | Comercio al por menor de vidrios y espejos | Comercio al por menor de artículos para la limpieza | Comercio al por menor de artículos para albercas y otros artículos | Comercio al por menor de pisos y recubrimientos cerámicos,20.21036647,68.16811452,57.24118506,543.2418669
11,33,128536,11033,64177,129234,0.496595323,177,511.5,Comercio al por menor de artículos para la limpieza | Comercio al por menor en ferreterías y tlapalerías | Comercio al por menor de vidrios y espejos | Comercio al por menor de pintura | Comercio al por menor de pisos y recubrimientos cerámicos | Comercio al por menor de artículos para albercas y otros artículos,13.77046119,39.79429887,55.09848795,2012.045974
11,34,5723,11034,5723,5748,0.995650661,9,28,Comercio al por menor en ferreterías y tlapalerías | Comercio al por menor de pisos y recubrimientos cerámicos | Comercio al por menor de vidrios y espejos,15.72601782,48.92538878,53.46337894,192.8759742
11,35,82340,11035,25537,82692,0.308820684,75,209.5,Comercio al por menor en ferreterías y tlapalerías | Comercio al por menor de artículos para la limpieza | Comercio al por menor de vidrios y espejos | Comercio al por menor de pisos y recubrimientos cerámicos | Comercio al por menor de pintura | Comercio al por menor de artículos para albercas y otros artículos,9.108574205,25.44328394,56.1745085,425.4770814
11,36,6714,11036,2748,6718,0.409050313,13,38,Comercio al por menor de vidrios y espejos | Comercio al por menor de pisos y recubrimientos cerámicos | Comercio al por menor en ferreterías y tlapalerías | Comercio al por menor de pintura | Comercio al por menor de artículos para la limpieza,19.36252606,56.59815311,55.68981408,82.99250982
11,37,203556,11037,78542,204368,0.384316527,227,722,Comercio al por menor de artículos para albercas y otros artículos | Comercio al por menor de vidrios y espejos | Comercio al por menor de pisos y recubrimientos cerámicos | Comercio al por menor de artículos para la limpieza | Comercio al por menor en ferreterías y tlapalerías | Comercio al por menor de pintura | Comercio al por menor de materiales para la construcción en tiendas de autoservicio especializadas,11.15172238,35.46935487,56.95249417,533.7447486
11,38,11304,11038,5653,11330,0.498940865,20,55.5,Comercio al por menor en ferreterías y tlapalerías | Comercio al por menor de pisos y recubrimientos cerámicos | Comercio al por menor de pintura | Comercio al por menor de artículos para la limpieza | Comercio al por menor de vidrios y espejos,17.69285209,49.09766454,56.63849696,119.9237731
11,39,35905,11039,19234,36004,0.53421842,38,100.5,Comercio al por menor de materiales para la construcción en tiendas de autoservicio especializadas | Comercio al por menor en ferreterías y tlapalerías | Comercio al por menor de artículos para la limpieza | Comercio al por menor de pintura | Comercio al por menor de artículos para albercas y otros artículos | Comercio al por menor de pisos y recubrimientos cerámicos | Comercio al por menor de vidrios y espejos,10.58348419,27.99053057,56.1138011,331.644249
11,40,20007,11040,20007,20031,0.998801857,15,55.5,Comercio al por menor de artículos para la limpieza | Comercio al por menor en ferreterías y tlapalerías | Comercio al por menor de pintura | Comercio al por menor de vidrios y espejos,7.497375918,27.7402909,52.54999171,405.6955147
11,41,61494,11041,9338,61533,0.151755968,118,364,Comercio al por menor de pisos y recubrimientos cerámicos | Comercio al por menor en ferreterías y tlapalerías | Comercio al por menor de vidrios y espejos | Comercio al por menor de artículos para la limpieza | Comercio al por menor de pintura | Comercio al por menor de artículos para albercas y otros artículos,19.18886395,59.19276677,57.72599824,115.4768116
11,42,150054,11042,74376,151716,0.490231749,163,458.5,Comercio al por menor en ferreterías y tlapalerías | Comercio al por menor de vidrios y espejos | Comercio al por menor de pintura | Comercio al por menor de artículos para la limpieza | Comercio al por menor de pisos y recubrimientos cerámicos | Comercio al por menor de artículos para albercas y otros artículos,10.86275607,30.55566663,56.29098197,813.1778774
11,43,21253,11043,18411,21411,0.859885106,16,45.5,Comercio al por menor de vidrios y espejos | Comercio al por menor en ferreterías y tlapalerías | Comercio al por menor de pintura | Comercio al por menor de artículos para la limpieza | Comercio al por menor de artículos para albercas y otros artículos,7.528348939,21.4087423,53.00478539,1037.47427
11,44,65791,11044,14757,66101,0.22324927,87,228.5,Comercio al por menor de vidrios y espejos | Comercio al por menor de artículos para la limpieza | Comercio al por menor de pintura | Comercio al por menor en ferreterías y tlapalerías | Comercio al por menor de materiales para la construcción en tiendas de autoservicio especializadas | Comercio al por menor de pisos y recubrimientos cerámicos | Comercio al por menor de artículos para albercas y otros artículos,13.22369321,34.73119424,57.74767579,128.5896972
11,45,11143,11045,11143,11144,0.999910266,8,20,Comercio al por menor en ferreterías y tlapalerías | Comercio al por menor de artículos para la limpieza | Comercio al por menor de vidrios y espejos,7.179395136,17.94848784,51.49843814,902.6906401
11,46,68741,11046,34758,68869,0.504697324,91,238.5,Comercio al por menor de materiales para la construcción en tiendas de autoservicio especializadas | Comercio al por menor de vidrios y espejos | Comercio al por menor de artículos para la limpieza | Comercio al por menor de pisos y recubrimientos cerámicos | Comercio al por menor en ferreterías y tlapalerías | Comercio al por menor de artículos para albercas y otros artículos | Comercio al por menor de pintura,13.23809662,34.69545104,55.54535694,661.331874
12,0,3540685,12000,0,7546,0,0,0,NA,0,0,NA,NA
12,1,779566,12001,85777,779790,0.110000128,857,3559.5,Comercio al por menor de artículos para la limpieza | Comercio al por menor en ferreterías y tlapalerías | Comercio al por menor de pisos y recubrimientos cerámicos | Comercio al por menor de pintura | Comercio al por menor de artículos para albercas y otros artículos | Comercio al por menor de vidrios y espejos | Comercio al por menor de materiales para la construcción en tiendas de autoservicio especializadas,10.99329627,45.66002109,56.43659627,1733.303915
12,2,25205,12002,21133,25357,0.83341878,15,61,Comercio al por menor en ferreterías y tlapalerías | Comercio al por menor de pintura | Comercio al por menor de vidrios y espejos,5.951200159,24.20154731,45.27670295,870.5440334
12,3,37655,12003,24710,37775,0.654136334,16,45.5,Comercio al por menor de artículos para la limpieza | Comercio al por menor en ferreterías y tlapalerías | Comercio al por menor de pintura,4.249103705,12.08338866,48.20012063,1991.592255
12,4,21225,12004,18110,21237,0.852756981,7,17.5,Comercio al por menor en ferreterías y tlapalerías | Comercio al por menor de pintura | Comercio al por menor de pisos y recubrimientos cerámicos | Comercio al por menor de artículos para la limpieza,3.297997644,8.244994111,44.22209997,470.1210764
12,5,7813,12005,3160,7818,0.404195446,6,20.5,Comercio al por menor en ferreterías y tlapalerías | Comercio al por menor de artículos para la limpieza,7.679508511,26.23832075,52.82469889,93.82722454
12,6,11112,12006,3856,11185,0.34474743,13,50.5,Comercio al por menor en ferreterías y tlapalerías | Comercio al por menor de pintura | Comercio al por menor de artículos para la limpieza | Comercio al por menor de vidrios y espejos,11.69906407,45.44636429,52.2489378,625.6187637
12,7,33267,12007,10733,33377,0.321568745,39,108.5,Comercio al por menor de vidrios y espejos | Comercio al por menor de pintura | Comercio al por menor de pisos y recubrimientos cerámicos | Comercio al por menor en ferreterías y tlapalerías | Comercio al por menor de artículos para la limpieza,11.72332943,32.61490366,53.79570248,752.1672128
12,8,9147,12008,5991,9168,0.653468586,4,10,Comercio al por menor en ferreterías y tlapalerías | Comercio al por menor de artículos para la limpieza | Comercio al por menor de pintura,4.373018476,10.93254619,49.29844696,556.7689168
12,9,5811,12009,5811,5814,0.999484004,2,5,Comercio al por menor en ferreterías y tlapalerías,3.441748408,8.60437102,42.52388053,146.6401325
12,10,28491,12010,22112,28543,0.774690817,10,25,Comercio al por menor en ferreterías y tlapalerías | Comercio al por menor de pintura | Comercio al por menor de artículos para la limpieza | Comercio al por menor de vidrios y espejos,3.509880313,8.774700783,44.32021271,573.438444
12,11,60680,12011,28723,60844,0.472076129,49,133.5,Comercio al por menor en ferreterías y tlapalerías | Comercio al por menor de pisos y recubrimientos cerámicos | Comercio al por menor de artículos para la limpieza | Comercio al por menor de materiales para la construcción en tiendas de autoservicio especializadas | Comercio al por menor de vidrios y espejos | Comercio al por menor de pintura,8.075148319,22.0006592,53.54494868,1450.284815
12,12,69123,12012,48338,69190,0.698626969,40,134.5,Comercio al por menor de vidrios y espejos | Comercio al por menor en ferreterías y tlapalerías | Comercio al por menor de pisos y recubrimientos cerámicos | Comercio al por menor de pintura | Comercio al por menor de artículos para la limpieza,5.786785874,19.4580675,45.94084938,690.8434525
12,13,15099,12013,10423,15158,0.687623697,12,48,Comercio al por menor de pintura | Comercio al por menor en ferreterías y tlapalerías,7.947546195,31.79018478,49.83939791,393.5157122
12,14,15442,12014,7948,15520,0.512113402,16,40,Comercio al por menor de artículos para la limpieza | Comercio al por menor en ferreterías y tlapalerías | Comercio al por menor de artículos para albercas y otros artículos | Comercio al por menor de pintura | Comercio al por menor de vidrios y espejos,10.36135216,25.90338039,55.39647106,230.9854474
12,15,12982,12015,5749,13020,0.441551459,8,20,Comercio al por menor en ferreterías y tlapalerías | Comercio al por menor de artículos para la limpieza | Comercio al por menor de pintura | Comercio al por menor de vidrios y espejos,6.162378678,15.4059467,55.9209098,303.013095
12,16,12408,12016,12408,12601,0.984683755,5,12.5,Comercio al por menor en ferreterías y tlapalerías | Comercio al por menor de pintura,4.029658285,10.07414571,43.09437019,2638.189683
12,17,15579,12017,11942,15589,0.766052986,10,36,Comercio al por menor en ferreterías y tlapalerías | Comercio al por menor de artículos para la limpieza | Comercio al por menor de pintura,6.418897233,23.10803004,52.71222844,444.7100759
12,18,14463,12018,7624,14531,0.524671392,12,35.5,Comercio al por menor en ferreterías y tlapalerías | Comercio al por menor de vidrios y espejos | Comercio al por menor de pintura,8.29703381,24.54539169,52.02695987,297.6449789
12,19,15598,12019,7736,15698,0.492801631,8,20,Comercio al por menor en ferreterías y tlapalerías | Comercio al por menor de artículos para la limpieza,5.128862675,12.82215669,40.47251024,731.271191
12,20,21648,12020,18213,21703,0.839192738,6,15,Comercio al por menor en ferreterías y tlapalerías | Comercio al por menor de pisos y recubrimientos cerámicos,2.771618625,6.929046563,42.26055971,306.6995909
12,21,73056,12021,46651,73200,0.637308743,31,119,Comercio al por menor de artículos para albercas y otros artículos | Comercio al por menor en ferreterías y tlapalerías | Comercio al por menor de materiales para la construcción en tiendas de autoservicio especializadas | Comercio al por menor de artículos para la limpieza | Comercio al por menor de pintura | Comercio al por menor de pisos y recubrimientos cerámicos | Comercio al por menor de vidrios y espejos,4.243320193,16.28887429,52.2596397,1813.356438
12,22,38554,12022,28410,39114,0.726338395,8,25.5,Comercio al por menor en ferreterías y tlapalerías | Comercio al por menor de pintura | Comercio al por menor de vidrios y espejos,2.075011672,6.614099704,49.13333315,3350.840185
12,23,26627,12023,12133,26840,0.45204918,24,83.5,Comercio al por menor de pintura | Comercio al por menor en ferreterías y tlapalerías | Comercio al por menor de vidrios y espejos | Comercio al por menor de artículos para albercas y otros artículos | Comercio al por menor de artículos para la limpieza,9.013407444,31.35914673,51.7467112,466.4210185
12,24,7874,12024,7874,7903,0.996330507,4,10,Comercio al por menor en ferreterías y tlapalerías,5.08001016,12.7000254,50.12613899,239.011957
12,25,17024,12025,12951,17036,0.760213665,8,20,Comercio al por menor en ferreterías y tlapalerías | Comercio al por menor de pintura | Comercio al por menor de vidrios y espejos,4.69924812,11.7481203,47.32255779,314.9202111
12,26,8272,12026,8272,8303,0.99626641,0,0,NA,0,0,45.81304756,372.2262199
12,27,20537,12027,15820,20673,0.765249359,8,20,Comercio al por menor en ferreterías y tlapalerías | Comercio al por menor de pintura | Comercio al por menor de vidrios y espejos,3.895408287,9.738520719,50.53482411,1330.609747
12,28,123722,12028,72181,123761,0.583228966,161,441,Comercio al por menor en ferreterías y tlapalerías | Comercio al por menor de artículos para la limpieza | Comercio al por menor de pintura | Comercio al por menor de materiales para la construcción en tiendas de autoservicio especializadas | Comercio al por menor de vidrios y espejos | Comercio al por menor de pisos y recubrimientos cerámicos,13.01304538,35.64442864,47.43576429,749.6601893
12,29,283354,12029,29558,283511,0.104256978,540,1718.5,Comercio al por menor de pisos y recubrimientos cerámicos | Comercio al por menor en ferreterías y tlapalerías | Comercio al por menor de artículos para la limpieza | Comercio al por menor de vidrios y espejos | Comercio al por menor de artículos para albercas y otros artículos | Comercio al por menor de pintura | Comercio al por menor de materiales para la construcción en tiendas de autoservicio especializadas,19.05743346,60.6485174,56.45922576,2181.508064
12,30,22250,12030,8810,22270,0.395599461,26,88.5,Comercio al por menor en ferreterías y tlapalerías | Comercio al por menor de vidrios y espejos | Comercio al por menor de pisos y recubrimientos cerámicos | Comercio al por menor de artículos para la limpieza | Comercio al por menor de materiales para la construcción en tiendas de autoservicio especializadas | Comercio al por menor de pintura | Comercio al por menor de artículos para albercas y otros artículos,11.68539326,39.7752809,51.59555073,285.2633441
12,31,6278,12031,6278,6340,0.99022082,1,2.5,Comercio al por menor en ferreterías y tlapalerías,1.592863969,3.982159924,48.01183262,259.2459329
12,32,37254,12032,28812,37443,0.769489624,17,53.5,Comercio al por menor de vidrios y espejos | Comercio al por menor de artículos para la limpieza | Comercio al por menor en ferreterías y tlapalerías | Comercio al por menor de pintura | Comercio al por menor de pisos y recubrimientos cerámicos,4.563268374,14.360874,45.66987526,1725.328809
12,33,17488,12033,9705,17492,0.554825063,19,71,Comercio al por menor de pintura | Comercio al por menor en ferreterías y tlapalerías | Comercio al por menor de artículos para la limpieza | Comercio al por menor de vidrios y espejos | Comercio al por menor de pisos y recubrimientos cerámicos,10.86459286,40.59926807,53.65052226,274.6216798
12,34,36593,12034,15532,36626,0.424070333,26,94,Comercio al por menor de artículos para la limpieza | Comercio al por menor en ferreterías y tlapalerías | Comercio al por menor de vidrios y espejos | Comercio al por menor de pintura | Comercio al por menor de pisos y recubrimientos cerámicos,7.105184052,25.68797311,51.23651917,1324.336824
12,35,154173,12035,15971,154767,0.103193833,225,789.5,Comercio al por menor en ferreterías y tlapalerías | Comercio al por menor de artículos para la limpieza | Comercio al por menor de pisos y recubrimientos cerámicos | Comercio al por menor de vidrios y espejos | Comercio al por menor de pintura | Comercio al por menor de artículos para albercas y otros artículos,14.59399506,51.2087071,55.7895844,569.0322757
12,36,11739,12036,8629,11749,0.734445485,3,7.5,Comercio al por menor en ferreterías y tlapalerías,2.555583951,6.388959877,48.71331601,195.672151
12,37,6138,12037,6138,6152,0.997724317,3,13,Comercio al por menor en ferreterías y tlapalerías,4.887585533,21.17953731,52.1177767,211.4251411
12,38,126001,12038,21329,126280,0.168902439,165,641,Comercio al por menor de artículos para albercas y otros artículos | Comercio al por menor de vidrios y espejos | Comercio al por menor de artículos para la limpieza | Comercio al por menor de materiales para la construcción en tiendas de autoservicio especializadas | Comercio al por menor de pintura | Comercio al por menor en ferreterías y tlapalerías | Comercio al por menor de pisos y recubrimientos cerámicos,13.09513417,50.87261212,56.74802927,1467.074801
12,39,26093,12039,13831,26105,0.529821873,22,107.5,Comercio al por menor de artículos para albercas y otros artículos | Comercio al por menor en ferreterías y tlapalerías | Comercio al por menor de pintura | Comercio al por menor de pisos y recubrimientos cerámicos | Comercio al por menor de artículos para la limpieza | Comercio al por menor de vidrios y espejos,8.431380064,41.19878895,53.51188463,409.3475725
12,40,26357,12040,10612,26376,0.402335456,19,47.5,Comercio al por menor en ferreterías y tlapalerías | Comercio al por menor de pintura | Comercio al por menor de pisos y recubrimientos cerámicos | Comercio al por menor de artículos para la limpieza | Comercio al por menor de vidrios y espejos,7.208711158,18.0217779,51.15195522,720.3636836
12,41,29625,12041,29625,29656,0.99895468,3,7.5,Comercio al por menor en ferreterías y tlapalerías,1.012658228,2.53164557,45.33245071,384.5675764
12,42,18613,12042,10984,18614,0.590093478,11,27.5,Comercio al por menor en ferreterías y tlapalerías | Comercio al por menor de pintura | Comercio al por menor de vidrios y espejos,5.909847956,14.77461989,48.5815374,614.6189914
12,43,18859,12043,14848,18948,0.783618324,16,40,Comercio al por menor en ferreterías y tlapalerías | Comercio al por menor de pintura | Comercio al por menor de vidrios y espejos,8.484012938,21.21003235,42.35100419,584.2830373
12,44,12402,12044,6350,12424,0.511107534,10,30.5,Comercio al por menor en ferreterías y tlapalerías | Comercio al por menor de pintura | Comercio al por menor de artículos para la limpieza | Comercio al por menor de vidrios y espejos,8.06321561,24.59280761,53.08269181,512.8883215
12,45,28446,12045,17131,28676,0.597398521,39,108.5,Comercio al por menor en ferreterías y tlapalerías | Comercio al por menor de pintura | Comercio al por menor de artículos para la limpieza | Comercio al por menor de pisos y recubrimientos cerámicos | Comercio al por menor de vidrios y espejos,13.71018772,38.14244534,43.86087997,705.9396069
12,46,68207,12046,22800,68387,0.333396698,104,316.5,Comercio al por menor en ferreterías y tlapalerías | Comercio al por menor de pintura | Comercio al por menor de pisos y recubrimientos cerámicos | Comercio al por menor de artículos para la limpieza | Comercio al por menor de artículos para albercas y otros artículos | Comercio al por menor de vidrios y espejos,15.24770185,46.40286188,50.44008999,604.5993014
12,47,7076,12047,7076,7105,0.995918367,0,0,NA,0,0,42.99675733,293.2243115
12,48,44583,12048,14227,44873,0.317050342,43,187,Comercio al por menor de vidrios y espejos | Comercio al por menor en ferreterías y tlapalerías | Comercio al por menor de pintura | Comercio al por menor de artículos para la limpieza | Comercio al por menor de artículos para albercas y otros artículos,9.644931925,41.94423884,54.41204451,1971.460338
12,49,12753,12049,6569,12794,0.513443802,9,22.5,Comercio al por menor de artículos para la limpieza | Comercio al por menor en ferreterías y tlapalerías | Comercio al por menor de pintura | Comercio al por menor de vidrios y espejos,7.05716302,17.64290755,54.20257804,161.6494104
12,50,38482,12050,9368,38527,0.243154152,61,239.5,Comercio al por menor en ferreterías y tlapalerías | Comercio al por menor de vidrios y espejos | Comercio al por menor de pintura | Comercio al por menor de pisos y recubrimientos cerámicos | Comercio al por menor de artículos para la limpieza | Comercio al por menor de artículos para albercas y otros artículos,15.85156697,62.23688997,55.55669473,125.9685643
12,51,36143,12051,25114,36148,0.694754897,25,73.5,Comercio al por menor en ferreterías y tlapalerías | Comercio al por menor de pisos y recubrimientos cerámicos | Comercio al por menor de pintura | Comercio al por menor de artículos para la limpieza | Comercio al por menor de vidrios y espejos,6.916968708,20.335888,49.32904026,846.0774311
12,52,46270,12052,25785,46340,0.556430729,42,116,Comercio al por menor de pisos y recubrimientos cerámicos | Comercio al por menor en ferreterías y tlapalerías | Comercio al por menor de pintura | Comercio al por menor de vidrios y espejos | Comercio al por menor de artículos para la limpieza,9.077155825,25.0702399,43.03206667,1102.644619
12,53,50124,12053,28909,50181,0.576094538,45,129,Comercio al por menor en ferreterías y tlapalerías | Comercio al por menor de pintura | Comercio al por menor de artículos para la limpieza | Comercio al por menor de artículos para albercas y otros artículos | Comercio al por menor de vidrios y espejos,8.977735217,25.73617429,49.75226811,1012.131575
12,54,24139,12054,19829,24233,0.81826435,2,5,Comercio al por menor en ferreterías y tlapalerías,0.828534736,2.071336841,43.51958685,2368.130008
12,55,105586,12055,36447,105645,0.344995031,72,243.5,Comercio al por menor de vidrios y espejos | Comercio al por menor en ferreterías y tlapalerías | Comercio al por menor de artículos para albercas y otros artículos | Comercio al por menor de pisos y recubrimientos cerámicos | Comercio al por menor de pintura | Comercio al por menor de materiales para la construcción en tiendas de autoservicio especializadas | Comercio al por menor de artículos para la limpieza,6.819085864,23.06176955,54.48616307,648.5062579
12,56,46063,12056,34580,46113,0.749896992,10,30.5,Comercio al por menor de pisos y recubrimientos cerámicos | Comercio al por menor en ferreterías y tlapalerías | Comercio al por menor de vidrios y espejos,2.1709398,6.62136639,48.73583771,698.8937879
12,57,65237,12057,26998,65834,0.41009205,65,190,Comercio al por menor de vidrios y espejos | Comercio al por menor de artículos para la limpieza | Comercio al por menor de pisos y recubrimientos cerámicos | Comercio al por menor en ferreterías y tlapalerías | Comercio al por menor de artículos para albercas y otros artículos | Comercio al por menor de pintura,9.963670923,29.12457654,53.36076697,2846.602705
12,58,53817,12058,25868,53889,0.480023753,61,198,Comercio al por menor de vidrios y espejos | Comercio al por menor en ferreterías y tlapalerías | Comercio al por menor de artículos para la limpieza | Comercio al por menor de pisos y recubrimientos cerámicos | Comercio al por menor de pintura | Comercio al por menor de materiales para la construcción en tiendas de autoservicio especializadas,11.33470836,36.79134846,51.8347732,1006.521668
12,59,30806,12059,21167,30857,0.685970768,15,43,Comercio al por menor en ferreterías y tlapalerías | Comercio al por menor de pintura | Comercio al por menor de artículos para la limpieza | Comercio al por menor de vidrios y espejos,4.869181328,13.95831981,50.45755678,851.1566754
12,60,13552,12060,13552,13563,0.99918897,8,25.5,Comercio al por menor en ferreterías y tlapalerías | Comercio al por menor de pintura | Comercio al por menor de artículos para la limpieza | Comercio al por menor de vidrios y espejos,5.903187721,18.81641086,51.67914068,216.9887408
12,61,43171,12061,11930,43449,0.274574789,42,116,Comercio al por menor en ferreterías y tlapalerías | Comercio al por menor de vidrios y espejos | Comercio al por menor de pintura | Comercio al por menor de artículos para la limpieza | Comercio al por menor de artículos para albercas y otros artículos,9.728753098,26.86988951,52.09592636,388.4961906
12,62,22781,12062,17748,22829,0.777432213,14,35,Comercio al por menor de vidrios y espejos | Comercio al por menor en ferreterías y tlapalerías | Comercio al por menor de pintura | Comercio al por menor de artículos para la limpieza,6.145472104,15.36368026,42.94981429,804.4394215
12,63,10092,12063,10092,10102,0.999010097,2,5,Comercio al por menor en ferreterías y tlapalerías,1.981767737,4.954419342,43.23581466,280.2480235
12,64,11681,12064,7382,11690,0.631479897,6,15,Comercio al por menor en ferreterías y tlapalerías | Comercio al por menor de pintura | Comercio al por menor de vidrios y espejos,5.136546529,12.84136632,52.47070072,470.5855924
12,65,7602,12065,5073,7613,0.666360173,7,23,Comercio al por menor en ferreterías y tlapalerías | Comercio al por menor de pisos y recubrimientos cerámicos | Comercio al por menor de vidrios y espejos,9.208103131,30.255196,48.22940896,117.4206277
12,66,96125,12066,33536,96227,0.348509254,188,528,Comercio al por menor de pisos y recubrimientos cerámicos | Comercio al por menor en ferreterías y tlapalerías | Comercio al por menor de materiales para la construcción en tiendas de autoservicio especializadas | Comercio al por menor de pintura | Comercio al por menor de artículos para la limpieza | Comercio al por menor de vidrios y espejos | Comercio al por menor de artículos para albercas y otros artículos,19.55786736,54.92847854,51.95490921,608.8961625
12,67,22209,12067,11346,22241,0.510138933,7,17.5,Comercio al por menor en ferreterías y tlapalerías | Comercio al por menor de artículos para la limpieza | Comercio al por menor de pintura,3.151875366,7.879688415,52.53536411,283.9492346
12,68,26349,12068,19693,26497,0.743216213,7,23,Comercio al por menor en ferreterías y tlapalerías | Comercio al por menor de artículos para la limpieza | Comercio al por menor de pisos y recubrimientos cerámicos | Comercio al por menor de vidrios y espejos,2.656647311,8.728984022,52.00261219,1757.80832
12,69,11966,12069,7560,12015,0.629213483,5,12.5,Comercio al por menor en ferreterías y tlapalerías,4.178505766,10.44626442,42.70923797,226.6889888
12,70,7862,12070,2441,7882,0.309692971,8,20,Comercio al por menor en ferreterías y tlapalerías | Comercio al por menor de artículos para la limpieza,10.17552786,25.43881964,51.71099894,261.2465501
12,71,29891,12071,20088,29958,0.670538754,14,40.5,Comercio al por menor en ferreterías y tlapalerías | Comercio al por menor de pintura,4.683684052,13.54922886,44.96324229,454.3038365
12,72,12004,12072,12004,12010,0.999500416,6,31.5,Comercio al por menor en ferreterías y tlapalerías,4.998333889,26.24125292,45.44865284,228.5020712
12,73,18031,12073,14352,18334,0.782807898,7,28.5,Comercio al por menor en ferreterías y tlapalerías | Comercio al por menor de pintura | Comercio al por menor de artículos para la limpieza,3.882202873,15.8061117,49.27169845,2138.819489
12,74,21977,12074,10043,21977,0.456977749,12,30,Comercio al por menor en ferreterías y tlapalerías | Comercio al por menor de artículos para la limpieza,5.460253902,13.65063475,47.11580903,304.4039915
12,75,53126,12075,11550,53188,0.217154245,66,198,Comercio al por menor en ferreterías y tlapalerías | Comercio al por menor de pintura | Comercio al por menor de pisos y recubrimientos cerámicos | Comercio al por menor de vidrios y espejos | Comercio al por menor de artículos para albercas y otros artículos | Comercio al por menor de artículos para la limpieza,12.42329556,37.26988668,53.06901257,1247.959955
12,76,40197,12076,37428,40271,0.929403293,9,28,Comercio al por menor en ferreterías y tlapalerías | Comercio al por menor de pintura,2.238973058,6.965693957,42.32904682,631.5204169
12,77,14280,12077,7423,14319,0.518402123,29,72.5,Comercio al por menor en ferreterías y tlapalerías | Comercio al por menor de vidrios y espejos | Comercio al por menor de pisos y recubrimientos cerámicos | Comercio al por menor de artículos para albercas y otros artículos | Comercio al por menor de pintura | Comercio al por menor de artículos para la limpieza,20.30812325,50.77030812,52.31050656,217.7000762
12,78,21241,12078,17544,21310,0.823275458,7,17.5,Comercio al por menor en ferreterías y tlapalerías | Comercio al por menor de materiales para la construcción en tiendas de autoservicio especializadas | Comercio al por menor de pintura,3.295513394,8.238783485,32.20544058,639.1556483
12,79,18381,12079,18381,18391,0.999456256,3,7.5,Comercio al por menor en ferreterías y tlapalerías | Comercio al por menor de pintura,1.632120124,4.08030031,40.12058241,132.0044619
12,80,7559,12080,4029,7583,0.531320058,5,12.5,Comercio al por menor en ferreterías y tlapalerías | Comercio al por menor de artículos para la limpieza,6.614631565,16.53657891,48.48070479,254.6147512
12,81,11679,12081,11679,11679,1,16,51,Comercio al por menor en ferreterías y tlapalerías | Comercio al por menor de pisos y recubrimientos cerámicos | Comercio al por menor de pintura | Comercio al por menor de artículos para la limpieza,13.69980307,43.66812227,46.83940991,236.6044311
13,0,3082841,13000,0,2899,0,0,0,NA,0,0,NA,NA
13,1,22268,13001,22268,22295,0.998788966,10,25,Comercio al por menor en ferreterías y tlapalerías | Comercio al por menor de artículos para la limpieza | Comercio al por menor de pintura | Comercio al por menor de vidrios y espejos,4.490749057,11.22687264,53.86670994,239.78124
13,2,46065,13002,26306,46078,0.570901515,46,126,Comercio al por menor de pintura | Comercio al por menor de artículos para la limpieza | Comercio al por menor en ferreterías y tlapalerías | Comercio al por menor de vidrios y espejos,9.985889504,27.35265386,50.6464688,237.0880406
13,3,61002,13003,16323,61003,0.267577004,180,505,Comercio al por menor de vidrios y espejos | Comercio al por menor de artículos para la limpieza | Comercio al por menor de pisos y recubrimientos cerámicos | Comercio al por menor en ferreterías y tlapalerías | Comercio al por menor de pintura | Comercio al por menor de artículos para albercas y otros artículos,29.50722927,82.78417101,57.38241851,269.6948005
13,4,10313,13004,10313,10316,0.99970919,16,45.5,Comercio al por menor de artículos para la limpieza | Comercio al por menor en ferreterías y tlapalerías | Comercio al por menor de pintura | Comercio al por menor de artículos para albercas y otros artículos | Comercio al por menor de vidrios y espejos,15.5143993,44.11907301,53.42998116,119.0774016
13,5,18872,13005,6060,18897,0.320685823,41,102.5,Comercio al por menor en ferreterías y tlapalerías | Comercio al por menor de materiales para la construcción en tiendas de autoservicio especializadas | Comercio al por menor de artículos para la limpieza | Comercio al por menor de pintura | Comercio al por menor de pisos y recubrimientos cerámicos | Comercio al por menor de artículos para albercas y otros artículos | Comercio al por menor de vidrios y espejos,21.72530733,54.31326833,57.05539624,237.2294946
13,6,19162,13006,19162,19185,0.998801147,19,53,Comercio al por menor en ferreterías y tlapalerías | Comercio al por menor de pintura | Comercio al por menor de artículos para la limpieza | Comercio al por menor de vidrios y espejos,9.915457677,27.65890826,54.23537582,430.0849488
13,7,12546,13007,6928,12685,0.546156878,19,47.5,Comercio al por menor de vidrios y espejos | Comercio al por menor de artículos para albercas y otros artículos | Comercio al por menor en ferreterías y tlapalerías | Comercio al por menor de artículos para la limpieza,15.14426909,37.86067272,56.25830676,270.5337036
13,8,46681,13008,12238,46762,0.261708225,101,305,Comercio al por menor de vidrios y espejos | Comercio al por menor de artículos para la limpieza | Comercio al por menor en ferreterías y tlapalerías | Comercio al por menor de artículos para albercas y otros artículos | Comercio al por menor de pisos y recubrimientos cerámicos | Comercio al por menor de pintura,21.63621173,65.33707504,57.74741151,320.1243512
13,9,19836,13009,13586,19837,0.684881787,18,45,Comercio al por menor en ferreterías y tlapalerías | Comercio al por menor de artículos para albercas y otros artículos | Comercio al por menor de artículos para la limpieza | Comercio al por menor de pisos y recubrimientos cerámicos | Comercio al por menor de pintura,9.074410163,22.68602541,55.60606206,136.5561551
13,10,31525,13010,2422,31559,0.076745144,75,360.5,Comercio al por menor de vidrios y espejos | Comercio al por menor de artículos para la limpieza | Comercio al por menor de pisos y recubrimientos cerámicos | Comercio al por menor en ferreterías y tlapalerías | Comercio al por menor de pintura | Comercio al por menor de artículos para albercas y otros artículos | Comercio al por menor de materiales para la construcción en tiendas de autoservicio especializadas,23.79064235,114.3536875,59.18987925,61.99804813
13,11,19812,13011,16852,19842,0.849309545,16,45.5,Comercio al por menor en ferreterías y tlapalerías | Comercio al por menor de pintura | Comercio al por menor de artículos para la limpieza | Comercio al por menor de artículos para albercas y otros artículos | Comercio al por menor de vidrios y espejos,8.075913588,22.96587927,52.72695516,141.3693661
13,12,30135,13012,21718,30144,0.720475053,51,138.5,Comercio al por menor de vidrios y espejos | Comercio al por menor en ferreterías y tlapalerías | Comercio al por menor de artículos para la limpieza | Comercio al por menor de pisos y recubrimientos cerámicos | Comercio al por menor de artículos para albercas y otros artículos | Comercio al por menor de pintura,16.92384271,45.95984735,54.72054387,454.9195717
13,13,62470,13013,14846,62476,0.237627249,113,304.5,Comercio al por menor en ferreterías y tlapalerías | Comercio al por menor de vidrios y espejos | Comercio al por menor de artículos para la limpieza | Comercio al por menor de materiales para la construcción en tiendas de autoservicio especializadas | Comercio al por menor de pintura | Comercio al por menor de pisos y recubrimientos cerámicos,18.08868257,48.74339683,59.06280862,121.4562016
13,14,16150,13014,11915,16207,0.735176158,23,63,Comercio al por menor en ferreterías y tlapalerías | Comercio al por menor de pisos y recubrimientos cerámicos | Comercio al por menor de pintura | Comercio al por menor de artículos para la limpieza,14.24148607,39.00928793,52.88498808,209.155505
13,15,19431,13015,19431,19435,0.999794186,3,7.5,Comercio al por menor en ferreterías y tlapalerías | Comercio al por menor de vidrios y espejos,1.543924656,3.859811641,54.74363162,588.7146725
13,16,60421,13016,30787,60499,0.508884444,106,292.5,Comercio al por menor de vidrios y espejos | Comercio al por menor de artículos para la limpieza | Comercio al por menor de artículos para albercas y otros artículos | Comercio al por menor en ferreterías y tlapalerías | Comercio al por menor de pintura | Comercio al por menor de pisos y recubrimientos cerámicos,17.54356929,48.41032091,54.97940181,388.6191339
13,17,12967,13017,12967,12986,0.998536886,21,52.5,Comercio al por menor de artículos para la limpieza | Comercio al por menor en ferreterías y tlapalerías | Comercio al por menor de pintura | Comercio al por menor de vidrios y espejos,16.19495643,40.48739107,53.46547404,276.199229
13,18,22903,13018,18849,22971,0.820556354,16,40,Comercio al por menor de artículos para la limpieza | Comercio al por menor en ferreterías y tlapalerías | Comercio al por menor de pintura | Comercio al por menor de pisos y recubrimientos cerámicos | Comercio al por menor de vidrios y espejos,6.985984369,17.46496092,53.1936148,229.5191065
13,19,18909,13019,16397,18921,0.866603245,17,42.5,Comercio al por menor en ferreterías y tlapalerías | Comercio al por menor de artículos para la limpieza | Comercio al por menor de pintura | Comercio al por menor de vidrios y espejos,8.990427839,22.4760696,54.86188901,221.0917365
13,20,2593,13020,2593,2611,0.99310609,0,0,NA,0,0,54.49486523,237.4972338
13,21,15175,13021,5591,15211,0.367562948,21,63.5,Comercio al por menor de artículos para la limpieza | Comercio al por menor en ferreterías y tlapalerías | Comercio al por menor de pintura | Comercio al por menor de vidrios y espejos,13.83855025,41.84514003,58.15255334,122.2282289
13,22,16285,13022,12975,16332,0.794452608,10,25,Comercio al por menor de artículos para la limpieza | Comercio al por menor en ferreterías y tlapalerías | Comercio al por menor de vidrios y espejos,6.140620203,15.35155051,56.32745286,141.3152842
13,23,36248,13023,15057,36253,0.415331145,90,225,Comercio al por menor en ferreterías y tlapalerías | Comercio al por menor de artículos para albercas y otros artículos | Comercio al por menor de vidrios y espejos | Comercio al por menor de artículos para la limpieza | Comercio al por menor de pisos y recubrimientos cerámicos | Comercio al por menor de pintura,24.82895608,62.0723902,57.85737448,97.28973821
13,24,17607,13024,17607,17623,0.999092096,7,17.5,Comercio al por menor en ferreterías y tlapalerías | Comercio al por menor de pintura | Comercio al por menor de artículos para la limpieza,3.975691486,9.939228716,54.64164347,300.5494216
13,25,20673,13025,16867,20679,0.815658397,9,22.5,Comercio al por menor de artículos para la limpieza | Comercio al por menor en ferreterías y tlapalerías | Comercio al por menor de pintura,4.353504571,10.88376143,50.71555784,289.6830113
13,26,12766,13026,12766,12775,0.999295499,3,7.5,Comercio al por menor en ferreterías y tlapalerías | Comercio al por menor de artículos para la limpieza,2.349992167,5.874980417,52.38885734,106.4963612
13,27,22846,13027,19853,22896,0.867094689,17,42.5,Comercio al por menor de vidrios y espejos | Comercio al por menor en ferreterías y tlapalerías | Comercio al por menor de artículos para la limpieza,7.44112755,18.60281887,48.84376513,212.1795786
13,28,126781,13028,72166,126825,0.569020304,132,490,Comercio al por menor de artículos para la limpieza | Comercio al por menor de pisos y recubrimientos cerámicos | Comercio al por menor en ferreterías y tlapalerías | Comercio al por menor de pintura | Comercio al por menor de artículos para albercas y otros artículos | Comercio al por menor de vidrios y espejos | Comercio al por menor de materiales para la construcción en tiendas de autoservicio especializadas,10.41165474,38.64932443,53.65829543,390.4509506
13,29,47425,13029,30547,47520,0.642824074,63,204.5,Comercio al por menor en ferreterías y tlapalerías | Comercio al por menor de pisos y recubrimientos cerámicos | Comercio al por menor de artículos para la limpieza | Comercio al por menor de pintura | Comercio al por menor de artículos para albercas y otros artículos | Comercio al por menor de vidrios y espejos,13.28413284,43.12071692,56.05435718,655.5347042
13,30,98654,13030,53922,98674,0.546466141,225,624.5,Comercio al por menor de vidrios y espejos | Comercio al por menor en ferreterías y tlapalerías | Comercio al por menor de artículos para la limpieza | Comercio al por menor de pisos y recubrimientos cerámicos | Comercio al por menor de artículos para albercas y otros artículos | Comercio al por menor de pintura,22.80698198,63.30204553,56.53733233,482.625101
13,31,12290,13031,7708,12327,0.62529407,21,52.5,Comercio al por menor en ferreterías y tlapalerías | Comercio al por menor de artículos para la limpieza | Comercio al por menor de pintura | Comercio al por menor de pisos y recubrimientos cerámicos | Comercio al por menor de vidrios y espejos,17.08706265,42.71765663,53.96563508,437.066955
13,32,10523,13032,4604,10804,0.426138467,6,15,Comercio al por menor en ferreterías y tlapalerías | Comercio al por menor de pintura | Comercio al por menor de artículos para la limpieza | Comercio al por menor de vidrios y espejos,5.701796066,14.25449016,53.32254718,38.03383868
13,33,2895,13033,2895,2910,0.994845361,0,0,NA,0,0,54.51714784,109.8296781
13,34,9474,13034,9474,9530,0.99412382,0,0,NA,0,0,52.38120682,175.6361921
13,35,13078,13035,13078,13082,0.999694236,10,25,Comercio al por menor de artículos para la limpieza | Comercio al por menor en ferreterías y tlapalerías | Comercio al por menor de vidrios y espejos,7.646429118,19.11607279,54.92427792,145.2213044
13,36,9449,13036,9449,9458,0.999048425,2,5,Comercio al por menor en ferreterías y tlapalerías | Comercio al por menor de artículos para la limpieza,2.116626098,5.291565245,55.22523386,243.7219368
13,37,20962,13037,17688,21005,0.842085218,19,53,Comercio al por menor de pintura | Comercio al por menor en ferreterías y tlapalerías | Comercio al por menor de artículos para la limpieza | Comercio al por menor de artículos para albercas y otros artículos | Comercio al por menor de vidrios y espejos,9.064020609,25.28384696,52.91069642,790.3605287
13,38,8878,13038,8878,8894,0.998201034,1,2.5,Comercio al por menor en ferreterías y tlapalerías,1.126379815,2.815949538,53.87177479,190.6853715
13,39,14324,13039,3175,14347,0.22130062,29,72.5,Comercio al por menor de vidrios y espejos | Comercio al por menor de artículos para la limpieza | Comercio al por menor en ferreterías y tlapalerías | Comercio al por menor de pintura,20.24574141,50.61435353,57.29275155,53.03103834
13,40,9819,13040,9819,9838,0.998068713,3,13,Comercio al por menor en ferreterías y tlapalerías | Comercio al por menor de artículos para la limpieza,3.055300947,13.23963744,50.05793093,230.6822133
13,41,47222,13041,16324,47256,0.345437616,123,376.5,Comercio al por menor de vidrios y espejos | Comercio al por menor de artículos para la limpieza | Comercio al por menor de pisos y recubrimientos cerámicos | Comercio al por menor en ferreterías y tlapalerías | Comercio al por menor de artículos para albercas y otros artículos | Comercio al por menor de materiales para la construcción en tiendas de autoservicio especializadas | Comercio al por menor de pintura,26.0471814,79.72978696,57.98062742,134.8351855
13,42,11578,13042,6583,11612,0.566913538,25,73.5,Comercio al por menor en ferreterías y tlapalerías | Comercio al por menor de pintura | Comercio al por menor de artículos para la limpieza | Comercio al por menor de vidrios y espejos,21.59267576,63.48246675,54.69635139,196.5365397
13,43,6265,13043,6265,6267,0.999680868,4,10,Comercio al por menor en ferreterías y tlapalerías | Comercio al por menor de artículos para la limpieza,6.384676776,15.96169194,53.63542382,247.5576275
13,44,16948,13044,16948,17068,0.992969299,9,22.5,Comercio al por menor de artículos para la limpieza | Comercio al por menor en ferreterías y tlapalerías | Comercio al por menor de vidrios y espejos,5.310361105,13.27590276,54.1033825,338.7216291
13,45,9295,13045,9295,9295,1,7,17.5,Comercio al por menor en ferreterías y tlapalerías | Comercio al por menor de pintura | Comercio al por menor de artículos para la limpieza | Comercio al por menor de vidrios y espejos,7.530930608,18.82732652,55.38921663,79.13822654
13,46,38492,13046,23370,38527,0.606587588,45,136,Comercio al por menor de vidrios y espejos | Comercio al por menor en ferreterías y tlapalerías | Comercio al por menor de artículos para la limpieza | Comercio al por menor de pintura,11.69074093,35.33201704,52.80447124,320.9724114
13,47,4748,13047,4748,4759,0.99768859,1,2.5,Comercio al por menor de artículos para la limpieza,2.106149958,5.265374895,50.13991441,381.9559658
13,48,314331,13048,8477,314345,0.026967186,862,3027,Comercio al por menor en ferreterías y tlapalerías | Comercio al por menor de pisos y recubrimientos cerámicos | Comercio al por menor de vidrios y espejos | Comercio al por menor de pintura | Comercio al por menor de artículos para la limpieza | Comercio al por menor de artículos para albercas y otros artículos | Comercio al por menor de materiales para la construcción en tiendas de autoservicio especializadas,27.42332128,96.29976044,59.92392089,152.9008657
13,49,18723,13049,18723,18759,0.998080921,7,17.5,Comercio al por menor en ferreterías y tlapalerías | Comercio al por menor de artículos para la limpieza | Comercio al por menor de pintura,3.738717086,9.346792715,52.62257941,186.3324602
13,50,23641,13050,3256,23651,0.137668598,91,251,Comercio al por menor de vidrios y espejos | Comercio al por menor de artículos para albercas y otros artículos | Comercio al por menor de artículos para la limpieza | Comercio al por menor en ferreterías y tlapalerías | Comercio al por menor de pintura | Comercio al por menor de pisos y recubrimientos cerámicos,38.49244956,106.1714817,58.40507117,90.27221635
13,51,202749,13051,64855,202817,0.319771025,448,1339,Comercio al por menor de pisos y recubrimientos cerámicos | Comercio al por menor de vidrios y espejos | Comercio al por menor de pintura | Comercio al por menor de artículos para la limpieza | Comercio al por menor en ferreterías y tlapalerías | Comercio al por menor de artículos para albercas y otros artículos | Comercio al por menor de materiales para la construcción en tiendas de autoservicio especializadas,22.09628654,66.04224928,59.89236186,111.7206952
13,52,38891,13052,20950,38931,0.538131566,46,120.5,Comercio al por menor de artículos para la limpieza | Comercio al por menor de vidrios y espejos | Comercio al por menor en ferreterías y tlapalerías | Comercio al por menor de pintura | Comercio al por menor de artículos para albercas y otros artículos,11.82792934,30.9840323,56.75576954,295.1874258
13,53,17699,13053,14935,17750,0.841408451,8,20,Comercio al por menor de artículos para la limpieza | Comercio al por menor en ferreterías y tlapalerías,4.52002938,11.30007345,48.69172714,356.5074519
13,54,36796,13054,30100,36796,0.818023698,38,100.5,Comercio al por menor de artículos para la limpieza | Comercio al por menor de vidrios y espejos | Comercio al por menor en ferreterías y tlapalerías | Comercio al por menor de pintura | Comercio al por menor de pisos y recubrimientos cerámicos | Comercio al por menor de artículos para albercas y otros artículos,10.32720948,27.31275139,56.41943295,204.1232826
13,55,18329,13055,13075,18339,0.712961448,26,65,Comercio al por menor de artículos para la limpieza | Comercio al por menor en ferreterías y tlapalerías | Comercio al por menor de artículos para albercas y otros artículos | Comercio al por menor de pintura | Comercio al por menor de pisos y recubrimientos cerámicos | Comercio al por menor de vidrios y espejos,14.18517104,35.4629276,55.44931667,254.1902373
13,56,39561,13056,13536,39574,0.342042755,87,284.5,Comercio al por menor de artículos para la limpieza | Comercio al por menor de vidrios y espejos | Comercio al por menor de materiales para la construcción en tiendas de autoservicio especializadas | Comercio al por menor en ferreterías y tlapalerías | Comercio al por menor de pisos y recubrimientos cerámicos | Comercio al por menor de pintura | Comercio al por menor de artículos para albercas y otros artículos,21.99135512,71.91425899,57.55320005,63.82835948
13,57,15142,13057,10337,15287,0.67619546,24,60,Comercio al por menor de pintura | Comercio al por menor en ferreterías y tlapalerías | Comercio al por menor de artículos para la limpieza | Comercio al por menor de vidrios y espejos,15.84995377,39.62488443,54.72418404,417.2255516
13,58,17441,13058,13411,17442,0.768891182,23,63,Comercio al por menor de vidrios y espejos | Comercio al por menor en ferreterías y tlapalerías | Comercio al por menor de pintura | Comercio al por menor de artículos para la limpieza,13.18731724,36.12178201,54.80780965,238.0490102
13,59,38010,13059,28749,38031,0.755935947,48,120,Comercio al por menor de pintura | Comercio al por menor de pisos y recubrimientos cerámicos | Comercio al por menor en ferreterías y tlapalerías | Comercio al por menor de artículos para albercas y otros artículos | Comercio al por menor de artículos para la limpieza | Comercio al por menor de vidrios y espejos,12.62825572,31.57063931,54.55081079,520.7382127
13,60,17503,13060,14889,17532,0.849247091,13,32.5,Comercio al por menor en ferreterías y tlapalerías | Comercio al por menor de vidrios y espejos | Comercio al por menor de pintura | Comercio al por menor de artículos para la limpieza,7.427298177,18.56824544,53.26352766,175.2521489
13,61,56245,13061,8140,56279,0.144636543,132,471.5,Comercio al por menor de artículos para la limpieza | Comercio al por menor de pisos y recubrimientos cerámicos | Comercio al por menor de vidrios y espejos | Comercio al por menor en ferreterías y tlapalerías | Comercio al por menor de artículos para albercas y otros artículos | Comercio al por menor de pintura,23.46875278,83.82967375,59.17601713,241.2753378
13,62,31235,13062,31235,31272,0.998816833,8,20,Comercio al por menor en ferreterías y tlapalerías | Comercio al por menor de artículos para la limpieza,2.56122939,6.403073475,48.8791423,344.2098135
13,63,90546,13063,24592,90581,0.271491814,179,595,Comercio al por menor en ferreterías y tlapalerías | Comercio al por menor de vidrios y espejos | Comercio al por menor de artículos para la limpieza | Comercio al por menor de pintura | Comercio al por menor de pisos y recubrimientos cerámicos | Comercio al por menor de artículos para albercas y otros artículos,19.76895722,65.71245555,57.38850681,350.9819532
13,64,10830,13064,10830,10833,0.999723068,8,20,Comercio al por menor de vidrios y espejos | Comercio al por menor en ferreterías y tlapalerías | Comercio al por menor de artículos para la limpieza,7.386888273,18.46722068,55.77676832,146.7379158
13,65,11768,13065,2623,11788,0.222514421,21,52.5,Comercio al por menor de artículos para la limpieza | Comercio al por menor de vidrios y espejos | Comercio al por menor de pintura | Comercio al por menor en ferreterías y tlapalerías,17.8450034,44.6125085,58.13023034,44.60325837
13,66,13032,13066,4064,13043,0.311584758,27,73,Comercio al por menor de pintura | Comercio al por menor de artículos para albercas y otros artículos | Comercio al por menor de artículos para la limpieza | Comercio al por menor en ferreterías y tlapalerías | Comercio al por menor de vidrios y espejos,20.71823204,56.01596071,57.71644104,90.09851993
13,67,55134,13067,18931,55161,0.343195374,134,362.5,Comercio al por menor de vidrios y espejos | Comercio al por menor de artículos para la limpieza | Comercio al por menor en ferreterías y tlapalerías | Comercio al por menor de artículos para albercas y otros artículos | Comercio al por menor de pintura | Comercio al por menor de pisos y recubrimientos cerámicos,24.30442195,65.74890267,57.05450751,162.120454
13,68,14340,13068,14340,14357,0.998815909,4,10,Comercio al por menor de artículos para la limpieza | Comercio al por menor en ferreterías y tlapalerías,2.789400279,6.973500697,50.17993334,263.3997197
13,69,168302,13069,9337,168348,0.055462494,499,1380,Comercio al por menor en ferreterías y tlapalerías | Comercio al por menor de artículos para la limpieza | Comercio al por menor de vidrios y espejos | Comercio al por menor de pintura | Comercio al por menor de pisos y recubrimientos cerámicos | Comercio al por menor de artículos para albercas y otros artículos | Comercio al por menor de materiales para la construcción en tiendas de autoservicio especializadas,29.6490832,81.99546054,59.4173311,76.28623016
13,70,19067,13070,2847,19083,0.149190379,50,136,Comercio al por menor de vidrios y espejos | Comercio al por menor en ferreterías y tlapalerías | Comercio al por menor de artículos para albercas y otros artículos | Comercio al por menor de pisos y recubrimientos cerámicos | Comercio al por menor de artículos para la limpieza | Comercio al por menor de pintura,26.22331777,71.32742435,57.5885858,31.29114507
13,71,9086,13071,9086,9199,0.987716056,3,7.5,Comercio al por menor en ferreterías y tlapalerías | Comercio al por menor de artículos para la limpieza,3.301782963,8.254457407,51.26305692,526.9605
13,72,11113,13072,3051,11144,0.273779612,26,65,Comercio al por menor de artículos para la limpieza | Comercio al por menor en ferreterías y tlapalerías | Comercio al por menor de materiales para la construcción en tiendas de autoservicio especializadas | Comercio al por menor de vidrios y espejos,23.39602268,58.49005669,58.75989556,82.36567219
13,73,37722,13073,29053,37752,0.769575122,26,76,Comercio al por menor en ferreterías y tlapalerías | Comercio al por menor de pintura | Comercio al por menor de vidrios y espejos | Comercio al por menor de pisos y recubrimientos cerámicos | Comercio al por menor de artículos para la limpieza,6.892529558,20.14739409,52.87380394,388.5897089
13,74,28626,13074,1317,28632,0.045997485,109,296,Comercio al por menor de vidrios y espejos | Comercio al por menor de artículos para la limpieza | Comercio al por menor en ferreterías y tlapalerías | Comercio al por menor de pintura | Comercio al por menor de artículos para albercas y otros artículos,38.07727241,103.4025012,58.34177997,38.69555261
13,75,21362,13075,4662,21420,0.217647059,56,156.5,Comercio al por menor de artículos para la limpieza | Comercio al por menor de vidrios y espejos | Comercio al por menor en ferreterías y tlapalerías | Comercio al por menor de pintura,26.2147739,73.26093062,57.99343126,127.9018749
13,76,115107,13076,32858,115141,0.285371848,246,832.5,Comercio al por menor de vidrios y espejos | Comercio al por menor de artículos para la limpieza | Comercio al por menor de pintura | Comercio al por menor de pisos y recubrimientos cerámicos | Comercio al por menor en ferreterías y tlapalerías | Comercio al por menor de materiales para la construcción en tiendas de autoservicio especializadas | Comercio al por menor de artículos para albercas y otros artículos,21.37141964,72.32401157,58.42769605,333.6735098
13,77,168369,13077,22515,168386,0.133710641,520,1695,Comercio al por menor de pisos y recubrimientos cerámicos | Comercio al por menor de artículos para la limpieza | Comercio al por menor en ferreterías y tlapalerías | Comercio al por menor de vidrios y espejos | Comercio al por menor de pintura | Comercio al por menor de artículos para albercas y otros artículos | Comercio al por menor de materiales para la construcción en tiendas de autoservicio especializadas,30.88454525,100.6717389,58.06956568,215.810444
13,78,18260,13078,18260,18271,0.999397953,6,15,Comercio al por menor en ferreterías y tlapalerías | Comercio al por menor de artículos para la limpieza | Comercio al por menor de pintura | Comercio al por menor de vidrios y espejos,3.285870756,8.214676889,48.69375013,134.2304318
13,79,7015,13079,7015,7028,0.998150256,2,10.5,Comercio al por menor en ferreterías y tlapalerías,2.8510335,14.96792587,54.73501401,175.3202568
13,80,24674,13080,19733,24677,0.799651497,6,15,Comercio al por menor en ferreterías y tlapalerías,2.431709492,6.079273729,48.86267065,152.9949233
13,81,38155,13081,8683,38159,0.227547892,73,193.5,Comercio al por menor de vidrios y espejos | Comercio al por menor de pintura | Comercio al por menor en ferreterías y tlapalerías | Comercio al por menor de pisos y recubrimientos cerámicos | Comercio al por menor de artículos para albercas y otros artículos | Comercio al por menor de artículos para la limpieza,19.13248591,50.71419211,56.54038648,270.4099021
13,82,21443,13082,272,21463,0.012672972,75,193,Comercio al por menor de vidrios y espejos | Comercio al por menor de artículos para la limpieza | Comercio al por menor en ferreterías y tlapalerías | Comercio al por menor de pintura,34.97644919,90.00606258,57.85721529,104.5089856
13,83,57906,13083,22802,58016,0.393029509,114,290.5,Comercio al por menor de artículos para la limpieza | Comercio al por menor en ferreterías y tlapalerías | Comercio al por menor de artículos para albercas y otros artículos | Comercio al por menor de vidrios y espejos | Comercio al por menor de pintura | Comercio al por menor de materiales para la construcción en tiendas de autoservicio especializadas | Comercio al por menor de pisos y recubrimientos cerámicos,19.68707906,50.16751287,58.51002213,317.6537874
13,84,39927,13084,25195,39977,0.630237386,57,148,Comercio al por menor en ferreterías y tlapalerías | Comercio al por menor de artículos para la limpieza | Comercio al por menor de pintura | Comercio al por menor de vidrios y espejos | Comercio al por menor de pisos y recubrimientos cerámicos | Comercio al por menor de artículos para albercas y otros artículos,14.2760538,37.06764846,55.9023555,865.0489597
14,0,8348151,14000,0,23529,0,0,0,NA,0,0,NA,NA
14,1,23175,14001,7248,23299,0.311086313,24,65.5,Comercio al por menor en ferreterías y tlapalerías | Comercio al por menor de artículos para la limpieza | Comercio al por menor de pintura | Comercio al por menor de vidrios y espejos | Comercio al por menor de pisos y recubrimientos cerámicos,10.35598706,28.26321467,56.89769066,336.289043
14,2,25250,14002,3299,26855,0.122844908,39,125,Comercio al por menor en ferreterías y tlapalerías | Comercio al por menor de vidrios y espejos | Comercio al por menor de artículos para la limpieza | Comercio al por menor de pintura | Comercio al por menor de artículos para albercas y otros artículos,15.44554455,49.5049505,58.7390304,159.3859272
14,3,23630,14003,3897,23697,0.164451196,37,127,Comercio al por menor en ferreterías y tlapalerías | Comercio al por menor de artículos para la limpieza | Comercio al por menor de pintura | Comercio al por menor de pisos y recubrimientos cerámicos | Comercio al por menor de artículos para albercas y otros artículos | Comercio al por menor de vidrios y espejos,15.65806179,53.7452391,59.16477763,271.6678399
14,4,5743,14004,2718,5779,0.470323585,4,10,Comercio al por menor en ferreterías y tlapalerías | Comercio al por menor de pintura | Comercio al por menor de vidrios y espejos,6.965000871,17.41250218,56.38174645,123.9309657
14,5,16490,14005,4310,16538,0.260611924,15,228.5,Comercio al por menor de artículos para la limpieza | Comercio al por menor en ferreterías y tlapalerías | Comercio al por menor de pintura | Comercio al por menor de pisos y recubrimientos cerámicos | Comercio al por menor de vidrios y espejos,9.096422074,138.5688296,58.28525141,171.0722409
14,6,60386,14006,19766,60544,0.326473309,81,273,Comercio al por menor de pintura | Comercio al por menor en ferreterías y tlapalerías | Comercio al por menor de artículos para albercas y otros artículos | Comercio al por menor de artículos para la limpieza | Comercio al por menor de pisos y recubrimientos cerámicos | Comercio al por menor de vidrios y espejos,13.41370516,45.20915444,58.38504131,832.2559755
14,7,9433,14007,3838,9437,0.406697044,9,28,Comercio al por menor en ferreterías y tlapalerías | Comercio al por menor de artículos para la limpieza,9.540973179,29.68302767,57.95494028,193.0290615
14,8,80609,14008,16676,81029,0.205802861,187,629,Comercio al por menor de vidrios y espejos | Comercio al por menor de pisos y recubrimientos cerámicos | Comercio al por menor de artículos para albercas y otros artículos | Comercio al por menor de pintura | Comercio al por menor en ferreterías y tlapalerías | Comercio al por menor de artículos para la limpieza,23.19840216,78.0309891,57.94946893,941.717335
14,9,21115,14009,5696,21186,0.268856792,33,284.5,Comercio al por menor de pintura | Comercio al por menor en ferreterías y tlapalerías | Comercio al por menor de artículos para albercas y otros artículos | Comercio al por menor de vidrios y espejos | Comercio al por menor de artículos para la limpieza,15.62869998,134.7383377,58.79377272,110.8040564
14,10,7758,14010,1324,7791,0.169939674,14,35,Comercio al por menor de pintura | Comercio al por menor de artículos para la limpieza | Comercio al por menor en ferreterías y tlapalerías | Comercio al por menor de vidrios y espejos | Comercio al por menor de pisos y recubrimientos cerámicos,18.04588812,45.11472029,56.18696764,353.1529509
14,11,5599,14011,5599,5624,0.995554765,0,0,NA,0,0,54.64864006,437.1435709
14,12,4176,14012,4176,4256,0.981203008,3,7.5,Comercio al por menor en ferreterías y tlapalerías,7.183908046,17.95977011,57.53008389,605.4399685
14,13,64009,14013,23306,64221,0.3629031,89,315,Comercio al por menor en ferreterías y tlapalerías | Comercio al por menor de pisos y recubrimientos cerámicos | Comercio al por menor de pintura | Comercio al por menor de artículos para la limpieza | Comercio al por menor de vidrios y espejos | Comercio al por menor de artículos para albercas y otros artículos,13.90429471,49.21182959,58.19250151,506.7081603
14,14,8689,14014,3300,8732,0.377920293,13,32.5,Comercio al por menor en ferreterías y tlapalerías | Comercio al por menor de pintura | Comercio al por menor de artículos para la limpieza | Comercio al por menor de vidrios y espejos,14.96144551,37.40361376,56.28312639,448.3189308
14,15,64931,14015,12912,65326,0.197654839,78,279,Comercio al por menor en ferreterías y tlapalerías | Comercio al por menor de vidrios y espejos | Comercio al por menor de pisos y recubrimientos cerámicos | Comercio al por menor de artículos para la limpieza | Comercio al por menor de artículos para albercas y otros artículos | Comercio al por menor de pintura,12.012752,42.96868984,58.67892796,700.5141452
14,16,41552,14016,13536,41634,0.325118893,50,141.5,Comercio al por menor en ferreterías y tlapalerías | Comercio al por menor de artículos para la limpieza | Comercio al por menor de pisos y recubrimientos cerámicos | Comercio al por menor de vidrios y espejos | Comercio al por menor de pintura | Comercio al por menor de artículos para albercas y otros artículos,12.03311513,34.05371583,56.52317949,427.3838647
14,17,12880,14017,5411,12969,0.417225692,17,77,Comercio al por menor de pintura | Comercio al por menor de artículos para albercas y otros artículos | Comercio al por menor en ferreterías y tlapalerías | Comercio al por menor de artículos para la limpieza | Comercio al por menor de pisos y recubrimientos cerámicos | Comercio al por menor de vidrios y espejos,13.19875776,59.7826087,57.35273314,876.9880778
14,18,67937,14018,26360,68086,0.387157419,109,350.5,Comercio al por menor en ferreterías y tlapalerías | Comercio al por menor de vidrios y espejos | Comercio al por menor de artículos para la limpieza | Comercio al por menor de pisos y recubrimientos cerámicos | Comercio al por menor de pintura | Comercio al por menor de artículos para albercas y otros artículos,16.04427631,51.59191604,57.68831001,414.9131039
14,19,7043,14019,7043,7491,0.940194901,4,15.5,Comercio al por menor en ferreterías y tlapalerías | Comercio al por menor de vidrios y espejos,5.679397984,22.00766719,41.18246969,839.5542045
14,20,10940,14020,7105,11179,0.635566688,6,15,Comercio al por menor en ferreterías y tlapalerías | Comercio al por menor de vidrios y espejos,5.484460695,13.71115174,54.92836912,1532.024027
14,21,20548,14021,5865,20645,0.284088157,24,82,Comercio al por menor de vidrios y espejos | Comercio al por menor en ferreterías y tlapalerías | Comercio al por menor de pintura | Comercio al por menor de artículos para la limpieza,11.67996885,39.90656025,57.53245448,519.4506546
14,22,40139,14022,6592,40287,0.163625984,69,219.5,Comercio al por menor de artículos para la limpieza | Comercio al por menor de artículos para albercas y otros artículos | Comercio al por menor de vidrios y espejos | Comercio al por menor en ferreterías y tlapalerías | Comercio al por menor de pisos y recubrimientos cerámicos | Comercio al por menor de pintura,17.19026383,54.68496973,57.26191105,498.8898368
14,23,115141,14023,3166,115950,0.027304873,164,809,Comercio al por menor en ferreterías y tlapalerías | Comercio al por menor de vidrios y espejos | Comercio al por menor de pisos y recubrimientos cerámicos | Comercio al por menor de artículos para albercas y otros artículos | Comercio al por menor de artículos para la limpieza | Comercio al por menor de pintura,14.24340591,70.26167916,59.9441552,271.7176606
14,24,29267,14024,10079,29327,0.343676476,40,111,Comercio al por menor en ferreterías y tlapalerías | Comercio al por menor de vidrios y espejos | Comercio al por menor de artículos para la limpieza | Comercio al por menor de pintura | Comercio al por menor de pisos y recubrimientos cerámicos,13.6672703,37.92667509,57.86959634,328.6308466
14,25,19689,14025,4560,19751,0.230874386,31,77.5,Comercio al por menor en ferreterías y tlapalerías | Comercio al por menor de artículos para la limpieza | Comercio al por menor de pintura | Comercio al por menor de pisos y recubrimientos cerámicos | Comercio al por menor de vidrios y espejos,15.74483214,39.36208035,58.38359456,641.4713514
14,26,6334,14026,1221,6346,0.192404664,18,50.5,Comercio al por menor en ferreterías y tlapalerías | Comercio al por menor de pintura | Comercio al por menor de artículos para albercas y otros artículos | Comercio al por menor de vidrios y espejos,28.41806126,79.72844964,58.0194071,263.7548698
14,27,18370,14027,15576,18490,0.842401298,3,13,Comercio al por menor en ferreterías y tlapalerías | Comercio al por menor de pintura,1.633097441,7.07675558,49.63952035,1383.012693
14,28,2166,14028,2166,2213,0.978761862,2,5,Comercio al por menor en ferreterías y tlapalerías,9.233610342,23.08402585,55.92064847,413.9832647
14,29,17820,14029,12809,18067,0.708972159,15,43,Comercio al por menor de vidrios y espejos | Comercio al por menor en ferreterías y tlapalerías | Comercio al por menor de pintura | Comercio al por menor de artículos para la limpieza,8.417508418,24.1301908,55.89525201,637.3002104
14,30,55196,14030,5785,55266,0.104675569,112,389,Comercio al por menor de artículos para albercas y otros artículos | Comercio al por menor de vidrios y espejos | Comercio al por menor de artículos para la limpieza | Comercio al por menor en ferreterías y tlapalerías | Comercio al por menor de pintura | Comercio al por menor de pisos y recubrimientos cerámicos | Comercio al por menor de materiales para la construcción en tiendas de autoservicio especializadas,20.29132546,70.47612146,59.00800613,625.2049319
14,31,3270,14031,3270,3371,0.970038564,2,5,Comercio al por menor en ferreterías y tlapalerías,6.116207951,15.29051988,49.61211216,669.3055997
14,32,5983,14032,1684,6019,0.279780694,5,12.5,Comercio al por menor en ferreterías y tlapalerías | Comercio al por menor de vidrios y espejos,8.357011533,20.89252883,55.10207428,295.2152147
14,33,21226,14033,9614,21308,0.451192041,37,116,Comercio al por menor en ferreterías y tlapalerías | Comercio al por menor de vidrios y espejos | Comercio al por menor de artículos para la limpieza | Comercio al por menor de pisos y recubrimientos cerámicos | Comercio al por menor de pintura,17.43145199,54.6499576,56.98014205,423.3100909
14,34,1981,14034,1981,2000,0.9905,1,2.5,Comercio al por menor en ferreterías y tlapalerías,5.047955578,12.61988894,56.60534008,295.5783857
14,35,53039,14035,21144,53862,0.392558761,56,151,Comercio al por menor de artículos para la limpieza | Comercio al por menor de vidrios y espejos | Comercio al por menor de pintura | Comercio al por menor en ferreterías y tlapalerías | Comercio al por menor de artículos para albercas y otros artículos | Comercio al por menor de pisos y recubrimientos cerámicos,10.55826844,28.4696167,57.38533569,1241.262817
14,36,20011,14036,5314,20065,0.264839272,30,104,Comercio al por menor de artículos para albercas y otros artículos | Comercio al por menor en ferreterías y tlapalerías | Comercio al por menor de pintura | Comercio al por menor de pisos y recubrimientos cerámicos | Comercio al por menor de artículos para la limpieza | Comercio al por menor de vidrios y espejos,14.99175454,51.97141572,58.79127434,334.884851
14,37,25920,14037,3182,26025,0.122267051,44,204,Comercio al por menor de vidrios y espejos | Comercio al por menor de artículos para albercas y otros artículos | Comercio al por menor de pisos y recubrimientos cerámicos | Comercio al por menor en ferreterías y tlapalerías | Comercio al por menor de pintura | Comercio al por menor de artículos para la limpieza,16.97530864,78.7037037,58.65068427,176.1261329
14,38,4199,14038,4199,4283,0.980387579,3,7.5,Comercio al por menor en ferreterías y tlapalerías,7.144558228,17.86139557,55.78321712,830.6801003
14,39,1385629,14039,8,1385637,5.77E-06,2901,12907,Comercio al por menor de pintura | Comercio al por menor de artículos para la limpieza | Comercio al por menor de vidrios y espejos | Comercio al por menor de artículos para albercas y otros artículos | Comercio al por menor en ferreterías y tlapalerías | Comercio al por menor de pisos y recubrimientos cerámicos | Comercio al por menor de materiales para la construcción en tiendas de autoservicio especializadas,20.9363401,93.14903196,60.76426044,149.686582
14,40,8732,14040,5232,8782,0.595764063,4,15.5,Comercio al por menor en ferreterías y tlapalerías,4.580852038,17.75080165,55.12874928,749.5508098
14,41,5920,14041,2158,5955,0.362384551,11,27.5,Comercio al por menor en ferreterías y tlapalerías | Comercio al por menor de vidrios y espejos | Comercio al por menor de pintura | Comercio al por menor de pisos y recubrimientos cerámicos | Comercio al por menor de artículos para albercas y otros artículos,18.58108108,46.4527027,56.41309985,306.0202601
14,42,10015,14042,4066,10113,0.402056759,12,57.5,Comercio al por menor en ferreterías y tlapalerías | Comercio al por menor de pisos y recubrimientos cerámicos | Comercio al por menor de vidrios y espejos,11.98202696,57.41387918,54.58722905,761.3986008
14,43,23258,14043,15304,23433,0.653096061,33,226,Comercio al por menor de artículos para la limpieza | Comercio al por menor en ferreterías y tlapalerías | Comercio al por menor de pisos y recubrimientos cerámicos | Comercio al por menor de pintura | Comercio al por menor de vidrios y espejos,14.18866627,97.17086594,56.73073473,2000.017131
14,44,67969,14044,20627,68228,0.302324559,49,140.5,Comercio al por menor de artículos para la limpieza | Comercio al por menor de pisos y recubrimientos cerámicos | Comercio al por menor en ferreterías y tlapalerías | Comercio al por menor de pintura | Comercio al por menor de artículos para albercas y otros artículos | Comercio al por menor de vidrios y espejos,7.209168886,20.67118834,58.18436045,199.6579076
14,45,20465,14045,13583,20781,0.653625908,28,92,Comercio al por menor en ferreterías y tlapalerías | Comercio al por menor de pintura | Comercio al por menor de vidrios y espejos | Comercio al por menor de pisos y recubrimientos cerámicos | Comercio al por menor de artículos para la limpieza,13.68189592,44.95480088,56.40210633,824.5253441
14,46,32678,14046,7788,32950,0.236358118,49,133.5,Comercio al por menor de artículos para albercas y otros artículos | Comercio al por menor de artículos para la limpieza | Comercio al por menor en ferreterías y tlapalerías | Comercio al por menor de pintura | Comercio al por menor de pisos y recubrimientos cerámicos | Comercio al por menor de vidrios y espejos,14.99479772,40.85317339,58.21019572,516.0986954
14,47,24894,14047,3375,24927,0.135395354,36,126,Comercio al por menor de artículos para la limpieza | Comercio al por menor en ferreterías y tlapalerías | Comercio al por menor de pintura | Comercio al por menor de pisos y recubrimientos cerámicos | Comercio al por menor de vidrios y espejos,14.46131598,50.61460593,57.69057779,161.5113523
14,48,18982,14048,9546,19212,0.496876952,21,74.5,Comercio al por menor en ferreterías y tlapalerías | Comercio al por menor de vidrios y espejos | Comercio al por menor de artículos para la limpieza | Comercio al por menor de pintura | Comercio al por menor de pisos y recubrimientos cerámicos,11.06311242,39.24770836,56.11359081,659.6231548
14,49,9425,14049,9425,10389,0.907209549,1,2.5,Comercio al por menor en ferreterías y tlapalerías,1.061007958,2.652519894,53.76358078,1468.015231
14,50,47105,14050,8016,47214,0.16978015,62,193.5,Comercio al por menor de vidrios y espejos | Comercio al por menor en ferreterías y tlapalerías | Comercio al por menor de pintura | Comercio al por menor de materiales para la construcción en tiendas de autoservicio especializadas | Comercio al por menor de pisos y recubrimientos cerámicos | Comercio al por menor de artículos para la limpieza,13.1620847,41.07844178,57.51851386,321.8148509
14,51,30855,14051,4594,30914,0.14860581,28,75.5,Comercio al por menor en ferreterías y tlapalerías | Comercio al por menor de artículos para la limpieza | Comercio al por menor de artículos para albercas y otros artículos,9.074704262,24.46929185,59.40800989,136.9574659
14,52,5534,14052,2006,5561,0.360726488,10,54,Comercio al por menor en ferreterías y tlapalerías | Comercio al por menor de vidrios y espejos,18.07011203,97.57860499,56.25862689,244.1052873
14,53,172403,14053,49219,173326,0.283967783,278,761,Comercio al por menor de artículos para la limpieza | Comercio al por menor en ferreterías y tlapalerías | Comercio al por menor de pisos y recubrimientos cerámicos | Comercio al por menor de vidrios y espejos | Comercio al por menor de pintura | Comercio al por menor de artículos para albercas y otros artículos,16.12500943,44.14076321,57.70715953,2490.293123
14,54,5368,14054,2243,5374,0.417379978,7,17.5,Comercio al por menor de artículos para la limpieza | Comercio al por menor en ferreterías y tlapalerías | Comercio al por menor de vidrios y espejos,13.04023845,32.60059613,57.18603306,113.4578541
14,55,21781,14055,4908,21794,0.225199596,27,246,Comercio al por menor de vidrios y espejos | Comercio al por menor de artículos para la limpieza | Comercio al por menor de artículos para albercas y otros artículos | Comercio al por menor en ferreterías y tlapalerías | Comercio al por menor de materiales para la construcción en tiendas de autoservicio especializadas | Comercio al por menor de pintura | Comercio al por menor de pisos y recubrimientos cerámicos,12.39612506,112.9424728,58.2058393,290.6073686
14,56,1815,14056,1815,1993,0.910687406,1,2.5,Comercio al por menor en ferreterías y tlapalerías,5.509641873,13.77410468,50.64077208,771.7300018
14,57,4099,14057,1371,4111,0.3334955,9,22.5,Comercio al por menor de pintura | Comercio al por menor en ferreterías y tlapalerías | Comercio al por menor de artículos para albercas y otros artículos | Comercio al por menor de artículos para la limpieza | Comercio al por menor de vidrios y espejos,21.95657477,54.89143694,57.39153155,133.0314618
14,58,14451,14058,5179,14799,0.349956078,25,79,Comercio al por menor en ferreterías y tlapalerías | Comercio al por menor de artículos para la limpieza | Comercio al por menor de artículos para albercas y otros artículos | Comercio al por menor de pintura | Comercio al por menor de vidrios y espejos,17.29984084,54.66749706,58.22558696,1827.937494
14,59,14043,14059,5901,14110,0.418214033,34,96,Comercio al por menor de vidrios y espejos | Comercio al por menor en ferreterías y tlapalerías | Comercio al por menor de artículos para la limpieza | Comercio al por menor de pintura | Comercio al por menor de pisos y recubrimientos cerámicos | Comercio al por menor de artículos para albercas y otros artículos,24.21135085,68.36146123,57.82396628,286.9459129
14,60,5307,14060,1958,5392,0.363130564,7,17.5,Comercio al por menor en ferreterías y tlapalerías | Comercio al por menor de pintura | Comercio al por menor de artículos para la limpieza,13.19012625,32.97531562,56.0956585,284.3300363
14,61,22083,14061,19444,23996,0.810301717,3,7.5,Comercio al por menor en ferreterías y tlapalerías | Comercio al por menor de artículos para la limpieza | Comercio al por menor de pintura,1.358511072,3.39627768,31.30566844,3328.821724
14,62,3638,14062,3638,3694,0.984840282,6,15,Comercio al por menor en ferreterías y tlapalerías | Comercio al por menor de artículos para la limpieza,16.49257834,41.23144585,56.30813263,625.8440316
14,63,106050,14063,8418,106100,0.079340245,254,861.5,Comercio al por menor de artículos para la limpieza | Comercio al por menor en ferreterías y tlapalerías | Comercio al por menor de vidrios y espejos | Comercio al por menor de artículos para albercas y otros artículos | Comercio al por menor de pisos y recubrimientos cerámicos | Comercio al por menor de materiales para la construcción en tiendas de autoservicio especializadas | Comercio al por menor de pintura,23.95096653,81.23526638,58.7587782,240.7979703
14,64,33588,14064,13729,33703,0.407352461,50,143,Comercio al por menor de pisos y recubrimientos cerámicos | Comercio al por menor de artículos para la limpieza | Comercio al por menor en ferreterías y tlapalerías | Comercio al por menor de artículos para albercas y otros artículos | Comercio al por menor de pintura | Comercio al por menor de vidrios y espejos,14.88626891,42.57472907,55.98498662,1144.22936
14,65,11386,14065,4718,11632,0.405605227,8,20,Comercio al por menor en ferreterías y tlapalerías | Comercio al por menor de pintura,7.026172493,17.56543123,56.32399055,870.116909
14,66,53659,14066,14863,53773,0.276402656,78,231,Comercio al por menor en ferreterías y tlapalerías | Comercio al por menor de vidrios y espejos | Comercio al por menor de pintura | Comercio al por menor de pisos y recubrimientos cerámicos | Comercio al por menor de artículos para la limpieza,14.5362381,43.04962821,56.4942337,828.4996478
14,67,291839,14067,14399,291986,0.049314008,408,1904.5,Comercio al por menor de pisos y recubrimientos cerámicos | Comercio al por menor en ferreterías y tlapalerías | Comercio al por menor de artículos para albercas y otros artículos | Comercio al por menor de vidrios y espejos | Comercio al por menor de pintura | Comercio al por menor de artículos para la limpieza | Comercio al por menor de materiales para la construcción en tiendas de autoservicio especializadas,13.98031106,65.25858436,59.7578031,675.492548
14,68,11303,14068,5338,11575,0.461166307,17,48,Comercio al por menor en ferreterías y tlapalerías | Comercio al por menor de vidrios y espejos | Comercio al por menor de pintura,15.0402548,42.46660179,56.00862749,1835.692611
14,69,7734,14069,7734,7855,0.984595799,7,28.5,Comercio al por menor de pisos y recubrimientos cerámicos | Comercio al por menor en ferreterías y tlapalerías | Comercio al por menor de pintura | Comercio al por menor de artículos para albercas y otros artículos | Comercio al por menor de vidrios y espejos,9.050943884,36.85027153,54.21057508,669.7988532
14,70,232852,14070,7103,233728,0.030390026,381,1123.5,Comercio al por menor en ferreterías y tlapalerías | Comercio al por menor de artículos para albercas y otros artículos | Comercio al por menor de artículos para la limpieza | Comercio al por menor de vidrios y espejos | Comercio al por menor de materiales para la construcción en tiendas de autoservicio especializadas | Comercio al por menor de pisos y recubrimientos cerámicos | Comercio al por menor de pintura,16.36232457,48.24953189,58.63808793,92.0038813
14,71,2924,14071,2924,3078,0.949967511,3,7.5,Comercio al por menor en ferreterías y tlapalerías | Comercio al por menor de artículos para la limpieza,10.25991792,25.6497948,54.38233309,518.2621084
14,72,7609,14072,1584,7797,0.20315506,13,43.5,Comercio al por menor de vidrios y espejos | Comercio al por menor de pintura | Comercio al por menor en ferreterías y tlapalerías | Comercio al por menor de artículos para albercas y otros artículos | Comercio al por menor de artículos para la limpieza,17.08503088,57.16914181,57.45093035,348.5576315
14,73,72230,14073,14502,72652,0.199609095,73,287.5,Comercio al por menor de vidrios y espejos | Comercio al por menor de artículos para la limpieza | Comercio al por menor en ferreterías y tlapalerías | Comercio al por menor de pintura | Comercio al por menor de artículos para albercas y otros artículos | Comercio al por menor de pisos y recubrimientos cerámicos,10.1066039,39.80340579,58.28805599,839.7713905
14,74,16792,14074,2272,16897,0.134461739,38,136.5,Comercio al por menor de vidrios y espejos | Comercio al por menor de artículos para la limpieza | Comercio al por menor de pisos y recubrimientos cerámicos | Comercio al por menor de pintura | Comercio al por menor en ferreterías y tlapalerías,22.62982373,81.28870891,58.29260658,259.6000838
14,75,3791,14075,313,3846,0.081383255,7,23,Comercio al por menor en ferreterías y tlapalerías | Comercio al por menor de artículos para la limpieza,18.46478502,60.67000791,56.82713367,302.8643964
14,76,3095,14076,3095,3269,0.946772713,2,5,Comercio al por menor en ferreterías y tlapalerías,6.462035541,16.15508885,53.38197183,680.8786443
14,77,28102,14077,12951,28154,0.460005683,30,116.5,Comercio al por menor de artículos para la limpieza | Comercio al por menor de vidrios y espejos | Comercio al por menor en ferreterías y tlapalerías | Comercio al por menor de pisos y recubrimientos cerámicos | Comercio al por menor de pintura,10.67539677,41.45612412,57.52204202,340.1794124
14,78,31965,14078,6040,32280,0.187112763,50,148.5,Comercio al por menor en ferreterías y tlapalerías | Comercio al por menor de pisos y recubrimientos cerámicos | Comercio al por menor de artículos para albercas y otros artículos | Comercio al por menor de vidrios y espejos | Comercio al por menor de artículos para la limpieza | Comercio al por menor de pintura,15.64210856,46.45706241,57.62320874,779.9618837
14,79,16431,14079,1754,16452,0.106613178,19,58.5,Comercio al por menor en ferreterías y tlapalerías | Comercio al por menor de artículos para la limpieza | Comercio al por menor de pintura | Comercio al por menor de vidrios y espejos,11.563508,35.60343254,57.33017833,351.0402232
14,80,5086,14080,5086,5182,0.981474334,2,5,Comercio al por menor en ferreterías y tlapalerías,3.93236335,9.830908376,55.34188182,1107.015191
14,81,3515,14081,3515,3519,0.998863313,1,2.5,Comercio al por menor en ferreterías y tlapalerías,2.844950213,7.112375533,55.11480622,258.1285952
14,82,37186,14082,724,37273,0.019424248,48,147.5,Comercio al por menor en ferreterías y tlapalerías | Comercio al por menor de vidrios y espejos | Comercio al por menor de pintura | Comercio al por menor de pisos y recubrimientos cerámicos | Comercio al por menor de artículos para la limpieza | Comercio al por menor de artículos para albercas y otros artículos,12.90808369,39.6654655,58.74290881,214.4975095
14,83,87690,14083,16242,87884,0.184811797,97,486,Comercio al por menor en ferreterías y tlapalerías | Comercio al por menor de artículos para la limpieza | Comercio al por menor de pisos y recubrimientos cerámicos | Comercio al por menor de vidrios y espejos | Comercio al por menor de pintura | Comercio al por menor de artículos para albercas y otros artículos,11.06169461,55.42251112,58.55797209,448.0577136
14,84,14997,14084,4885,15340,0.318448501,17,42.5,Comercio al por menor de vidrios y espejos | Comercio al por menor en ferreterías y tlapalerías | Comercio al por menor de pintura | Comercio al por menor de artículos para la limpieza,11.33560045,28.33900113,57.08657525,1980.93367
14,85,38955,14085,15958,39196,0.407133381,41,119,Comercio al por menor de vidrios y espejos | Comercio al por menor de pisos y recubrimientos cerámicos | Comercio al por menor en ferreterías y tlapalerías | Comercio al por menor de artículos para albercas y otros artículos | Comercio al por menor de artículos para la limpieza | Comercio al por menor de pintura,10.5249647,30.54806828,57.51242414,1354.920476
14,86,21245,14086,11346,21390,0.530434783,21,63.5,Comercio al por menor en ferreterías y tlapalerías | Comercio al por menor de artículos para la limpieza | Comercio al por menor de pintura | Comercio al por menor de vidrios y espejos | Comercio al por menor de pisos y recubrimientos cerámicos,9.884678748,29.88938574,56.56679746,615.0613219
14,87,16705,14087,3462,17087,0.202610171,24,83.5,Comercio al por menor de artículos para la limpieza | Comercio al por menor en ferreterías y tlapalerías | Comercio al por menor de pintura | Comercio al por menor de pisos y recubrimientos cerámicos | Comercio al por menor de vidrios y espejos,14.366956,49.98503442,56.95078723,1294.098615
14,88,16603,14088,6935,16649,0.416541534,27,78.5,Comercio al por menor de vidrios y espejos | Comercio al por menor de artículos para albercas y otros artículos | Comercio al por menor de pintura | Comercio al por menor de artículos para la limpieza | Comercio al por menor de pisos y recubrimientos cerámicos | Comercio al por menor en ferreterías y tlapalerías,16.2621213,47.28061194,57.85114484,759.2904302
14,89,4072,14089,1216,4101,0.296513046,5,12.5,Comercio al por menor en ferreterías y tlapalerías | Comercio al por menor de artículos para la limpieza | Comercio al por menor de vidrios y espejos,12.27897839,30.69744597,55.93643941,78.6586416
14,90,7302,14090,2362,7318,0.322765783,9,40.5,Comercio al por menor de pintura | Comercio al por menor de artículos para la limpieza | Comercio al por menor de pisos y recubrimientos cerámicos | Comercio al por menor en ferreterías y tlapalerías | Comercio al por menor de vidrios y espejos,12.3253903,55.46425637,56.95293607,279.4465013
14,91,39839,14091,12403,40122,0.309132147,50,136,Comercio al por menor de artículos para albercas y otros artículos | Comercio al por menor de artículos para la limpieza | Comercio al por menor en ferreterías y tlapalerías | Comercio al por menor de pintura | Comercio al por menor de vidrios y espejos | Comercio al por menor de pisos y recubrimientos cerámicos,12.55051583,34.13740305,57.11487956,924.5844382
14,92,11039,14092,7053,11057,0.637876458,10,30.5,Comercio al por menor de pintura | Comercio al por menor en ferreterías y tlapalerías | Comercio al por menor de vidrios y espejos | Comercio al por menor de artículos para la limpieza | Comercio al por menor de pisos y recubrimientos cerámicos,9.058791557,27.62931425,56.04484222,331.9747678
14,93,150190,14093,22707,150810,0.150566939,276,1126,Comercio al por menor de vidrios y espejos | Comercio al por menor de artículos para la limpieza | Comercio al por menor de pintura | Comercio al por menor en ferreterías y tlapalerías | Comercio al por menor de pisos y recubrimientos cerámicos | Comercio al por menor de artículos para albercas y otros artículos | Comercio al por menor de materiales para la construcción en tiendas de autoservicio especializadas,18.37672282,74.97170251,59.12371333,1388.019786
14,94,44353,14094,10067,44735,0.225036325,33,672.5,Comercio al por menor en ferreterías y tlapalerías | Comercio al por menor de artículos para la limpieza | Comercio al por menor de pisos y recubrimientos cerámicos | Comercio al por menor de pintura | Comercio al por menor de artículos para albercas y otros artículos | Comercio al por menor de vidrios y espejos,7.440308435,151.6244673,57.96765936,1677.595997
14,95,9647,14095,5697,9695,0.587622486,8,25.5,Comercio al por menor en ferreterías y tlapalerías | Comercio al por menor de artículos para la limpieza | Comercio al por menor de vidrios y espejos,8.292733492,26.43308801,57.30136741,217.2518995
14,96,22758,14096,3327,22776,0.146074816,39,126.5,Comercio al por menor de vidrios y espejos | Comercio al por menor de pisos y recubrimientos cerámicos | Comercio al por menor en ferreterías y tlapalerías | Comercio al por menor de artículos para la limpieza | Comercio al por menor de pintura,17.136831,55.58484928,57.01524205,192.4517907
14,97,727750,14097,41240,728066,0.056643216,834,2783,Comercio al por menor de artículos para la limpieza | Comercio al por menor de artículos para albercas y otros artículos | Comercio al por menor en ferreterías y tlapalerías | Comercio al por menor de vidrios y espejos | Comercio al por menor de pintura | Comercio al por menor de materiales para la construcción en tiendas de autoservicio especializadas | Comercio al por menor de pisos y recubrimientos cerámicos,11.45997939,38.24115424,59.95042945,665.9974141
14,98,687127,14098,8222,687151,0.011965347,1005,4693.5,Comercio al por menor de artículos para la limpieza | Comercio al por menor en ferreterías y tlapalerías | Comercio al por menor de pintura | Comercio al por menor de materiales para la construcción en tiendas de autoservicio especializadas | Comercio al por menor de vidrios y espejos | Comercio al por menor de pisos y recubrimientos cerámicos | Comercio al por menor de artículos para albercas y otros artículos,14.62611715,68.3061501,60.09361351,115.8140192
14,99,11219,14099,7981,11263,0.708603392,6,15,Comercio al por menor en ferreterías y tlapalerías | Comercio al por menor de artículos para la limpieza | Comercio al por menor de pintura,5.348070238,13.37017559,54.08561932,509.4933592
14,100,36316,14100,16961,36631,0.463023122,35,122,Comercio al por menor en ferreterías y tlapalerías | Comercio al por menor de materiales para la construcción en tiendas de autoservicio especializadas | Comercio al por menor de artículos para la limpieza | Comercio al por menor de pintura | Comercio al por menor de vidrios y espejos | Comercio al por menor de pisos y recubrimientos cerámicos,9.637625289,33.59400815,55.28078612,2994.856485
14,101,569913,14101,9839,569988,0.017261767,747,2403.5,Comercio al por menor en ferreterías y tlapalerías | Comercio al por menor de vidrios y espejos | Comercio al por menor de artículos para albercas y otros artículos | Comercio al por menor de pisos y recubrimientos cerámicos | Comercio al por menor de artículos para la limpieza | Comercio al por menor de pintura,13.10726374,42.17310361,59.63904508,156.6419654
14,102,5961,14102,2255,5975,0.377405858,9,22.5,Comercio al por menor en ferreterías y tlapalerías | Comercio al por menor de vidrios y espejos | Comercio al por menor de pintura | Comercio al por menor de artículos para la limpieza,15.0981379,37.74534474,56.70781407,291.5788893
14,103,7565,14103,882,7587,0.116251483,7,17.5,Comercio al por menor de artículos para la limpieza | Comercio al por menor en ferreterías y tlapalerías | Comercio al por menor de vidrios y espejos,9.253139458,23.13284865,56.63183649,145.0210957
14,104,4180,14104,4180,4255,0.982373678,5,12.5,Comercio al por menor en ferreterías y tlapalerías,11.96172249,29.90430622,55.65791006,581.0973927
14,105,23573,14105,9764,23840,0.409563758,37,98,Comercio al por menor en ferreterías y tlapalerías | Comercio al por menor de pisos y recubrimientos cerámicos | Comercio al por menor de pintura | Comercio al por menor de artículos para la limpieza | Comercio al por menor de vidrios y espejos,15.6959233,41.57298604,57.81061056,333.795548
14,106,5482,14106,5482,5729,0.956886019,3,13,Comercio al por menor en ferreterías y tlapalerías | Comercio al por menor de artículos para la limpieza,5.472455308,23.713973,54.67416483,427.2142754
14,107,6702,14107,2888,6727,0.429314702,8,20,Comercio al por menor en ferreterías y tlapalerías | Comercio al por menor de pintura | Comercio al por menor de artículos para la limpieza | Comercio al por menor de vidrios y espejos,11.9367353,29.84183826,56.21114569,131.4263137
14,108,37518,14108,7047,37652,0.187161373,42,150.5,Comercio al por menor en ferreterías y tlapalerías | Comercio al por menor de artículos para la limpieza | Comercio al por menor de pisos y recubrimientos cerámicos | Comercio al por menor de pintura | Comercio al por menor de vidrios y espejos,11.19462658,40.11407858,57.97245925,721.1439167
14,109,19069,14109,10332,19325,0.534644243,20,50,Comercio al por menor en ferreterías y tlapalerías | Comercio al por menor de artículos para albercas y otros artículos | Comercio al por menor de pintura | Comercio al por menor de artículos para la limpieza | Comercio al por menor de vidrios y espejos,10.48822697,26.22056741,55.76144639,722.1527449
14,110,13799,14110,4270,13853,0.308236483,24,93,Comercio al por menor en ferreterías y tlapalerías | Comercio al por menor de vidrios y espejos | Comercio al por menor de pintura | Comercio al por menor de pisos y recubrimientos cerámicos,17.39256468,67.39618813,58.48656091,439.8775763
14,111,6627,14111,1999,6778,0.294924757,10,36,Comercio al por menor en ferreterías y tlapalerías | Comercio al por menor de pintura | Comercio al por menor de artículos para la limpieza | Comercio al por menor de vidrios y espejos,15.08978422,54.32322318,57.25413361,349.0886492
14,112,6151,14112,1733,6242,0.277635373,11,38.5,Comercio al por menor en ferreterías y tlapalerías | Comercio al por menor de pintura | Comercio al por menor de artículos para albercas y otros artículos | Comercio al por menor de vidrios y espejos,17.88327101,62.59144854,56.28920111,193.9136923
14,113,16548,14113,11439,16646,0.687192118,8,49,Comercio al por menor de pintura | Comercio al por menor en ferreterías y tlapalerías | Comercio al por menor de artículos para la limpieza | Comercio al por menor de vidrios y espejos,4.834421078,29.6108291,56.26766475,741.2762001
14,114,19063,14114,2413,19110,0.126268969,25,68,Comercio al por menor en ferreterías y tlapalerías | Comercio al por menor de pisos y recubrimientos cerámicos | Comercio al por menor de artículos para la limpieza | Comercio al por menor de pintura | Comercio al por menor de vidrios y espejos | Comercio al por menor de artículos para albercas y otros artículos,13.11441011,35.67119551,57.45519706,315.664002
14,115,5525,14115,1502,5638,0.266406527,6,20.5,Comercio al por menor en ferreterías y tlapalerías | Comercio al por menor de pintura,10.85972851,37.1040724,53.12039417,666.4477255
14,116,20088,14116,4494,20166,0.222850342,39,137.5,Comercio al por menor de pintura | Comercio al por menor de vidrios y espejos | Comercio al por menor en ferreterías y tlapalerías | Comercio al por menor de pisos y recubrimientos cerámicos | Comercio al por menor de artículos para albercas y otros artículos | Comercio al por menor de artículos para la limpieza,19.41457587,68.44882517,57.60876789,448.4989009
14,117,4388,14117,1364,4477,0.304668305,7,17.5,Comercio al por menor en ferreterías y tlapalerías | Comercio al por menor de pintura | Comercio al por menor de artículos para la limpieza,15.95259799,39.88149499,55.84498302,269.3419586
14,118,22394,14118,7897,22642,0.34877661,28,99,Comercio al por menor de vidrios y espejos | Comercio al por menor de artículos para la limpieza | Comercio al por menor en ferreterías y tlapalerías | Comercio al por menor de pintura,12.50334911,44.20827007,57.45651866,558.1875129
14,119,30472,14119,10127,30524,0.331771721,36,90,Comercio al por menor en ferreterías y tlapalerías | Comercio al por menor de artículos para la limpieza | Comercio al por menor de artículos para albercas y otros artículos | Comercio al por menor de pintura | Comercio al por menor de pisos y recubrimientos cerámicos | Comercio al por menor de vidrios y espejos,11.81412444,29.53531111,57.38080902,468.8202362
14,120,1476491,14120,27036,1476892,0.01830601,1780,7786.5,Comercio al por menor de pintura | Comercio al por menor de artículos para la limpieza | Comercio al por menor en ferreterías y tlapalerías | Comercio al por menor de vidrios y espejos | Comercio al por menor de artículos para albercas y otros artículos | Comercio al por menor de materiales para la construcción en tiendas de autoservicio especializadas | Comercio al por menor de pisos y recubrimientos cerámicos,12.05561023,52.73652193,60.72952286,1148.68159
14,121,33713,14121,3541,33752,0.104912301,44,121,Comercio al por menor de artículos para la limpieza | Comercio al por menor en ferreterías y tlapalerías | Comercio al por menor de pisos y recubrimientos cerámicos | Comercio al por menor de vidrios y espejos | Comercio al por menor de pintura | Comercio al por menor de artículos para albercas y otros artículos,13.05134518,35.89119924,58.48523671,250.6711172
14,122,7466,14122,3252,7500,0.4336,5,12.5,Comercio al por menor de vidrios y espejos | Comercio al por menor de artículos para la limpieza | Comercio al por menor en ferreterías y tlapalerías,6.69702652,16.7425663,53.64082164,303.9241928
14,123,19279,14123,12869,19400,0.663350515,10,25,Comercio al por menor en ferreterías y tlapalerías | Comercio al por menor de pintura | Comercio al por menor de vidrios y espejos,5.186991027,12.96747757,55.67554134,396.7156673
14,124,64806,14124,25640,64931,0.39488072,79,316,Comercio al por menor en ferreterías y tlapalerías | Comercio al por menor de vidrios y espejos | Comercio al por menor de artículos para albercas y otros artículos | Comercio al por menor de artículos para la limpieza | Comercio al por menor de pintura | Comercio al por menor de materiales para la construcción en tiendas de autoservicio especializadas | Comercio al por menor de pisos y recubrimientos cerámicos,12.1902293,48.7609172,57.17999672,712.7702191
14,125,18341,14125,7820,18396,0.425092411,20,68,Comercio al por menor en ferreterías y tlapalerías | Comercio al por menor de vidrios y espejos | Comercio al por menor de pintura | Comercio al por menor de artículos para la limpieza | Comercio al por menor de pisos y recubrimientos cerámicos,10.90453083,37.07540483,57.51548708,225.8707646
15,0,16992418,15000,0,6776,0,0,0,NA,0,0,NA,NA
15,1,67872,15001,57220,67876,0.843007838,53,149,Comercio al por menor en ferreterías y tlapalerías | Comercio al por menor de vidrios y espejos | Comercio al por menor de artículos para albercas y otros artículos | Comercio al por menor de artículos para la limpieza | Comercio al por menor de pisos y recubrimientos cerámicos | Comercio al por menor de pintura,7.808816596,21.95308817,52.77503504,472.2059692
15,2,171507,15002,5402,171514,0.031495971,538,1436,Comercio al por menor de artículos para la limpieza | Comercio al por menor de artículos para albercas y otros artículos | Comercio al por menor en ferreterías y tlapalerías | Comercio al por menor de vidrios y espejos | Comercio al por menor de pintura | Comercio al por menor de materiales para la construcción en tiendas de autoservicio especializadas | Comercio al por menor de pisos y recubrimientos cerámicos,31.36898202,83.72836094,58.38933216,86.35333253
15,3,49266,15003,46434,49268,0.942477876,20,61,Comercio al por menor en ferreterías y tlapalerías | Comercio al por menor de pisos y recubrimientos cerámicos | Comercio al por menor de pintura | Comercio al por menor de artículos para la limpieza | Comercio al por menor de vidrios y espejos,4.059594852,12.3817643,52.83986054,449.9709883
15,4,15333,15004,12175,15333,0.794039001,12,46.5,Comercio al por menor de vidrios y espejos | Comercio al por menor en ferreterías y tlapalerías | Comercio al por menor de pintura | Comercio al por menor de pisos y recubrimientos cerámicos | Comercio al por menor de artículos para la limpieza,7.826257093,30.32674623,54.06929499,170.2276129
15,5,174587,15005,75665,174603,0.433354524,156,444.5,Comercio al por menor de vidrios y espejos | Comercio al por menor de pintura | Comercio al por menor de artículos para la limpieza | Comercio al por menor de artículos para albercas y otros artículos | Comercio al por menor en ferreterías y tlapalerías | Comercio al por menor de pisos y recubrimientos cerámicos,8.935373195,25.4600858,55.02080936,477.0685086
15,6,12694,15006,1902,12694,0.149834568,18,50.5,Comercio al por menor de vidrios y espejos | Comercio al por menor de artículos para la limpieza | Comercio al por menor en ferreterías y tlapalerías | Comercio al por menor de pintura,14.17992752,39.78257444,57.99470114,9.110109378
15,7,23675,15007,14757,23675,0.623315734,12,30,Comercio al por menor en ferreterías y tlapalerías | Comercio al por menor de artículos para la limpieza | Comercio al por menor de vidrios y espejos,5.068637804,12.67159451,53.53858485,220.2624392
15,8,25244,15008,22222,25308,0.878062273,17,59,Comercio al por menor en ferreterías y tlapalerías | Comercio al por menor de pintura | Comercio al por menor de artículos para albercas y otros artículos | Comercio al por menor de artículos para la limpieza,6.734273491,23.37189035,52.76371588,633.7923854
15,9,53441,15009,8451,53486,0.158003964,115,320.5,Comercio al por menor de vidrios y espejos | Comercio al por menor de artículos para la limpieza | Comercio al por menor en ferreterías y tlapalerías | Comercio al por menor de artículos para albercas y otros artículos | Comercio al por menor de pisos y recubrimientos cerámicos | Comercio al por menor de pintura,21.5190584,59.97268015,57.87104716,175.5252413
15,10,31898,15010,8859,31898,0.277729011,85,236,Comercio al por menor de artículos para la limpieza | Comercio al por menor en ferreterías y tlapalerías | Comercio al por menor de pintura | Comercio al por menor de artículos para albercas y otros artículos | Comercio al por menor de pisos y recubrimientos cerámicos | Comercio al por menor de vidrios y espejos,26.64743871,73.98582983,58.06175272,75.12388353
15,11,75489,15011,6432,75489,0.085204467,223,579.5,Comercio al por menor en ferreterías y tlapalerías | Comercio al por menor de vidrios y espejos | Comercio al por menor de artículos para la limpieza | Comercio al por menor de pisos y recubrimientos cerámicos | Comercio al por menor de pintura | Comercio al por menor de artículos para albercas y otros artículos,29.54072779,76.76615136,56.98705916,87.07004617
15,12,12984,15012,2111,12987,0.162547163,26,88.5,Comercio al por menor de vidrios y espejos | Comercio al por menor en ferreterías y tlapalerías | Comercio al por menor de artículos para la limpieza,20.02464572,68.16081331,57.18147821,8.491692688
15,13,523674,15013,609,523674,0.001162937,1016,2960.5,Comercio al por menor de pintura | Comercio al por menor de pisos y recubrimientos cerámicos | Comercio al por menor de artículos para la limpieza | Comercio al por menor de artículos para albercas y otros artículos | Comercio al por menor de vidrios y espejos | Comercio al por menor en ferreterías y tlapalerías | Comercio al por menor de materiales para la construcción en tiendas de autoservicio especializadas,19.4013833,56.53326306,60.04444862,92.28329265
15,14,109384,15014,40132,109421,0.366766891,263,992.5,Comercio al por menor en ferreterías y tlapalerías | Comercio al por menor de vidrios y espejos | Comercio al por menor de pisos y recubrimientos cerámicos | Comercio al por menor de artículos para la limpieza | Comercio al por menor de pintura | Comercio al por menor de artículos para albercas y otros artículos | Comercio al por menor de materiales para la construcción en tiendas de autoservicio especializadas,24.04373583,90.73539092,56.25881009,256.4060262
15,15,31900,15015,3049,31915,0.095535015,42,105,Comercio al por menor de artículos para la limpieza | Comercio al por menor de vidrios y espejos | Comercio al por menor en ferreterías y tlapalerías | Comercio al por menor de artículos para albercas y otros artículos | Comercio al por menor de pintura,13.1661442,32.9153605,55.51188576,166.8991774
15,16,29128,15016,12501,29149,0.428865484,56,140,Comercio al por menor de vidrios y espejos | Comercio al por menor de artículos para la limpieza | Comercio al por menor de pisos y recubrimientos cerámicos | Comercio al por menor en ferreterías y tlapalerías | Comercio al por menor de pintura,19.2254875,48.06371876,56.31635624,284.6199921
15,17,10053,15017,6078,10112,0.601068038,9,22.5,Comercio al por menor en ferreterías y tlapalerías | Comercio al por menor de artículos para la limpieza,8.952551477,22.38137869,56.74735882,50.41674038
15,18,68489,15018,18007,68491,0.262910455,84,226.5,Comercio al por menor de vidrios y espejos | Comercio al por menor en ferreterías y tlapalerías | Comercio al por menor de artículos para la limpieza | Comercio al por menor de pintura | Comercio al por menor de pisos y recubrimientos cerámicos | Comercio al por menor de artículos para albercas y otros artículos,12.26474324,33.0710041,58.38609339,102.4237899
15,19,36921,15019,4896,36928,0.132582322,73,188,Comercio al por menor de vidrios y espejos | Comercio al por menor en ferreterías y tlapalerías | Comercio al por menor de artículos para la limpieza | Comercio al por menor de pisos y recubrimientos cerámicos | Comercio al por menor de pintura,19.77194551,50.91953089,58.78821434,21.4627705
15,20,293444,15020,199,293449,6.78E-04,464,1442,Comercio al por menor de artículos para albercas y otros artículos | Comercio al por menor de pintura | Comercio al por menor de artículos para la limpieza | Comercio al por menor de vidrios y espejos | Comercio al por menor en ferreterías y tlapalerías | Comercio al por menor de materiales para la construcción en tiendas de autoservicio especializadas | Comercio al por menor de pisos y recubrimientos cerámicos,15.8122163,49.14055152,60.94742211,34.80999923
15,21,38643,15021,31699,38648,0.820197682,43,118.5,Comercio al por menor en ferreterías y tlapalerías | Comercio al por menor de artículos para albercas y otros artículos | Comercio al por menor de vidrios y espejos | Comercio al por menor de artículos para la limpieza | Comercio al por menor de pintura | Comercio al por menor de pisos y recubrimientos cerámicos,11.12750045,30.66532102,53.86451615,287.916601
15,22,15107,15022,4817,15123,0.318521457,32,80,Comercio al por menor en ferreterías y tlapalerías | Comercio al por menor de vidrios y espejos | Comercio al por menor de artículos para albercas y otros artículos | Comercio al por menor de artículos para la limpieza | Comercio al por menor de pintura,21.1822334,52.9555835,57.72096862,14.70018016
15,23,40885,15023,3443,40890,0.084201516,131,338.5,Comercio al por menor en ferreterías y tlapalerías | Comercio al por menor de vidrios y espejos | Comercio al por menor de artículos para la limpieza | Comercio al por menor de pintura | Comercio al por menor de artículos para albercas y otros artículos,32.04109086,82.79320044,58.45514213,39.65226082
15,24,178847,15024,6221,178863,0.03478081,361,1532.5,Comercio al por menor en ferreterías y tlapalerías | Comercio al por menor de pintura | Comercio al por menor de vidrios y espejos | Comercio al por menor de artículos para la limpieza | Comercio al por menor de pisos y recubrimientos cerámicos | Comercio al por menor de artículos para albercas y otros artículos | Comercio al por menor de materiales para la construcción en tiendas de autoservicio especializadas,20.18485074,85.68776664,60.45327588,46.9820143
15,25,400057,15025,12883,400061,0.032202589,1056,2890.5,Comercio al por menor en ferreterías y tlapalerías | Comercio al por menor de vidrios y espejos | Comercio al por menor de artículos para la limpieza | Comercio al por menor de artículos para albercas y otros artículos | Comercio al por menor de pisos y recubrimientos cerámicos | Comercio al por menor de pintura,26.39623854,72.25220406,57.84211495,223.9909333
15,26,31737,15026,17773,31739,0.559973534,33,82.5,Comercio al por menor de artículos para la limpieza | Comercio al por menor en ferreterías y tlapalerías | Comercio al por menor de vidrios y espejos,10.39795822,25.99489555,54.44802123,290.2532622
15,27,12772,15027,2109,12772,0.16512684,24,60,Comercio al por menor de vidrios y espejos | Comercio al por menor de artículos para la limpieza | Comercio al por menor de artículos para albercas y otros artículos | Comercio al por menor en ferreterías y tlapalerías | Comercio al por menor de pintura,18.79110554,46.97776386,58.6309456,11.50466618
15,28,30045,15028,7981,30045,0.265634881,68,175.5,Comercio al por menor de vidrios y espejos | Comercio al por menor de artículos para la limpieza | Comercio al por menor en ferreterías y tlapalerías | Comercio al por menor de pintura | Comercio al por menor de pisos y recubrimientos cerámicos | Comercio al por menor de artículos para albercas y otros artículos,22.63271759,58.41238143,57.67030087,19.93889582
15,29,200750,15029,7218,200750,0.035955168,495,1435,Comercio al por menor de pisos y recubrimientos cerámicos | Comercio al por menor en ferreterías y tlapalerías | Comercio al por menor de vidrios y espejos | Comercio al por menor de artículos para la limpieza | Comercio al por menor de pintura | Comercio al por menor de artículos para albercas y otros artículos | Comercio al por menor de materiales para la construcción en tiendas de autoservicio especializadas,24.65753425,71.48194271,58.94283804,41.04894663
15,30,27692,15030,1824,27692,0.065867399,74,203,Comercio al por menor de pintura | Comercio al por menor de artículos para la limpieza | Comercio al por menor en ferreterías y tlapalerías | Comercio al por menor de vidrios y espejos,26.72251914,73.30637007,58.42800524,6.795399321
15,31,705193,15031,1978,705193,0.002804906,2002,5121,Comercio al por menor de artículos para la limpieza | Comercio al por menor en ferreterías y tlapalerías | Comercio al por menor de vidrios y espejos | Comercio al por menor de pisos y recubrimientos cerámicos | Comercio al por menor de artículos para albercas y otros artículos | Comercio al por menor de pintura | Comercio al por menor de materiales para la construcción en tiendas de autoservicio especializadas,28.38939127,72.61841794,57.80197319,54.50407766
15,32,37436,15032,23580,37444,0.629740412,9,28,Comercio al por menor en ferreterías y tlapalerías | Comercio al por menor de artículos para la limpieza,2.404103002,7.479431563,51.30898342,190.551024
15,33,1645352,15033,1729,1645352,0.001050839,4790,14699,Comercio al por menor en ferreterías y tlapalerías | Comercio al por menor de artículos para la limpieza | Comercio al por menor de pisos y recubrimientos cerámicos | Comercio al por menor de materiales para la construcción en tiendas de autoservicio especializadas | Comercio al por menor de vidrios y espejos | Comercio al por menor de artículos para albercas y otros artículos | Comercio al por menor de pintura,29.11231153,89.33650672,59.5106885,155.2309704
15,34,10827,15034,2533,10830,0.23388735,8,20,Comercio al por menor en ferreterías y tlapalerías | Comercio al por menor de artículos para la limpieza,7.38893507,18.47233767,56.24838618,52.92295105
15,35,163244,15035,6559,163248,0.040178134,320,834.5,Comercio al por menor de artículos para la limpieza | Comercio al por menor de vidrios y espejos | Comercio al por menor en ferreterías y tlapalerías | Comercio al por menor de pintura | Comercio al por menor de pisos y recubrimientos cerámicos | Comercio al por menor de artículos para albercas y otros artículos,19.60255813,51.11979613,59.1562287,118.9575714
15,36,46757,15036,4471,46757,0.095622046,137,377,Comercio al por menor en ferreterías y tlapalerías | Comercio al por menor de artículos para la limpieza | Comercio al por menor de pintura | Comercio al por menor de pisos y recubrimientos cerámicos | Comercio al por menor de vidrios y espejos,29.3004256,80.62963834,56.89073551,232.8745835
15,37,284965,15037,28729,284969,0.100814475,425,1335.5,Comercio al por menor de pintura | Comercio al por menor de vidrios y espejos | Comercio al por menor de artículos para la limpieza | Comercio al por menor en ferreterías y tlapalerías | Comercio al por menor de artículos para albercas y otros artículos | Comercio al por menor de materiales para la construcción en tiendas de autoservicio especializadas | Comercio al por menor de pisos y recubrimientos cerámicos,14.91411226,46.86540452,59.19843284,140.3871801
15,38,11929,15038,11929,11929,1,18,50.5,Comercio al por menor en ferreterías y tlapalerías | Comercio al por menor de pisos y recubrimientos cerámicos | Comercio al por menor de pintura | Comercio al por menor de artículos para la limpieza,15.08927823,42.33380837,56.28727962,79.23757202
15,39,542211,15039,17393,542249,0.03207567,1271,3442.5,Comercio al por menor de pisos y recubrimientos cerámicos | Comercio al por menor de vidrios y espejos | Comercio al por menor en ferreterías y tlapalerías | Comercio al por menor de pintura | Comercio al por menor de artículos para la limpieza | Comercio al por menor de artículos para albercas y otros artículos | Comercio al por menor de materiales para la construcción en tiendas de autoservicio especializadas,23.44105892,63.49004354,58.92562621,322.2080331
15,40,36911,15040,17585,36911,0.476416244,56,162,Comercio al por menor de artículos para albercas y otros artículos | Comercio al por menor en ferreterías y tlapalerías | Comercio al por menor de pisos y recubrimientos cerámicos | Comercio al por menor de pintura | Comercio al por menor de artículos para la limpieza | Comercio al por menor de vidrios y espejos,15.17162905,43.88935548,56.32607225,114.6258777
15,41,6475,15041,6475,6475,1,2,5,Comercio al por menor en ferreterías y tlapalerías,3.088803089,7.722007722,52.0516378,98.79690099
15,42,160139,15042,38045,160139,0.237574857,258,737.5,Comercio al por menor en ferreterías y tlapalerías | Comercio al por menor de vidrios y espejos | Comercio al por menor de artículos para la limpieza | Comercio al por menor de artículos para albercas y otros artículos | Comercio al por menor de pintura | Comercio al por menor de pisos y recubrimientos cerámicos,16.11100357,46.05374081,55.20786522,333.4405787
15,43,30687,15043,13566,30695,0.441961231,43,118.5,Comercio al por menor de vidrios y espejos | Comercio al por menor de artículos para la limpieza | Comercio al por menor en ferreterías y tlapalerías | Comercio al por menor de pintura,14.01244827,38.61570046,56.75393795,107.666706
15,44,28217,15044,0,28217,0,53,138,Comercio al por menor de vidrios y espejos | Comercio al por menor en ferreterías y tlapalerías | Comercio al por menor de pisos y recubrimientos cerámicos | Comercio al por menor de pintura | Comercio al por menor de artículos para la limpieza,18.78300315,48.90668746,59.73753642,4.661029473
15,45,87671,15045,44249,87671,0.504716497,112,912,Comercio al por menor de vidrios y espejos | Comercio al por menor en ferreterías y tlapalerías | Comercio al por menor de artículos para la limpieza | Comercio al por menor de artículos para albercas y otros artículos | Comercio al por menor de pintura | Comercio al por menor de materiales para la construcción en tiendas de autoservicio especializadas | Comercio al por menor de pisos y recubrimientos cerámicos,12.77503393,104.0252763,55.0822462,564.3086287
15,46,19877,15046,11952,19877,0.601297983,25,80.5,Comercio al por menor en ferreterías y tlapalerías | Comercio al por menor de artículos para la limpieza | Comercio al por menor de pintura | Comercio al por menor de vidrios y espejos,12.57735071,40.49906928,56.57837838,115.754348
15,47,76826,15047,52463,76835,0.682800807,24,60,Comercio al por menor de artículos para la limpieza | Comercio al por menor en ferreterías y tlapalerías | Comercio al por menor de pintura | Comercio al por menor de pisos y recubrimientos cerámicos | Comercio al por menor de vidrios y espejos,3.123942415,7.809856038,54.75733284,273.630321
15,48,69264,15048,31574,69286,0.455705337,99,253,Comercio al por menor de artículos para la limpieza | Comercio al por menor en ferreterías y tlapalerías | Comercio al por menor de vidrios y espejos | Comercio al por menor de pintura,14.29313929,36.52691153,56.4647967,275.9057106
15,49,15428,15049,5552,15428,0.35986518,24,60,Comercio al por menor de pintura | Comercio al por menor en ferreterías y tlapalerías | Comercio al por menor de artículos para la limpieza | Comercio al por menor de vidrios y espejos,15.55613171,38.89032927,55.61495982,45.83217924
15,50,27116,15050,1848,27151,0.068063791,48,120,Comercio al por menor de artículos para la limpieza | Comercio al por menor en ferreterías y tlapalerías | Comercio al por menor de vidrios y espejos | Comercio al por menor de artículos para albercas y otros artículos | Comercio al por menor de pintura,17.70172592,44.2543148,57.04564037,131.835427
15,51,170327,15051,47474,170335,0.278709602,276,791.5,Comercio al por menor de vidrios y espejos | Comercio al por menor de pintura | Comercio al por menor de artículos para la limpieza | Comercio al por menor en ferreterías y tlapalerías | Comercio al por menor de artículos para albercas y otros artículos | Comercio al por menor de materiales para la construcción en tiendas de autoservicio especializadas | Comercio al por menor de pisos y recubrimientos cerámicos,16.20412501,46.4694382,59.30779413,229.5136548
15,52,28155,15052,16140,28156,0.573234834,35,93,Comercio al por menor en ferreterías y tlapalerías | Comercio al por menor de artículos para la limpieza | Comercio al por menor de pintura | Comercio al por menor de vidrios y espejos | Comercio al por menor de artículos para albercas y otros artículos,12.43118451,33.03143314,54.63765584,209.0276059
15,53,61220,15053,2206,61225,0.036031033,193,517,Comercio al por menor en ferreterías y tlapalerías | Comercio al por menor de vidrios y espejos | Comercio al por menor de artículos para la limpieza | Comercio al por menor de pintura | Comercio al por menor de artículos para albercas y otros artículos | Comercio al por menor de pisos y recubrimientos cerámicos,31.52564521,84.4495263,58.64528345,13.92481342
15,54,242307,15054,10298,242307,0.042499804,434,1437,Comercio al por menor de pintura | Comercio al por menor de pisos y recubrimientos cerámicos | Comercio al por menor en ferreterías y tlapalerías | Comercio al por menor de artículos para la limpieza | Comercio al por menor de vidrios y espejos | Comercio al por menor de artículos para albercas y otros artículos | Comercio al por menor de materiales para la construcción en tiendas de autoservicio especializadas,17.91116229,59.30493135,60.44668127,67.17534334
15,55,13807,15055,2953,13807,0.213877019,35,98.5,Comercio al por menor de artículos para la limpieza | Comercio al por menor de artículos para albercas y otros artículos | Comercio al por menor en ferreterías y tlapalerías | Comercio al por menor de pintura | Comercio al por menor de pisos y recubrimientos cerámicos | Comercio al por menor de vidrios y espejos,25.34946042,71.34062432,58.86964775,11.65715933
15,56,33164,15056,14100,33186,0.424877961,42,105,Comercio al por menor de vidrios y espejos | Comercio al por menor de artículos para la limpieza | Comercio al por menor de artículos para albercas y otros artículos | Comercio al por menor en ferreterías y tlapalerías | Comercio al por menor de pintura | Comercio al por menor de pisos y recubrimientos cerámicos,12.66433482,31.66083705,51.66599878,234.2107067
15,57,834434,15057,28715,834440,0.0344123,1375,5892.5,Comercio al por menor en ferreterías y tlapalerías | Comercio al por menor de artículos para la limpieza | Comercio al por menor de pisos y recubrimientos cerámicos | Comercio al por menor de pintura | Comercio al por menor de vidrios y espejos | Comercio al por menor de artículos para albercas y otros artículos | Comercio al por menor de materiales para la construcción en tiendas de autoservicio especializadas,16.47823555,70.61672942,59.51122412,156.9646128
15,58,1077208,15058,112,1081632,1.04E-04,2461,6737.5,Comercio al por menor en ferreterías y tlapalerías | Comercio al por menor de pintura | Comercio al por menor de pisos y recubrimientos cerámicos | Comercio al por menor de vidrios y espejos | Comercio al por menor de artículos para la limpieza | Comercio al por menor de artículos para albercas y otros artículos | Comercio al por menor de materiales para la construcción en tiendas de autoservicio especializadas,22.84609843,62.54595213,59.41544801,62.89963063
15,59,57082,15059,3532,57096,0.061860726,135,366.5,Comercio al por menor de vidrios y espejos | Comercio al por menor de artículos para la limpieza | Comercio al por menor en ferreterías y tlapalerías | Comercio al por menor de pisos y recubrimientos cerámicos | Comercio al por menor de pintura | Comercio al por menor de artículos para albercas y otros artículos,23.65018745,64.20587926,58.36009585,54.35490965
15,60,430601,15060,27890,430601,0.064769938,933,2575.5,Comercio al por menor de artículos para albercas y otros artículos | Comercio al por menor en ferreterías y tlapalerías | Comercio al por menor de vidrios y espejos | Comercio al por menor de pintura | Comercio al por menor de artículos para la limpieza | Comercio al por menor de pisos y recubrimientos cerámicos | Comercio al por menor de materiales para la construcción en tiendas de autoservicio especializadas,21.66739046,59.81175148,58.60365289,231.0706312
15,61,10351,15061,1652,10355,0.159536456,34,85,Comercio al por menor en ferreterías y tlapalerías | Comercio al por menor de pintura | Comercio al por menor de artículos para la limpieza | Comercio al por menor de vidrios y espejos,32.84706792,82.11766979,56.83565936,82.06942892
15,62,72103,15062,17698,72106,0.245444207,145,390,Comercio al por menor de pintura | Comercio al por menor de vidrios y espejos | Comercio al por menor de artículos para la limpieza | Comercio al por menor en ferreterías y tlapalerías | Comercio al por menor de artículos para albercas y otros artículos,20.11012024,54.08928893,58.69716135,137.955542
15,63,36223,15063,33085,36224,0.913344744,23,57.5,Comercio al por menor de vidrios y espejos | Comercio al por menor en ferreterías y tlapalerías | Comercio al por menor de materiales para la construcción en tiendas de autoservicio especializadas | Comercio al por menor de pintura | Comercio al por menor de pisos y recubrimientos cerámicos | Comercio al por menor de artículos para la limpieza | Comercio al por menor de artículos para albercas y otros artículos,6.349556911,15.87389228,54.61876123,384.027263
15,64,36937,15064,30967,36937,0.838373447,21,52.5,Comercio al por menor en ferreterías y tlapalerías | Comercio al por menor de pintura | Comercio al por menor de artículos para la limpieza | Comercio al por menor de vidrios y espejos,5.685356147,14.21339037,54.8532153,146.1349159
15,65,36331,15065,13682,37269,0.36711476,72,185.5,Comercio al por menor de pisos y recubrimientos cerámicos | Comercio al por menor de vidrios y espejos | Comercio al por menor de artículos para la limpieza | Comercio al por menor de artículos para albercas y otros artículos | Comercio al por menor de pintura | Comercio al por menor en ferreterías y tlapalerías,19.81778646,51.05832485,56.98957552,141.0084261
15,66,4891,15066,4891,4934,0.991284961,6,15,Comercio al por menor en ferreterías y tlapalerías | Comercio al por menor de pintura | Comercio al por menor de vidrios y espejos,12.26742997,30.66857493,54.02224466,152.9031216
15,67,88783,15067,27043,88785,0.304589739,125,318,Comercio al por menor de vidrios y espejos | Comercio al por menor en ferreterías y tlapalerías | Comercio al por menor de artículos para la limpieza | Comercio al por menor de artículos para albercas y otros artículos | Comercio al por menor de pintura | Comercio al por menor de pisos y recubrimientos cerámicos,14.07927193,35.8176678,56.70501227,113.8591169
15,68,30785,15068,5834,30800,0.189415584,54,153,Comercio al por menor de artículos para la limpieza | Comercio al por menor de vidrios y espejos | Comercio al por menor en ferreterías y tlapalerías | Comercio al por menor de pintura | Comercio al por menor de pisos y recubrimientos cerámicos | Comercio al por menor de artículos para albercas y otros artículos,17.54101023,49.69952899,56.08523013,47.15388323
15,69,4862,15069,78,4870,0.016016427,12,30,Comercio al por menor de vidrios y espejos | Comercio al por menor de pintura | Comercio al por menor de artículos para albercas y otros artículos | Comercio al por menor en ferreterías y tlapalerías | Comercio al por menor de artículos para la limpieza,24.68120115,61.70300288,57.81037652,3.142178539
15,70,304088,15070,4206,304088,0.013831522,799,2577,Comercio al por menor en ferreterías y tlapalerías | Comercio al por menor de artículos para la limpieza | Comercio al por menor de vidrios y espejos | Comercio al por menor de pintura | Comercio al por menor de pisos y recubrimientos cerámicos | Comercio al por menor de artículos para albercas y otros artículos | Comercio al por menor de materiales para la construcción en tiendas de autoservicio especializadas,26.27528873,84.74520534,57.43834445,36.84694016
15,71,14985,15071,11774,14991,0.785404576,18,61.5,Comercio al por menor en ferreterías y tlapalerías | Comercio al por menor de pintura | Comercio al por menor de artículos para la limpieza | Comercio al por menor de vidrios y espejos,12.01201201,41.04104104,56.02495515,125.7292515
15,72,15972,15072,729,15975,0.045633803,24,65.5,Comercio al por menor de vidrios y espejos | Comercio al por menor de artículos para la limpieza | Comercio al por menor en ferreterías y tlapalerías,15.02629602,41.00926622,58.26756338,22.87010713
15,73,31962,15073,2029,31962,0.063481634,54,135,Comercio al por menor de artículos para la limpieza | Comercio al por menor en ferreterías y tlapalerías | Comercio al por menor de vidrios y espejos | Comercio al por menor de pintura,16.89506289,42.23765722,59.71937427,25.16890332
15,74,144924,15074,76152,144924,0.525461621,149,407,Comercio al por menor de vidrios y espejos | Comercio al por menor de artículos para la limpieza | Comercio al por menor de artículos para albercas y otros artículos | Comercio al por menor en ferreterías y tlapalerías | Comercio al por menor de pintura | Comercio al por menor de pisos y recubrimientos cerámicos | Comercio al por menor de materiales para la construcción en tiendas de autoservicio especializadas,10.28125086,28.08368524,52.2588256,366.3376797
15,75,29182,15075,14899,29196,0.510309631,55,148.5,Comercio al por menor de vidrios y espejos | Comercio al por menor en ferreterías y tlapalerías | Comercio al por menor de artículos para albercas y otros artículos | Comercio al por menor de pintura | Comercio al por menor de artículos para la limpieza | Comercio al por menor de pisos y recubrimientos cerámicos,18.8472346,50.88753341,57.71146979,69.48542712
15,76,97418,15076,1003,97418,0.010295839,311,957,Comercio al por menor de vidrios y espejos | Comercio al por menor en ferreterías y tlapalerías | Comercio al por menor de artículos para la limpieza | Comercio al por menor de artículos para albercas y otros artículos | Comercio al por menor de pintura | Comercio al por menor de pisos y recubrimientos cerámicos | Comercio al por menor de materiales para la construcción en tiendas de autoservicio especializadas,31.92428504,98.23646554,58.96210058,20.86969878
15,77,6692,15077,6692,6700,0.99880597,3,7.5,Comercio al por menor en ferreterías y tlapalerías,4.482964734,11.20741184,53.85508057,130.16206
15,78,9729,15078,9729,9729,1,2,5,Comercio al por menor de artículos para la limpieza | Comercio al por menor en ferreterías y tlapalerías,2.055709734,5.139274334,54.96561069,107.1029626
15,79,14323,15079,8617,14323,0.601619772,22,55,Comercio al por menor de vidrios y espejos | Comercio al por menor de pintura | Comercio al por menor en ferreterías y tlapalerías | Comercio al por menor de artículos para la limpieza | Comercio al por menor de artículos para albercas y otros artículos | Comercio al por menor de pisos y recubrimientos cerámicos,15.35991063,38.39977658,55.7048561,145.5267706
15,80,24145,15080,17602,24145,0.729012218,15,55.5,Comercio al por menor en ferreterías y tlapalerías | Comercio al por menor de artículos para la limpieza | Comercio al por menor de pintura | Comercio al por menor de vidrios y espejos,6.212466349,22.98612549,51.63894892,563.6401842
15,81,547503,15081,11089,547531,0.020252735,1099,3162,Comercio al por menor en ferreterías y tlapalerías | Comercio al por menor de pisos y recubrimientos cerámicos | Comercio al por menor de artículos para la limpieza | Comercio al por menor de materiales para la construcción en tiendas de autoservicio especializadas | Comercio al por menor de vidrios y espejos | Comercio al por menor de pintura | Comercio al por menor de artículos para albercas y otros artículos,20.07294937,57.7531082,60.11656171,155.8495391
15,82,79282,15082,45095,79336,0.568405264,77,243.5,Comercio al por menor de artículos para la limpieza | Comercio al por menor de vidrios y espejos | Comercio al por menor de pintura | Comercio al por menor en ferreterías y tlapalerías | Comercio al por menor de artículos para albercas y otros artículos | Comercio al por menor de pisos y recubrimientos cerámicos,9.712166696,30.71315053,54.03325735,665.7384986
15,83,14130,15083,5019,14150,0.354699647,27,67.5,Comercio al por menor de vidrios y espejos | Comercio al por menor de pintura | Comercio al por menor de artículos para albercas y otros artículos | Comercio al por menor en ferreterías y tlapalerías | Comercio al por menor de artículos para la limpieza,19.10828025,47.77070064,56.96169085,29.08544242
15,84,43593,15084,11906,43593,0.273117244,121,302.5,Comercio al por menor de vidrios y espejos | Comercio al por menor de artículos para la limpieza | Comercio al por menor de pisos y recubrimientos cerámicos | Comercio al por menor de pintura | Comercio al por menor en ferreterías y tlapalerías | Comercio al por menor de materiales para la construcción en tiendas de autoservicio especializadas | Comercio al por menor de artículos para albercas y otros artículos,27.75674994,69.39187484,56.8659783,163.5054522
15,85,66414,15085,36620,66414,0.551389767,47,139.5,Comercio al por menor de vidrios y espejos | Comercio al por menor en ferreterías y tlapalerías | Comercio al por menor de artículos para la limpieza | Comercio al por menor de pintura | Comercio al por menor de pisos y recubrimientos cerámicos,7.076821152,21.00460746,54.69603602,353.7614032
15,86,35014,15086,35014,35025,0.999685939,5,12.5,Comercio al por menor de artículos para la limpieza | Comercio al por menor de pintura | Comercio al por menor en ferreterías y tlapalerías | Comercio al por menor de vidrios y espejos,1.428000228,3.570000571,52.91015541,563.4319538
15,87,105766,15087,42097,105784,0.397952431,128,343.5,Comercio al por menor de pisos y recubrimientos cerámicos | Comercio al por menor de vidrios y espejos | Comercio al por menor en ferreterías y tlapalerías | Comercio al por menor de pintura | Comercio al por menor de artículos para la limpieza | Comercio al por menor de artículos para albercas y otros artículos,12.10218785,32.47735567,55.63085456,185.2300024
15,88,104677,15088,38864,104688,0.371236436,86,289.5,Comercio al por menor de pintura | Comercio al por menor de vidrios y espejos | Comercio al por menor de artículos para la limpieza | Comercio al por menor en ferreterías y tlapalerías | Comercio al por menor de pisos y recubrimientos cerámicos | Comercio al por menor de artículos para albercas y otros artículos,8.215749401,27.65650525,56.30967081,163.8821724
15,89,11359,15089,2157,11412,0.189011567,22,60.5,Comercio al por menor de pintura | Comercio al por menor de artículos para albercas y otros artículos | Comercio al por menor de vidrios y espejos | Comercio al por menor en ferreterías y tlapalerías | Comercio al por menor de artículos para la limpieza,19.3679021,53.26173079,57.63979759,37.76288222
15,90,90518,15090,16935,90518,0.187089861,165,445.5,Comercio al por menor de vidrios y espejos | Comercio al por menor de artículos para la limpieza | Comercio al por menor en ferreterías y tlapalerías | Comercio al por menor de pisos y recubrimientos cerámicos | Comercio al por menor de pintura,18.22841866,49.21673037,56.70736437,210.0173478
15,91,65459,15091,3168,65459,0.048396706,204,543,Comercio al por menor de vidrios y espejos | Comercio al por menor en ferreterías y tlapalerías | Comercio al por menor de artículos para la limpieza | Comercio al por menor de pisos y recubrimientos cerámicos | Comercio al por menor de pintura | Comercio al por menor de artículos para albercas y otros artículos,31.16454575,82.95268794,58.89091456,30.84317593
15,92,58507,15092,7550,58517,0.129022335,154,452,Comercio al por menor en ferreterías y tlapalerías | Comercio al por menor de pintura | Comercio al por menor de vidrios y espejos | Comercio al por menor de artículos para la limpieza | Comercio al por menor de artículos para albercas y otros artículos | Comercio al por menor de pisos y recubrimientos cerámicos,26.32163673,77.25571299,58.26263341,82.66329223
15,93,32564,15093,9211,32592,0.282615366,64,165.5,Comercio al por menor en ferreterías y tlapalerías | Comercio al por menor de artículos para albercas y otros artículos | Comercio al por menor de pintura | Comercio al por menor de artículos para la limpieza | Comercio al por menor de pisos y recubrimientos cerámicos | Comercio al por menor de vidrios y espejos,19.65360521,50.82299472,57.16548469,177.812643
15,94,20500,15094,5556,20522,0.270733847,24,78,Comercio al por menor en ferreterías y tlapalerías | Comercio al por menor de artículos para albercas y otros artículos | Comercio al por menor de pintura | Comercio al por menor de vidrios y espejos | Comercio al por menor de artículos para la limpieza | Comercio al por menor de pisos y recubrimientos cerámicos,11.70731707,38.04878049,56.31652836,42.91976051
15,95,103696,15095,18273,103701,0.176208523,257,1134,Comercio al por menor de vidrios y espejos | Comercio al por menor en ferreterías y tlapalerías | Comercio al por menor de artículos para la limpieza | Comercio al por menor de pintura | Comercio al por menor de pisos y recubrimientos cerámicos,24.78398395,109.3581237,58.1570886,205.7707778
15,96,39489,15096,2973,39491,0.075282976,129,351.5,Comercio al por menor en ferreterías y tlapalerías | Comercio al por menor de artículos para la limpieza | Comercio al por menor de pintura | Comercio al por menor de vidrios y espejos | Comercio al por menor de materiales para la construcción en tiendas de autoservicio especializadas | Comercio al por menor de artículos para albercas y otros artículos | Comercio al por menor de pisos y recubrimientos cerámicos,32.66732508,89.01212996,58.58756856,121.6233658
15,97,18482,15097,15567,18488,0.842005625,22,55,Comercio al por menor de vidrios y espejos | Comercio al por menor en ferreterías y tlapalerías | Comercio al por menor de pintura | Comercio al por menor de pisos y recubrimientos cerámicos | Comercio al por menor de artículos para la limpieza,11.90347365,29.75868413,53.54372115,144.7939161
15,98,5736,15098,632,5736,0.110181311,12,68,Comercio al por menor en ferreterías y tlapalerías | Comercio al por menor de vidrios y espejos | Comercio al por menor de artículos para la limpieza,20.92050209,118.5495119,58.60344478,24.60503969
15,99,277562,15099,37784,277591,0.136113923,620,1966,Comercio al por menor en ferreterías y tlapalerías | Comercio al por menor de pisos y recubrimientos cerámicos | Comercio al por menor de pintura | Comercio al por menor de artículos para albercas y otros artículos | Comercio al por menor de vidrios y espejos | Comercio al por menor de artículos para la limpieza | Comercio al por menor de materiales para la construcción en tiendas de autoservicio especializadas,22.33735165,70.83102154,57.67347136,425.5751977
15,100,47044,15100,2764,47044,0.058753507,193,499,Comercio al por menor de vidrios y espejos | Comercio al por menor de artículos para la limpieza | Comercio al por menor de pintura | Comercio al por menor en ferreterías y tlapalerías | Comercio al por menor de artículos para albercas y otros artículos,41.02542301,106.0709123,55.85936121,16.19518099
15,101,84259,15101,27396,84259,0.325140341,137,442.5,Comercio al por menor en ferreterías y tlapalerías | Comercio al por menor de vidrios y espejos | Comercio al por menor de artículos para la limpieza | Comercio al por menor de pisos y recubrimientos cerámicos | Comercio al por menor de pintura | Comercio al por menor de artículos para albercas y otros artículos,16.25939069,52.51664511,57.02568285,131.09965
15,102,16414,15102,16414,16414,1,7,17.5,Comercio al por menor en ferreterías y tlapalerías | Comercio al por menor de artículos para la limpieza | Comercio al por menor de pintura,4.264652126,10.66163032,55.57684633,165.5911688
15,103,49196,15103,6872,49281,0.139445222,85,229,Comercio al por menor en ferreterías y tlapalerías | Comercio al por menor de vidrios y espejos | Comercio al por menor de artículos para la limpieza | Comercio al por menor de pisos y recubrimientos cerámicos | Comercio al por menor de artículos para albercas y otros artículos | Comercio al por menor de pintura,17.27782747,46.54849988,59.02693575,159.3287962
15,104,672202,15104,265,672202,3.94E-04,1269,5636.5,Comercio al por menor de pintura | Comercio al por menor en ferreterías y tlapalerías | Comercio al por menor de vidrios y espejos | Comercio al por menor de artículos para la limpieza | Comercio al por menor de pisos y recubrimientos cerámicos | Comercio al por menor de artículos para albercas y otros artículos | Comercio al por menor de materiales para la construcción en tiendas de autoservicio especializadas,18.87825386,83.8512828,60.02981546,79.86059817
15,105,31762,15105,29259,31823,0.919429344,8,20,Comercio al por menor de artículos para la limpieza | Comercio al por menor de pintura | Comercio al por menor en ferreterías y tlapalerías,2.518733077,6.296832693,52.19008007,785.8871686
15,106,910608,15106,41182,910636,0.045223338,1948,6675.5,Comercio al por menor de pintura | Comercio al por menor de artículos para la limpieza | Comercio al por menor en ferreterías y tlapalerías | Comercio al por menor de artículos para albercas y otros artículos | Comercio al por menor de vidrios y espejos | Comercio al por menor de pisos y recubrimientos cerámicos | Comercio al por menor de materiales para la construcción en tiendas de autoservicio especializadas,21.39230053,73.30816334,59.28397198,424.4667013
15,107,12912,15107,5891,12912,0.456242255,28,86.5,Comercio al por menor de vidrios y espejos | Comercio al por menor en ferreterías y tlapalerías | Comercio al por menor de pintura | Comercio al por menor de artículos para la limpieza,21.68525403,66.99194548,57.08389834,89.78066081
15,108,157645,15108,6776,157651,0.042981015,380,1019,Comercio al por menor de vidrios y espejos | Comercio al por menor de pintura | Comercio al por menor de artículos para la limpieza | Comercio al por menor en ferreterías y tlapalerías | Comercio al por menor de artículos para albercas y otros artículos | Comercio al por menor de pisos y recubrimientos cerámicos | Comercio al por menor de materiales para la construcción en tiendas de autoservicio especializadas,24.10479241,64.63890387,59.71773244,26.59768409
15,109,516341,15109,1653,516341,0.003201373,1217,3426,Comercio al por menor de artículos para albercas y otros artículos | Comercio al por menor en ferreterías y tlapalerías | Comercio al por menor de artículos para la limpieza | Comercio al por menor de vidrios y espejos | Comercio al por menor de pintura | Comercio al por menor de pisos y recubrimientos cerámicos,23.56969522,66.35150027,59.98724551,65.62039055
15,110,61590,15110,29367,61624,0.476551344,88,291.5,Comercio al por menor en ferreterías y tlapalerías | Comercio al por menor de artículos para albercas y otros artículos | Comercio al por menor de vidrios y espejos | Comercio al por menor de pintura | Comercio al por menor de pisos y recubrimientos cerámicos | Comercio al por menor de artículos para la limpieza,14.28803377,47.32911187,56.81078555,398.5202013
15,111,53275,15111,46981,53281,0.881758976,14,35,Comercio al por menor en ferreterías y tlapalerías | Comercio al por menor de vidrios y espejos | Comercio al por menor de artículos para la limpieza,2.627874237,6.569685594,52.52746886,307.7769396
15,112,51498,15112,29998,51507,0.582406275,64,182,Comercio al por menor en ferreterías y tlapalerías | Comercio al por menor de vidrios y espejos | Comercio al por menor de pisos y recubrimientos cerámicos | Comercio al por menor de artículos para la limpieza | Comercio al por menor de pintura | Comercio al por menor de artículos para albercas y otros artículos,12.42766709,35.3411783,53.6074728,301.3383004
15,113,69086,15113,34308,69086,0.496598443,45,154,Comercio al por menor en ferreterías y tlapalerías | Comercio al por menor de vidrios y espejos | Comercio al por menor de artículos para la limpieza | Comercio al por menor de pintura | Comercio al por menor de pisos y recubrimientos cerámicos,6.513620705,22.29105752,54.22327435,225.047399
15,114,108196,15114,85643,108206,0.791481064,36,101,Comercio al por menor de artículos para la limpieza | Comercio al por menor de artículos para albercas y otros artículos | Comercio al por menor de pisos y recubrimientos cerámicos | Comercio al por menor en ferreterías y tlapalerías | Comercio al por menor de pintura | Comercio al por menor de vidrios y espejos,3.327294909,9.334910718,50.42151427,422.3078158
15,115,54633,15115,12287,54633,0.224900701,123,358.5,Comercio al por menor de vidrios y espejos | Comercio al por menor de artículos para la limpieza | Comercio al por menor en ferreterías y tlapalerías | Comercio al por menor de artículos para albercas y otros artículos | Comercio al por menor de pisos y recubrimientos cerámicos | Comercio al por menor de pintura,22.51386525,65.61968041,58.14168493,53.1965746
15,116,5109,15116,1632,5109,0.319436289,5,12.5,Comercio al por menor en ferreterías y tlapalerías | Comercio al por menor de pintura | Comercio al por menor de artículos para la limpieza | Comercio al por menor de vidrios y espejos,9.786651008,24.46662752,55.51994075,66.35291931
15,117,13522,15117,10433,13532,0.770987289,11,27.5,Comercio al por menor en ferreterías y tlapalerías | Comercio al por menor de pintura | Comercio al por menor de pisos y recubrimientos cerámicos | Comercio al por menor de vidrios y espejos,8.134891288,20.33722822,49.69306767,290.976323
15,118,203872,15118,33741,203876,0.165497655,301,871,Comercio al por menor de artículos para la limpieza | Comercio al por menor en ferreterías y tlapalerías | Comercio al por menor de vidrios y espejos | Comercio al por menor de artículos para albercas y otros artículos | Comercio al por menor de pintura | Comercio al por menor de pisos y recubrimientos cerámicos,14.76416575,42.72288495,58.32898065,311.3667137
15,119,18833,15119,14002,18833,0.743482186,10,30.5,Comercio al por menor en ferreterías y tlapalerías | Comercio al por menor de pintura | Comercio al por menor de pisos y recubrimientos cerámicos | Comercio al por menor de artículos para la limpieza | Comercio al por menor de vidrios y espejos,5.309828493,16.1949769,52.21066902,201.5098225
15,120,280455,15120,22654,280489,0.080766091,664,1841.5,Comercio al por menor de artículos para la limpieza | Comercio al por menor en ferreterías y tlapalerías | Comercio al por menor de vidrios y espejos | Comercio al por menor de pintura | Comercio al por menor de materiales para la construcción en tiendas de autoservicio especializadas | Comercio al por menor de pisos y recubrimientos cerámicos | Comercio al por menor de artículos para albercas y otros artículos,23.67581252,65.66115776,58.54281095,222.1303779
15,121,555163,15121,9498,555163,0.017108489,990,3768.5,Comercio al por menor en ferreterías y tlapalerías | Comercio al por menor de pintura | Comercio al por menor de artículos para albercas y otros artículos | Comercio al por menor de vidrios y espejos | Comercio al por menor de artículos para la limpieza | Comercio al por menor de pisos y recubrimientos cerámicos | Comercio al por menor de materiales para la construcción en tiendas de autoservicio especializadas,17.83260052,67.88096469,60.63300172,102.9917926
15,122,391731,15122,830,391745,0.002118725,1057,2815,Comercio al por menor de vidrios y espejos | Comercio al por menor en ferreterías y tlapalerías | Comercio al por menor de artículos para la limpieza | Comercio al por menor de pisos y recubrimientos cerámicos | Comercio al por menor de artículos para albercas y otros artículos | Comercio al por menor de materiales para la construcción en tiendas de autoservicio especializadas | Comercio al por menor de pintura,26.98280197,71.86053695,57.8420752,46.41095091
15,123,28822,15123,20118,29000,0.693724138,34,114,Comercio al por menor de artículos para la limpieza | Comercio al por menor de vidrios y espejos | Comercio al por menor en ferreterías y tlapalerías | Comercio al por menor de pintura | Comercio al por menor de pisos y recubrimientos cerámicos,11.79654431,39.55311915,51.44521458,699.7130472
15,124,100082,15124,94754,100082,0.946763654,23,68.5,Comercio al por menor de pisos y recubrimientos cerámicos | Comercio al por menor de artículos para albercas y otros artículos | Comercio al por menor de pintura | Comercio al por menor en ferreterías y tlapalerías | Comercio al por menor de artículos para la limpieza | Comercio al por menor de vidrios y espejos,2.298115545,6.844387602,51.31367578,475.504056
15,125,14883,15125,1134,14892,0.076148268,31,77.5,Comercio al por menor de vidrios y espejos | Comercio al por menor de pintura | Comercio al por menor en ferreterías y tlapalerías | Comercio al por menor de artículos para la limpieza | Comercio al por menor de artículos para albercas y otros artículos,20.82913391,52.07283478,58.03344253,8.978567443
16,0,4748846,16000,0,17851,0,0,0,NA,0,0,NA,NA
16,1,11301,16001,3862,11326,0.340985343,30,80.5,Comercio al por menor de vidrios y espejos | Comercio al por menor de artículos para albercas y otros artículos | Comercio al por menor en ferreterías y tlapalerías | Comercio al por menor de pintura | Comercio al por menor de artículos para la limpieza,26.54632333,71.23263428,55.52083326,175.2780603
16,2,14754,16002,3699,15124,0.244578154,9,28,Comercio al por menor en ferreterías y tlapalerías | Comercio al por menor de artículos para la limpieza,6.100040667,18.9779043,54.43483561,1390.885925
16,3,23000,16003,13487,23058,0.584916298,32,91,Comercio al por menor de artículos para la limpieza | Comercio al por menor en ferreterías y tlapalerías | Comercio al por menor de pintura | Comercio al por menor de pisos y recubrimientos cerámicos | Comercio al por menor de vidrios y espejos,13.91304348,39.56521739,56.11589875,158.4241096
16,4,14943,16004,9899,14960,0.661697861,15,43,Comercio al por menor de vidrios y espejos | Comercio al por menor en ferreterías y tlapalerías | Comercio al por menor de pintura | Comercio al por menor de pisos y recubrimientos cerámicos | Comercio al por menor de artículos para la limpieza,10.03814495,28.77601553,55.37192193,238.5077898
16,5,10892,16005,6915,10896,0.634636564,5,12.5,Comercio al por menor en ferreterías y tlapalerías | Comercio al por menor de artículos para la limpieza,4.590525156,11.47631289,54.71756073,76.35414925
16,6,126191,16006,20562,126576,0.162447857,121,481.5,Comercio al por menor en ferreterías y tlapalerías | Comercio al por menor de vidrios y espejos | Comercio al por menor de pintura | Comercio al por menor de artículos para la limpieza | Comercio al por menor de pisos y recubrimientos cerámicos | Comercio al por menor de artículos para albercas y otros artículos | Comercio al por menor de materiales para la construcción en tiendas de autoservicio especializadas,9.588639443,38.15644539,56.22396957,1632.810286
16,7,3529,16007,3529,3536,0.998020362,5,12.5,Comercio al por menor de vidrios y espejos | Comercio al por menor en ferreterías y tlapalerías | Comercio al por menor de artículos para la limpieza,14.16831964,35.42079909,54.13945486,58.04279066
16,8,24676,16008,24676,25868,0.953919901,1,8,Comercio al por menor en ferreterías y tlapalerías,0.405252067,3.242016534,45.8029235,2260.430348
16,9,36268,16009,18171,36360,0.499752475,38,124,Comercio al por menor de artículos para la limpieza | Comercio al por menor en ferreterías y tlapalerías | Comercio al por menor de pintura | Comercio al por menor de pisos y recubrimientos cerámicos | Comercio al por menor de materiales para la construcción en tiendas de autoservicio especializadas | Comercio al por menor de artículos para albercas y otros artículos | Comercio al por menor de vidrios y espejos,10.47755597,34.18991949,56.11613249,691.6096819
16,10,20332,16010,9286,21228,0.437441116,20,79,Comercio al por menor de vidrios y espejos | Comercio al por menor en ferreterías y tlapalerías | Comercio al por menor de pisos y recubrimientos cerámicos | Comercio al por menor de pintura | Comercio al por menor de artículos para la limpieza,9.836710604,38.85500689,54.30865134,3424.477861
16,11,11681,16011,3238,11689,0.277012576,12,35.5,Comercio al por menor en ferreterías y tlapalerías | Comercio al por menor de artículos para la limpieza | Comercio al por menor de vidrios y espejos,10.27309306,30.39123363,56.10308931,67.18124988
16,12,45538,16012,15038,45666,0.329304077,42,138,Comercio al por menor de materiales para la construcción en tiendas de autoservicio especializadas | Comercio al por menor en ferreterías y tlapalerías | Comercio al por menor de artículos para la limpieza | Comercio al por menor de artículos para albercas y otros artículos | Comercio al por menor de pintura | Comercio al por menor de vidrios y espejos,9.22306645,30.30436119,54.57334751,917.5168027
16,13,9176,16013,5027,9536,0.527160235,9,33.5,Comercio al por menor en ferreterías y tlapalerías | Comercio al por menor de artículos para la limpieza | Comercio al por menor de vidrios y espejos,9.808195292,36.50828248,52.08594392,913.786928
16,14,17022,16014,4998,17215,0.290328202,19,94.5,Comercio al por menor de vidrios y espejos | Comercio al por menor en ferreterías y tlapalerías | Comercio al por menor de pintura | Comercio al por menor de artículos para la limpieza,11.16202561,55.51639055,55.49229936,364.4920366
16,15,19633,16015,5827,20801,0.280130763,15,48.5,Comercio al por menor en ferreterías y tlapalerías | Comercio al por menor de pintura | Comercio al por menor de artículos para la limpieza | Comercio al por menor de pisos y recubrimientos cerámicos | Comercio al por menor de vidrios y espejos,7.640197626,24.70330566,55.05235712,2815.558461
16,16,20965,16016,14372,20978,0.685098675,30,116.5,Comercio al por menor de artículos para la limpieza | Comercio al por menor en ferreterías y tlapalerías | Comercio al por menor de pisos y recubrimientos cerámicos | Comercio al por menor de pintura | Comercio al por menor de vidrios y espejos,14.30956356,55.56880515,54.39656797,391.0481384
16,17,35070,16017,27991,35089,0.797714383,24,60,Comercio al por menor de vidrios y espejos | Comercio al por menor en ferreterías y tlapalerías | Comercio al por menor de artículos para la limpieza | Comercio al por menor de pintura,6.843455945,17.10863986,53.78378571,376.1995271
16,18,9484,16018,6319,9490,0.665858799,10,25,Comercio al por menor en ferreterías y tlapalerías | Comercio al por menor de pintura | Comercio al por menor de pisos y recubrimientos cerámicos | Comercio al por menor de artículos para la limpieza | Comercio al por menor de vidrios y espejos,10.54407423,26.36018558,54.91680031,172.0737069
16,19,20198,16019,6124,20287,0.301868191,19,87.5,Comercio al por menor de vidrios y espejos | Comercio al por menor de pisos y recubrimientos cerámicos | Comercio al por menor de artículos para albercas y otros artículos | Comercio al por menor de artículos para la limpieza | Comercio al por menor en ferreterías y tlapalerías | Comercio al por menor de pintura,9.406871968,43.3211209,56.50405986,501.6877187
16,20,29910,16020,7590,29923,0.253651038,41,102.5,Comercio al por menor en ferreterías y tlapalerías | Comercio al por menor de pintura | Comercio al por menor de pisos y recubrimientos cerámicos | Comercio al por menor de artículos para la limpieza | Comercio al por menor de vidrios y espejos,13.70779004,34.26947509,55.44650308,252.6020179
16,21,13539,16021,2045,13550,0.150922509,14,35,Comercio al por menor en ferreterías y tlapalerías | Comercio al por menor de artículos para la limpieza | Comercio al por menor de vidrios y espejos,10.34049782,25.85124455,49.72102553,232.2530866
16,22,25138,16022,16464,28077,0.586387435,15,37.5,Comercio al por menor de vidrios y espejos | Comercio al por menor de artículos para la limpieza | Comercio al por menor en ferreterías y tlapalerías | Comercio al por menor de pintura,5.967061819,14.91765455,55.45452197,320.9786005
16,23,10417,16023,3821,10419,0.366733852,17,53.5,Comercio al por menor de pisos y recubrimientos cerámicos | Comercio al por menor de pintura | Comercio al por menor en ferreterías y tlapalerías | Comercio al por menor de artículos para la limpieza | Comercio al por menor de vidrios y espejos,16.31947778,51.35835653,56.19075943,150.9698672
16,24,20586,16024,674,20607,0.032707332,84,215.5,Comercio al por menor en ferreterías y tlapalerías | Comercio al por menor de materiales para la construcción en tiendas de autoservicio especializadas | Comercio al por menor de vidrios y espejos | Comercio al por menor de artículos para albercas y otros artículos | Comercio al por menor de artículos para la limpieza | Comercio al por menor de pintura | Comercio al por menor de pisos y recubrimientos cerámicos,40.8044302,104.6827941,54.52210047,220.9079326
16,25,40560,16025,10748,40571,0.264918291,47,117.5,Comercio al por menor en ferreterías y tlapalerías | Comercio al por menor de pintura | Comercio al por menor de vidrios y espejos | Comercio al por menor de pisos y recubrimientos cerámicos | Comercio al por menor de artículos para la limpieza,11.5877712,28.96942801,54.16739813,302.5801497
16,26,4773,16026,4773,5046,0.945897741,0,0,NA,0,0,52.68455486,1017.915118
16,27,4944,16027,4944,4950,0.998787879,3,7.5,Comercio al por menor en ferreterías y tlapalerías | Comercio al por menor de vidrios y espejos,6.067961165,15.16990291,53.09795279,190.9733313
16,28,5233,16028,2653,5235,0.50678128,12,41,Comercio al por menor en ferreterías y tlapalerías | Comercio al por menor de pisos y recubrimientos cerámicos | Comercio al por menor de pintura | Comercio al por menor de vidrios y espejos,22.9313969,78.34893942,56.12505548,227.7241903
16,29,12342,16029,7935,12422,0.638786025,14,40.5,Comercio al por menor en ferreterías y tlapalerías | Comercio al por menor de artículos para la limpieza | Comercio al por menor de pintura,11.34338033,32.8147788,50.20262952,1104.780632
16,30,11850,16030,7492,11852,0.632129598,20,55.5,Comercio al por menor en ferreterías y tlapalerías | Comercio al por menor de vidrios y espejos | Comercio al por menor de pintura,16.87763713,46.83544304,55.05131647,301.8977298
16,31,16112,16031,16112,16144,0.998017839,16,51,Comercio al por menor de pintura | Comercio al por menor en ferreterías y tlapalerías | Comercio al por menor de artículos para la limpieza | Comercio al por menor de vidrios y espejos,9.930486594,31.65342602,54.1069094,420.4684493
16,32,15715,16032,9631,15723,0.612542136,10,30.5,Comercio al por menor en ferreterías y tlapalerías | Comercio al por menor de artículos para la limpieza | Comercio al por menor de vidrios y espejos,6.363347121,19.40820872,54.9513811,242.4455884
16,33,21466,16033,9157,21526,0.425392549,17,53.5,Comercio al por menor de artículos para la limpieza | Comercio al por menor de artículos para albercas y otros artículos | Comercio al por menor de vidrios y espejos | Comercio al por menor en ferreterías y tlapalerías | Comercio al por menor de pintura,7.919500606,24.92313426,55.55499672,365.4239384
16,34,125712,16034,38580,126019,0.306144312,323,1027,Comercio al por menor en ferreterías y tlapalerías | Comercio al por menor de vidrios y espejos | Comercio al por menor de artículos para la limpieza | Comercio al por menor de artículos para albercas y otros artículos | Comercio al por menor de pintura | Comercio al por menor de pisos y recubrimientos cerámicos | Comercio al por menor de materiales para la construcción en tiendas de autoservicio especializadas,25.69364898,81.69466718,55.71616159,1136.247437
16,35,30627,16035,17807,30764,0.5788259,21,80,Comercio al por menor en ferreterías y tlapalerías | Comercio al por menor de pintura | Comercio al por menor de artículos para la limpieza | Comercio al por menor de vidrios y espejos,6.856695073,26.12074314,53.08410767,1943.663313
16,36,11644,16036,4955,11664,0.424811385,25,106,Comercio al por menor de vidrios y espejos | Comercio al por menor de artículos para la limpieza | Comercio al por menor en ferreterías y tlapalerías | Comercio al por menor de pintura,21.47028513,91.03400893,56.50762001,95.52940094
16,37,7945,16037,5350,7946,0.673294739,10,25,Comercio al por menor en ferreterías y tlapalerías | Comercio al por menor de artículos para la limpieza | Comercio al por menor de artículos para albercas y otros artículos | Comercio al por menor de vidrios y espejos,12.58653241,31.46633103,54.31656958,199.1597306
16,38,41973,16038,18137,42383,0.42793101,55,190,Comercio al por menor de pisos y recubrimientos cerámicos | Comercio al por menor en ferreterías y tlapalerías | Comercio al por menor de artículos para la limpieza | Comercio al por menor de pintura | Comercio al por menor de vidrios y espejos | Comercio al por menor de artículos para albercas y otros artículos,13.10366188,45.26719558,54.11381692,2049.579555
16,39,9015,16039,5764,9020,0.63902439,11,33,Comercio al por menor de artículos para la limpieza | Comercio al por menor en ferreterías y tlapalerías | Comercio al por menor de pintura | Comercio al por menor de vidrios y espejos,12.20188575,36.60565724,55.57385485,78.62677697
16,40,18385,16040,7286,18409,0.395784671,33,88,Comercio al por menor de vidrios y espejos | Comercio al por menor de artículos para albercas y otros artículos | Comercio al por menor en ferreterías y tlapalerías | Comercio al por menor de pisos y recubrimientos cerámicos | Comercio al por menor de artículos para la limpieza | Comercio al por menor de pintura,17.94941528,47.86510742,54.74526296,175.2977864
16,41,16043,16041,9849,16044,0.613874346,16,40,Comercio al por menor en ferreterías y tlapalerías | Comercio al por menor de pisos y recubrimientos cerámicos | Comercio al por menor de artículos para la limpieza | Comercio al por menor de vidrios y espejos,9.973197033,24.93299258,54.16099007,125.8287139
16,42,14302,16042,9211,14316,0.643405979,13,32.5,Comercio al por menor en ferreterías y tlapalerías | Comercio al por menor de pintura | Comercio al por menor de artículos para la limpieza | Comercio al por menor de vidrios y espejos,9.089637813,22.72409453,55.20162071,122.986562
16,43,68781,16043,4269,68882,0.061975552,65,393.5,Comercio al por menor en ferreterías y tlapalerías | Comercio al por menor de artículos para la limpieza | Comercio al por menor de pintura | Comercio al por menor de pisos y recubrimientos cerámicos | Comercio al por menor de materiales para la construcción en tiendas de autoservicio especializadas | Comercio al por menor de vidrios y espejos,9.450284235,57.21056687,57.24431667,117.8725403
16,44,12946,16044,8972,12973,0.691590226,17,42.5,Comercio al por menor en ferreterías y tlapalerías | Comercio al por menor de pintura | Comercio al por menor de artículos para la limpieza | Comercio al por menor de pisos y recubrimientos cerámicos,13.13146918,32.82867295,55.27726167,193.133368
16,45,36158,16045,11496,36186,0.317691925,72,225.5,Comercio al por menor en ferreterías y tlapalerías | Comercio al por menor de artículos para albercas y otros artículos | Comercio al por menor de artículos para la limpieza | Comercio al por menor de pisos y recubrimientos cerámicos | Comercio al por menor de pintura | Comercio al por menor de vidrios y espejos,19.91260579,62.36517506,57.54145701,241.5107064
16,46,14936,16046,8370,14960,0.559491979,17,42.5,Comercio al por menor en ferreterías y tlapalerías | Comercio al por menor de pintura | Comercio al por menor de artículos para la limpieza | Comercio al por menor de vidrios y espejos,11.38189609,28.45474022,54.27665644,140.2212452
16,47,19834,16047,14823,19901,0.744836943,7,17.5,Comercio al por menor en ferreterías y tlapalerías | Comercio al por menor de pintura | Comercio al por menor de vidrios y espejos,3.529293133,8.823232833,54.82612755,263.9373095
16,48,5745,16048,3081,5751,0.535732916,13,43.5,Comercio al por menor de artículos para la limpieza | Comercio al por menor en ferreterías y tlapalerías | Comercio al por menor de pintura | Comercio al por menor de vidrios y espejos,22.6283725,75.71801567,54.86301448,72.21977065
16,49,19086,16049,11453,19768,0.5793707,18,50.5,Comercio al por menor de artículos para la limpieza | Comercio al por menor en ferreterías y tlapalerías | Comercio al por menor de pintura | Comercio al por menor de artículos para albercas y otros artículos | Comercio al por menor de vidrios y espejos,9.430996542,26.45918474,52.08992382,1013.928404
16,50,89311,16050,40397,89328,0.452232223,166,531,Comercio al por menor en ferreterías y tlapalerías | Comercio al por menor de artículos para la limpieza | Comercio al por menor de vidrios y espejos | Comercio al por menor de pintura | Comercio al por menor de artículos para albercas y otros artículos | Comercio al por menor de pisos y recubrimientos cerámicos,18.58673624,59.4551623,55.18783116,692.90031
16,51,13983,16051,3517,14015,0.250945416,26,76,Comercio al por menor de vidrios y espejos | Comercio al por menor de artículos para la limpieza | Comercio al por menor de pisos y recubrimientos cerámicos | Comercio al por menor en ferreterías y tlapalerías | Comercio al por menor de pintura,18.59400701,54.35171279,58.79367304,231.3550253
16,52,196003,16052,15508,196381,0.078968943,238,990.5,Comercio al por menor de pisos y recubrimientos cerámicos | Comercio al por menor en ferreterías y tlapalerías | Comercio al por menor de artículos para albercas y otros artículos | Comercio al por menor de vidrios y espejos | Comercio al por menor de pintura | Comercio al por menor de artículos para la limpieza | Comercio al por menor de materiales para la construcción en tiendas de autoservicio especializadas,12.14267129,50.53494079,58.57047774,1150.335899
16,53,849053,16053,59412,849317,0.06995268,1957,6948.5,Comercio al por menor de pintura | Comercio al por menor de vidrios y espejos | Comercio al por menor en ferreterías y tlapalerías | Comercio al por menor de artículos para la limpieza | Comercio al por menor de pisos y recubrimientos cerámicos | Comercio al por menor de materiales para la construcción en tiendas de autoservicio especializadas | Comercio al por menor de artículos para albercas y otros artículos,23.04920894,81.83823625,59.39443783,1184.81388
16,54,7983,16054,5457,7985,0.683406387,20,50,Comercio al por menor de vidrios y espejos | Comercio al por menor en ferreterías y tlapalerías | Comercio al por menor de pisos y recubrimientos cerámicos | Comercio al por menor de artículos para la limpieza,25.05323813,62.63309533,54.64219786,182.0899521
16,55,45732,16055,7713,45804,0.168391407,57,164.5,Comercio al por menor en ferreterías y tlapalerías | Comercio al por menor de vidrios y espejos | Comercio al por menor de artículos para la limpieza | Comercio al por menor de pisos y recubrimientos cerámicos | Comercio al por menor de pintura,12.46392023,35.97043646,55.52103498,375.8215102
16,56,32598,16056,2967,32613,0.090975991,79,230.5,Comercio al por menor en ferreterías y tlapalerías | Comercio al por menor de pintura | Comercio al por menor de artículos para la limpieza | Comercio al por menor de vidrios y espejos,24.23461562,70.7098595,52.12886022,302.2271032
16,57,8196,16057,4286,8621,0.497158102,5,12.5,Comercio al por menor de artículos para la limpieza | Comercio al por menor en ferreterías y tlapalerías,6.100536847,15.25134212,50.6171392,542.8108519
16,58,20981,16058,4236,21117,0.200596676,55,143,Comercio al por menor en ferreterías y tlapalerías | Comercio al por menor de vidrios y espejos | Comercio al por menor de pintura | Comercio al por menor de artículos para la limpieza,26.21419379,68.15690387,57.32369101,233.6324341
16,59,9027,16059,9027,9049,0.997568792,2,5,Comercio al por menor en ferreterías y tlapalerías,2.215575496,5.538938739,54.33806887,328.7040213
16,60,9437,16060,4649,9458,0.491541552,12,35.5,Comercio al por menor en ferreterías y tlapalerías | Comercio al por menor de pintura | Comercio al por menor de pisos y recubrimientos cerámicos | Comercio al por menor de artículos para la limpieza | Comercio al por menor de vidrios y espejos,12.71590548,37.61788704,55.48718554,76.31830947
16,61,24774,16061,17079,24774,0.689392105,22,55,Comercio al por menor en ferreterías y tlapalerías | Comercio al por menor de pintura | Comercio al por menor de artículos para la limpieza | Comercio al por menor de materiales para la construcción en tiendas de autoservicio especializadas | Comercio al por menor de vidrios y espejos | Comercio al por menor de artículos para albercas y otros artículos,8.880277711,22.20069428,53.68388802,141.3776048
16,62,21028,16062,6394,21039,0.303911783,31,88.5,Comercio al por menor en ferreterías y tlapalerías | Comercio al por menor de pintura | Comercio al por menor de pisos y recubrimientos cerámicos | Comercio al por menor de artículos para la limpieza | Comercio al por menor de vidrios y espejos,14.74224843,42.08674149,55.39506344,169.103405
16,63,14889,16063,9622,14907,0.645468572,21,58,Comercio al por menor en ferreterías y tlapalerías | Comercio al por menor de pisos y recubrimientos cerámicos | Comercio al por menor de artículos para la limpieza | Comercio al por menor de vidrios y espejos | Comercio al por menor de pintura,14.10437236,38.95493317,55.10316591,287.1930515
16,64,26832,16064,12663,27050,0.468133087,18,45,Comercio al por menor en ferreterías y tlapalerías | Comercio al por menor de pintura | Comercio al por menor de artículos para la limpieza | Comercio al por menor de vidrios y espejos,6.708407871,16.77101968,54.06151465,500.9151765
16,65,39657,16065,8010,39697,0.201778472,81,224.5,Comercio al por menor en ferreterías y tlapalerías | Comercio al por menor de artículos para albercas y otros artículos | Comercio al por menor de pintura | Comercio al por menor de artículos para la limpieza | Comercio al por menor de pisos y recubrimientos cerámicos | Comercio al por menor de vidrios y espejos,20.42514562,56.61043448,54.13717339,242.614509
16,66,98382,16066,25427,98441,0.258296848,165,654,Comercio al por menor de artículos para la limpieza | Comercio al por menor de vidrios y espejos | Comercio al por menor de pisos y recubrimientos cerámicos | Comercio al por menor de pintura | Comercio al por menor en ferreterías y tlapalerías | Comercio al por menor de artículos para albercas y otros artículos | Comercio al por menor de materiales para la construcción en tiendas de autoservicio especializadas,16.77136061,66.4755748,56.71888921,435.918332
16,67,16621,16067,13264,16646,0.796828067,18,68.5,Comercio al por menor de pisos y recubrimientos cerámicos | Comercio al por menor de artículos para la limpieza | Comercio al por menor en ferreterías y tlapalerías | Comercio al por menor de pintura | Comercio al por menor de vidrios y espejos,10.8296733,41.21292341,54.88679329,368.5231864
16,68,29389,16068,11737,29514,0.397675679,32,85.5,Comercio al por menor de vidrios y espejos | Comercio al por menor en ferreterías y tlapalerías | Comercio al por menor de artículos para la limpieza | Comercio al por menor de pisos y recubrimientos cerámicos | Comercio al por menor de pintura,10.88842764,29.09251761,57.30842704,329.8196574
16,69,106490,16069,15284,107070,0.142747735,209,797.5,Comercio al por menor de vidrios y espejos | Comercio al por menor en ferreterías y tlapalerías | Comercio al por menor de artículos para la limpieza | Comercio al por menor de pisos y recubrimientos cerámicos | Comercio al por menor de artículos para albercas y otros artículos | Comercio al por menor de pintura | Comercio al por menor de materiales para la construcción en tiendas de autoservicio especializadas,19.62625599,74.889661,58.27990223,282.5374629
16,70,15503,16070,1682,15520,0.108376289,48,154.5,Comercio al por menor en ferreterías y tlapalerías | Comercio al por menor de pisos y recubrimientos cerámicos | Comercio al por menor de vidrios y espejos | Comercio al por menor de materiales para la construcción en tiendas de autoservicio especializadas | Comercio al por menor de pintura | Comercio al por menor de artículos para la limpieza | Comercio al por menor de artículos para albercas y otros artículos,30.96174934,99.65813068,57.77341649,191.3305577
16,71,69260,16071,29846,69278,0.430814977,95,319,Comercio al por menor en ferreterías y tlapalerías | Comercio al por menor de vidrios y espejos | Comercio al por menor de artículos para la limpieza | Comercio al por menor de pisos y recubrimientos cerámicos | Comercio al por menor de pintura | Comercio al por menor de artículos para albercas y otros artículos,13.71643084,46.05833093,56.11353455,713.6431051
16,72,13961,16072,4488,13996,0.320663047,23,74,Comercio al por menor de pisos y recubrimientos cerámicos | Comercio al por menor en ferreterías y tlapalerías | Comercio al por menor de pintura | Comercio al por menor de vidrios y espejos | Comercio al por menor de artículos para la limpieza,16.47446458,53.00479908,55.86000859,233.3316301
16,73,27176,16073,6534,27188,0.240326615,69,183.5,Comercio al por menor en ferreterías y tlapalerías | Comercio al por menor de pisos y recubrimientos cerámicos | Comercio al por menor de pintura | Comercio al por menor de vidrios y espejos | Comercio al por menor de artículos para la limpieza,25.39005004,67.52281425,55.3159955,211.9762809
16,74,10553,16074,3302,10553,0.312896807,17,60.5,Comercio al por menor en ferreterías y tlapalerías | Comercio al por menor de pintura | Comercio al por menor de artículos para la limpieza | Comercio al por menor de vidrios y espejos,16.10916327,57.32966929,56.22082385,130.135477
16,75,78935,16075,16219,78986,0.205340187,128,436.5,Comercio al por menor de vidrios y espejos | Comercio al por menor de artículos para la limpieza | Comercio al por menor de pisos y recubrimientos cerámicos | Comercio al por menor de pintura | Comercio al por menor de artículos para albercas y otros artículos | Comercio al por menor en ferreterías y tlapalerías | Comercio al por menor de materiales para la construcción en tiendas de autoservicio especializadas,16.21587382,55.29866346,55.82962496,477.8663852
16,76,78477,16076,8435,78514,0.107433069,185,670.5,Comercio al por menor en ferreterías y tlapalerías | Comercio al por menor de vidrios y espejos | Comercio al por menor de artículos para albercas y otros artículos | Comercio al por menor de artículos para la limpieza | Comercio al por menor de pisos y recubrimientos cerámicos | Comercio al por menor de pintura | Comercio al por menor de materiales para la construcción en tiendas de autoservicio especializadas,23.57378595,85.43904584,57.80409807,127.1852341
16,77,17677,16077,11200,17765,0.630453138,8,38,Comercio al por menor en ferreterías y tlapalerías | Comercio al por menor de vidrios y espejos | Comercio al por menor de artículos para la limpieza | Comercio al por menor de artículos para albercas y otros artículos,4.525654806,21.49686033,51.96364235,466.2746221
16,78,12812,16078,5592,12840,0.435514019,26,65,Comercio al por menor de vidrios y espejos | Comercio al por menor en ferreterías y tlapalerías | Comercio al por menor de pintura,20.29347487,50.73368717,55.98912677,103.3437766
16,79,49896,16079,18581,49963,0.371895202,69,221.5,Comercio al por menor de artículos para la limpieza | Comercio al por menor en ferreterías y tlapalerías | Comercio al por menor de pintura | Comercio al por menor de artículos para albercas y otros artículos | Comercio al por menor de vidrios y espejos,13.82876383,44.39233606,54.70567219,485.0763471
16,80,19833,16080,17070,19884,0.858479179,7,23,Comercio al por menor en ferreterías y tlapalerías | Comercio al por menor de vidrios y espejos,3.529471084,11.59683356,53.91940234,248.6603179
16,81,9076,16081,9076,9141,0.992889181,0,0,NA,0,0,50.28180451,266.5595139
16,82,79540,16082,36793,79677,0.461776924,78,228,Comercio al por menor de vidrios y espejos | Comercio al por menor de artículos para la limpieza | Comercio al por menor en ferreterías y tlapalerías | Comercio al por menor de pisos y recubrimientos cerámicos | Comercio al por menor de artículos para albercas y otros artículos | Comercio al por menor de pintura,9.806386724,28.66482273,56.27594926,782.5769027
16,83,33453,16083,25320,33540,0.754919499,28,104.5,Comercio al por menor en ferreterías y tlapalerías | Comercio al por menor de artículos para la limpieza | Comercio al por menor de artículos para albercas y otros artículos | Comercio al por menor de pisos y recubrimientos cerámicos | Comercio al por menor de pintura | Comercio al por menor de vidrios y espejos,8.369951873,31.2378561,55.9180696,710.2698629
16,84,31716,16084,5069,31753,0.159638459,49,122.5,Comercio al por menor de artículos para albercas y otros artículos | Comercio al por menor en ferreterías y tlapalerías | Comercio al por menor de pintura | Comercio al por menor de pisos y recubrimientos cerámicos | Comercio al por menor de artículos para la limpieza | Comercio al por menor de vidrios y espejos,15.44961534,38.62403834,54.25132484,313.8822581
16,85,35256,16085,13213,35293,0.374380189,57,177,Comercio al por menor en ferreterías y tlapalerías | Comercio al por menor de vidrios y espejos | Comercio al por menor de artículos para la limpieza | Comercio al por menor de pintura | Comercio al por menor de pisos y recubrimientos cerámicos,16.16746086,50.20422056,55.26432118,382.5092765
16,86,15534,16086,6827,15549,0.439063605,13,32.5,Comercio al por menor de pintura | Comercio al por menor en ferreterías y tlapalerías | Comercio al por menor de pisos y recubrimientos cerámicos | Comercio al por menor de vidrios y espejos,8.368739539,20.92184885,56.8193988,226.3316286
16,87,15589,16087,8472,15593,0.543320721,9,22.5,Comercio al por menor en ferreterías y tlapalerías | Comercio al por menor de artículos para la limpieza,5.773301687,14.43325422,56.65345608,184.0636887
16,88,114513,16088,48741,114593,0.425340117,125,329,Comercio al por menor de vidrios y espejos | Comercio al por menor en ferreterías y tlapalerías | Comercio al por menor de pintura | Comercio al por menor de artículos para la limpieza | Comercio al por menor de pisos y recubrimientos cerámicos,10.91579122,28.73036249,57.83554741,253.9706068
16,89,24074,16089,6781,24170,0.280554406,30,86,Comercio al por menor de vidrios y espejos | Comercio al por menor de pisos y recubrimientos cerámicos | Comercio al por menor de pintura | Comercio al por menor en ferreterías y tlapalerías | Comercio al por menor de artículos para la limpieza,12.4615768,35.72318684,56.44053244,794.466917
16,90,16325,16090,1489,16362,0.091003545,30,80.5,Comercio al por menor en ferreterías y tlapalerías | Comercio al por menor de artículos para la limpieza | Comercio al por menor de vidrios y espejos,18.37672282,49.31087289,56.20743942,188.6112293
16,91,14934,16091,7146,14957,0.477769606,20,55.5,Comercio al por menor en ferreterías y tlapalerías | Comercio al por menor de pintura | Comercio al por menor de vidrios y espejos,13.39225927,37.16351949,56.89614907,171.6115193
16,92,12836,16092,9172,13196,0.695059109,7,23,Comercio al por menor en ferreterías y tlapalerías | Comercio al por menor de vidrios y espejos | Comercio al por menor de pintura | Comercio al por menor de artículos para la limpieza,5.453412278,17.91835463,50.41106548,1485.761233
16,93,28556,16093,24929,28556,0.872986413,18,50.5,Comercio al por menor de vidrios y espejos | Comercio al por menor en ferreterías y tlapalerías | Comercio al por menor de materiales para la construcción en tiendas de autoservicio especializadas | Comercio al por menor de pintura | Comercio al por menor de artículos para la limpieza,6.303403838,17.68454966,53.28084235,195.8929148
16,94,6420,16094,3418,6424,0.532067248,20,50,Comercio al por menor de artículos para la limpieza | Comercio al por menor en ferreterías y tlapalerías | Comercio al por menor de vidrios y espejos | Comercio al por menor de pisos y recubrimientos cerámicos | Comercio al por menor de pintura,31.15264798,77.88161994,54.66054297,202.3092866
16,95,12325,16095,4540,12510,0.362909672,12,35.5,Comercio al por menor en ferreterías y tlapalerías | Comercio al por menor de pintura | Comercio al por menor de artículos para la limpieza | Comercio al por menor de vidrios y espejos,9.736308316,28.80324544,56.11377224,502.8333337
16,96,5971,16096,5971,6473,0.922447088,2,5,Comercio al por menor en ferreterías y tlapalerías,3.349522693,8.373806733,51.93905235,2055.497111
16,97,29056,16097,22211,29494,0.753068421,29,89,Comercio al por menor de artículos para la limpieza | Comercio al por menor en ferreterías y tlapalerías | Comercio al por menor de vidrios y espejos | Comercio al por menor de pintura,9.980726872,30.63050661,51.71361609,1539.087406
16,98,25757,16098,16795,25821,0.650439565,29,78,Comercio al por menor de artículos para la limpieza | Comercio al por menor en ferreterías y tlapalerías | Comercio al por menor de pisos y recubrimientos cerámicos | Comercio al por menor de pintura | Comercio al por menor de vidrios y espejos,11.2590752,30.28302986,54.94909221,241.9233351
16,99,14329,16099,11370,14594,0.779087296,16,40,Comercio al por menor en ferreterías y tlapalerías | Comercio al por menor de pintura | Comercio al por menor de pisos y recubrimientos cerámicos | Comercio al por menor de artículos para la limpieza | Comercio al por menor de artículos para albercas y otros artículos | Comercio al por menor de vidrios y espejos,11.16616652,27.91541629,51.90609975,1012.688792
16,100,14911,16100,7131,14911,0.478237543,15,37.5,Comercio al por menor en ferreterías y tlapalerías | Comercio al por menor de artículos para la limpieza | Comercio al por menor de pisos y recubrimientos cerámicos | Comercio al por menor de vidrios y espejos,10.05968748,25.1492187,54.35921925,183.2370278
16,101,8855,16101,8855,9597,0.922684172,3,7.5,Comercio al por menor en ferreterías y tlapalerías | Comercio al por menor de vidrios y espejos,3.387916431,8.469791078,48.7818701,935.8262302
16,102,356786,16102,22117,357427,0.06187837,761,2566,Comercio al por menor de artículos para la limpieza | Comercio al por menor de pintura | Comercio al por menor en ferreterías y tlapalerías | Comercio al por menor de vidrios y espejos | Comercio al por menor de pisos y recubrimientos cerámicos | Comercio al por menor de artículos para albercas y otros artículos | Comercio al por menor de materiales para la construcción en tiendas de autoservicio especializadas,21.32931225,71.91986233,58.35703218,1006.985937
16,103,23469,16103,4895,23514,0.208173854,38,100.5,Comercio al por menor de artículos para la limpieza | Comercio al por menor de vidrios y espejos | Comercio al por menor en ferreterías y tlapalerías | Comercio al por menor de pintura | Comercio al por menor de artículos para albercas y otros artículos,16.19157186,42.82244663,56.26511325,225.9420498
16,104,15864,16104,9476,15893,0.596237337,13,32.5,Comercio al por menor en ferreterías y tlapalerías | Comercio al por menor de artículos para la limpieza | Comercio al por menor de vidrios y espejos,8.194654564,20.48663641,54.65642833,347.6785041
16,105,20982,16105,5992,21010,0.285197525,30,80.5,Comercio al por menor en ferreterías y tlapalerías | Comercio al por menor de pintura | Comercio al por menor de artículos para la limpieza | Comercio al por menor de pisos y recubrimientos cerámicos | Comercio al por menor de vidrios y espejos,14.29796969,38.36621866,56.6624753,146.4664616
16,106,32303,16106,5612,32305,0.173719239,62,189.5,Comercio al por menor en ferreterías y tlapalerías | Comercio al por menor de pisos y recubrimientos cerámicos | Comercio al por menor de artículos para albercas y otros artículos | Comercio al por menor de pintura | Comercio al por menor de vidrios y espejos | Comercio al por menor de artículos para la limpieza | Comercio al por menor de materiales para la construcción en tiendas de autoservicio especializadas,19.19326378,58.66328205,56.38262864,173.0440442
16,107,76829,16107,14851,76909,0.193098337,211,613,Comercio al por menor en ferreterías y tlapalerías | Comercio al por menor de vidrios y espejos | Comercio al por menor de artículos para la limpieza | Comercio al por menor de artículos para albercas y otros artículos | Comercio al por menor de pintura | Comercio al por menor de pisos y recubrimientos cerámicos,27.46358797,79.78758021,57.6541687,451.6155602
16,108,204860,16108,21744,205252,0.105938066,319,1266.5,Comercio al por menor en ferreterías y tlapalerías | Comercio al por menor de vidrios y espejos | Comercio al por menor de pisos y recubrimientos cerámicos | Comercio al por menor de pintura | Comercio al por menor de artículos para albercas y otros artículos | Comercio al por menor de artículos para la limpieza,15.57160988,61.82270819,57.88279805,332.6299396
16,109,3232,16109,3232,3235,0.999072643,7,17.5,Comercio al por menor en ferreterías y tlapalerías | Comercio al por menor de pintura,21.65841584,54.1460396,56.07827281,112.3318947
16,110,49005,16110,29135,49100,0.593380855,65,197,Comercio al por menor de vidrios y espejos | Comercio al por menor de artículos para la limpieza | Comercio al por menor en ferreterías y tlapalerías | Comercio al por menor de pintura | Comercio al por menor de pisos y recubrimientos cerámicos,13.26395266,40.19997959,55.85750844,592.3467978
16,111,18402,16111,9595,18458,0.519828801,15,61,Comercio al por menor en ferreterías y tlapalerías | Comercio al por menor de artículos para la limpieza | Comercio al por menor de vidrios y espejos,8.151287903,33.14857081,55.74415079,159.0433394
16,112,157056,16112,60244,157132,0.383397398,209,588.5,Comercio al por menor de artículos para la limpieza | Comercio al por menor de pisos y recubrimientos cerámicos | Comercio al por menor de vidrios y espejos | Comercio al por menor en ferreterías y tlapalerías | Comercio al por menor de pintura | Comercio al por menor de artículos para albercas y otros artículos,13.30735534,37.47071108,56.19989063,509.5946006
16,113,26213,16113,16081,26231,0.613053258,34,96,Comercio al por menor de vidrios y espejos | Comercio al por menor en ferreterías y tlapalerías | Comercio al por menor de pisos y recubrimientos cerámicos | Comercio al por menor de artículos para albercas y otros artículos | Comercio al por menor de artículos para la limpieza | Comercio al por menor de pintura,12.97066341,36.62304963,55.695275,218.0012244
17,0,1971520,17000,0,1985,0,0,0,NA,0,0,NA,NA
17,1,17598,17001,9068,17624,0.514525647,8,20,Comercio al por menor de artículos para la limpieza | Comercio al por menor en ferreterías y tlapalerías | Comercio al por menor de vidrios y espejos,4.545971133,11.36492783,55.59386306,116.8225017
17,2,25232,17002,13708,25252,0.542848091,39,115.5,Comercio al por menor de artículos para albercas y otros artículos | Comercio al por menor de vidrios y espejos | Comercio al por menor de artículos para la limpieza | Comercio al por menor de pintura | Comercio al por menor en ferreterías y tlapalerías | Comercio al por menor de pisos y recubrimientos cerámicos,15.45656309,45.77520609,54.93903706,79.01198531
17,3,39174,17003,10737,39230,0.273693602,68,192,Comercio al por menor en ferreterías y tlapalerías | Comercio al por menor de vidrios y espejos | Comercio al por menor de artículos para la limpieza | Comercio al por menor de pisos y recubrimientos cerámicos | Comercio al por menor de pintura,17.35845203,49.01209986,54.35305765,141.0348869
17,4,89834,17004,30977,89994,0.344211836,75,211,Comercio al por menor de artículos para la limpieza | Comercio al por menor en ferreterías y tlapalerías | Comercio al por menor de artículos para albercas y otros artículos | Comercio al por menor de pintura | Comercio al por menor de vidrios y espejos,8.348732106,23.48776632,55.562953,366.8969889
17,5,10520,17005,10520,11353,0.926627323,8,20,Comercio al por menor de pintura | Comercio al por menor de vidrios y espejos | Comercio al por menor en ferreterías y tlapalerías | Comercio al por menor de artículos para la limpieza,7.604562738,19.01140684,55.1114423,83.06748587
17,6,187118,17006,22745,187149,0.121534179,355,1322,Comercio al por menor de pisos y recubrimientos cerámicos | Comercio al por menor de artículos para la limpieza | Comercio al por menor de vidrios y espejos | Comercio al por menor de artículos para albercas y otros artículos | Comercio al por menor en ferreterías y tlapalerías | Comercio al por menor de materiales para la construcción en tiendas de autoservicio especializadas | Comercio al por menor de pintura,18.97198559,70.6506055,57.95803856,121.3663391
17,7,378476,17007,21587,378501,0.057032874,692,2465.5,Comercio al por menor en ferreterías y tlapalerías | Comercio al por menor de pisos y recubrimientos cerámicos | Comercio al por menor de artículos para albercas y otros artículos | Comercio al por menor de vidrios y espejos | Comercio al por menor de artículos para la limpieza | Comercio al por menor de pintura | Comercio al por menor de materiales para la construcción en tiendas de autoservicio especializadas,18.28385419,65.14283601,59.86655621,198.8001999
17,8,107053,17008,5838,107086,0.05451693,169,451.5,Comercio al por menor de vidrios y espejos | Comercio al por menor de artículos para albercas y otros artículos | Comercio al por menor de artículos para la limpieza | Comercio al por menor de pisos y recubrimientos cerámicos | Comercio al por menor en ferreterías y tlapalerías | Comercio al por menor de pintura | Comercio al por menor de materiales para la construcción en tiendas de autoservicio especializadas,15.78657301,42.17537108,58.71529937,67.97263577
17,9,24515,17009,11645,24521,0.474899066,38,106,Comercio al por menor de vidrios y espejos | Comercio al por menor de pisos y recubrimientos cerámicos | Comercio al por menor en ferreterías y tlapalerías | Comercio al por menor de artículos para la limpieza | Comercio al por menor de pintura,15.50071385,43.23883337,55.93240091,188.1901852
17,10,18402,17010,4686,18427,0.254300754,33,111.5,Comercio al por menor en ferreterías y tlapalerías | Comercio al por menor de artículos para albercas y otros artículos | Comercio al por menor de vidrios y espejos | Comercio al por menor de pintura | Comercio al por menor de artículos para la limpieza | Comercio al por menor de pisos y recubrimientos cerámicos,17.93283339,60.59124008,55.76854124,101.8741244
17,11,215357,17011,7333,215357,0.034050437,419,1473.5,Comercio al por menor en ferreterías y tlapalerías | Comercio al por menor de pisos y recubrimientos cerámicos | Comercio al por menor de vidrios y espejos | Comercio al por menor de artículos para albercas y otros artículos | Comercio al por menor de artículos para la limpieza | Comercio al por menor de materiales para la construcción en tiendas de autoservicio especializadas | Comercio al por menor de pintura,19.45606597,68.42127258,59.20331815,55.68055935
17,12,57682,17012,10345,57740,0.179165223,112,398,Comercio al por menor en ferreterías y tlapalerías | Comercio al por menor de artículos para albercas y otros artículos | Comercio al por menor de vidrios y espejos | Comercio al por menor de artículos para la limpieza | Comercio al por menor de pisos y recubrimientos cerámicos | Comercio al por menor de pintura,19.41680247,68.99899449,57.66664921,148.4827781
17,13,16694,17013,1293,16716,0.077351041,19,64,Comercio al por menor en ferreterías y tlapalerías | Comercio al por menor de pintura | Comercio al por menor de artículos para la limpieza | Comercio al por menor de vidrios y espejos,11.38133461,38.33712711,56.13812898,89.98750294
17,14,9653,17014,5475,9664,0.566535596,7,17.5,Comercio al por menor en ferreterías y tlapalerías | Comercio al por menor de pintura | Comercio al por menor de artículos para la limpieza,7.251631617,18.12907904,55.94240112,57.68487318
17,15,15802,17015,8336,15818,0.526994563,22,71.5,Comercio al por menor de artículos para la limpieza | Comercio al por menor en ferreterías y tlapalerías | Comercio al por menor de pintura | Comercio al por menor de pisos y recubrimientos cerámicos | Comercio al por menor de vidrios y espejos,13.92228832,45.24743703,56.5617138,161.9298432
17,16,19219,17016,6623,19252,0.344016206,22,55,Comercio al por menor de artículos para la limpieza | Comercio al por menor en ferreterías y tlapalerías | Comercio al por menor de pisos y recubrimientos cerámicos | Comercio al por menor de pintura | Comercio al por menor de vidrios y espejos,11.44700557,28.61751392,55.27268655,86.16895539
17,17,40018,17017,10241,40065,0.255609634,52,177,Comercio al por menor de artículos para albercas y otros artículos | Comercio al por menor de materiales para la construcción en tiendas de autoservicio especializadas | Comercio al por menor de vidrios y espejos | Comercio al por menor en ferreterías y tlapalerías | Comercio al por menor de pisos y recubrimientos cerámicos | Comercio al por menor de artículos para la limpieza | Comercio al por menor de pintura,12.99415263,44.23009646,56.7295574,236.3931386
17,18,122263,17018,13801,122275,0.112868534,191,541,Comercio al por menor de vidrios y espejos | Comercio al por menor de artículos para albercas y otros artículos | Comercio al por menor de artículos para la limpieza | Comercio al por menor de pisos y recubrimientos cerámicos | Comercio al por menor de materiales para la construcción en tiendas de autoservicio especializadas | Comercio al por menor en ferreterías y tlapalerías | Comercio al por menor de pintura,15.62206064,44.24887333,57.68019653,102.3177046
17,19,28122,17019,7685,28159,0.272914521,31,94,Comercio al por menor en ferreterías y tlapalerías | Comercio al por menor de vidrios y espejos | Comercio al por menor de pintura | Comercio al por menor de artículos para la limpieza,11.02339805,33.42578764,55.06761362,367.3475433
17,20,54987,17020,24045,55030,0.436943485,47,134,Comercio al por menor de vidrios y espejos | Comercio al por menor de pintura | Comercio al por menor de materiales para la construcción en tiendas de autoservicio especializadas | Comercio al por menor en ferreterías y tlapalerías | Comercio al por menor de artículos para la limpieza | Comercio al por menor de artículos para albercas y otros artículos,8.547474858,24.3693964,55.80132416,250.3843583
17,21,7617,17021,2836,7638,0.371301388,12,30,Comercio al por menor en ferreterías y tlapalerías | Comercio al por menor de artículos para albercas y otros artículos | Comercio al por menor de pintura | Comercio al por menor de artículos para la limpieza,15.75423395,39.38558488,55.98896578,67.42203175
17,22,14853,17022,2691,14904,0.180555556,23,63,Comercio al por menor de artículos para la limpieza | Comercio al por menor en ferreterías y tlapalerías | Comercio al por menor de pintura | Comercio al por menor de pisos y recubrimientos cerámicos | Comercio al por menor de vidrios y espejos,15.48508719,42.4156736,56.41774135,78.93722552
17,23,7943,17023,3560,7948,0.447911424,6,15,Comercio al por menor en ferreterías y tlapalerías | Comercio al por menor de pintura | Comercio al por menor de artículos para la limpieza,7.553820974,18.88455244,52.74323783,107.3431198
17,24,52399,17024,17099,52487,0.325775906,46,126,Comercio al por menor de pisos y recubrimientos cerámicos | Comercio al por menor de vidrios y espejos | Comercio al por menor de artículos para albercas y otros artículos | Comercio al por menor en ferreterías y tlapalerías | Comercio al por menor de artículos para la limpieza | Comercio al por menor de pintura,8.778793488,24.04626042,56.41504129,237.5321719
17,25,33789,17025,15447,33806,0.456930722,21,58,Comercio al por menor en ferreterías y tlapalerías | Comercio al por menor de pintura | Comercio al por menor de artículos para la limpieza | Comercio al por menor de vidrios y espejos,6.215040398,17.16534967,56.31917149,542.153879
17,26,19408,17026,11034,19454,0.567184127,32,80,Comercio al por menor de artículos para la limpieza | Comercio al por menor de vidrios y espejos | Comercio al por menor en ferreterías y tlapalerías | Comercio al por menor de pintura | Comercio al por menor de artículos para albercas y otros artículos,16.48804617,41.22011542,55.38997377,56.94106947
17,27,12750,17027,3279,12765,0.256874266,14,35,Comercio al por menor de pintura | Comercio al por menor en ferreterías y tlapalerías | Comercio al por menor de pisos y recubrimientos cerámicos | Comercio al por menor de artículos para la limpieza | Comercio al por menor de vidrios y espejos,10.98039216,27.45098039,52.92327659,59.69381114
17,28,73539,17028,16099,73629,0.21865026,130,365,Comercio al por menor de vidrios y espejos | Comercio al por menor de artículos para la limpieza | Comercio al por menor de pintura | Comercio al por menor en ferreterías y tlapalerías | Comercio al por menor de artículos para albercas y otros artículos | Comercio al por menor de pisos y recubrimientos cerámicos,17.67769483,49.63352779,57.08518182,92.84790366
17,29,105780,17029,21747,105797,0.205554033,245,659.5,Comercio al por menor en ferreterías y tlapalerías | Comercio al por menor de artículos para albercas y otros artículos | Comercio al por menor de artículos para la limpieza | Comercio al por menor de vidrios y espejos | Comercio al por menor de pisos y recubrimientos cerámicos | Comercio al por menor de pintura,23.16127812,62.34637928,57.05868727,178.8127337
17,30,56083,17030,15454,56141,0.275271192,72,196.5,Comercio al por menor de artículos para albercas y otros artículos | Comercio al por menor de vidrios y espejos | Comercio al por menor en ferreterías y tlapalerías | Comercio al por menor de pintura | Comercio al por menor de artículos para la limpieza | Comercio al por menor de pisos y recubrimientos cerámicos,12.83811494,35.03735535,55.88649743,172.4620911
17,31,36094,17031,3397,36095,0.094112758,57,189.5,Comercio al por menor de vidrios y espejos | Comercio al por menor de artículos para la limpieza | Comercio al por menor en ferreterías y tlapalerías | Comercio al por menor de pisos y recubrimientos cerámicos | Comercio al por menor de materiales para la construcción en tiendas de autoservicio especializadas | Comercio al por menor de pintura,15.79209841,52.50180085,58.8472052,30.63323743
17,32,9965,17032,795,9992,0.079563651,11,33,Comercio al por menor de pintura | Comercio al por menor en ferreterías y tlapalerías | Comercio al por menor de artículos para la limpieza | Comercio al por menor de vidrios y espejos,11.03863522,33.11590567,57.09241238,53.53045185
17,33,16574,17033,1727,16578,0.104174207,14,35,Comercio al por menor en ferreterías y tlapalerías | Comercio al por menor de artículos para la limpieza | Comercio al por menor de vidrios y espejos,8.446965126,21.11741282,55.56093227,36.93551402
17,34,11347,17034,1675,11357,0.147486132,11,27.5,Comercio al por menor en ferreterías y tlapalerías | Comercio al por menor de artículos para albercas y otros artículos | Comercio al por menor de pintura | Comercio al por menor de artículos para la limpieza | Comercio al por menor de vidrios y espejos,9.694192298,24.23548074,53.36937118,51.34836575
17,35,27805,17035,3732,27818,0.13415774,26,65,Comercio al por menor en ferreterías y tlapalerías | Comercio al por menor de pintura | Comercio al por menor de artículos para la limpieza | Comercio al por menor de vidrios y espejos,9.350836181,23.37709045,54.07265021,61.43121892
17,36,7855,17036,503,7883,0.063808195,9,28,Comercio al por menor en ferreterías y tlapalerías | Comercio al por menor de artículos para la limpieza | Comercio al por menor de vidrios y espejos,11.45767027,35.6460853,55.43272591,19.09709743
18,0,1235456,18000,0,8159,0,0,0,NA,0,0,NA,NA
18,1,37232,18001,17256,37467,0.460565297,21,92.5,Comercio al por menor en ferreterías y tlapalerías | Comercio al por menor de vidrios y espejos | Comercio al por menor de materiales para la construcción en tiendas de autoservicio especializadas | Comercio al por menor de pintura | Comercio al por menor de pisos y recubrimientos cerámicos,5.640309411,24.84422003,56.16574574,1412.24765
18,2,15393,18002,8134,15558,0.522817843,11,45.5,Comercio al por menor en ferreterías y tlapalerías | Comercio al por menor de pintura | Comercio al por menor de artículos para la limpieza | Comercio al por menor de vidrios y espejos,7.146105373,29.5588904,57.77469653,500.2596867
18,3,11536,18003,8269,11590,0.713459879,12,41,Comercio al por menor en ferreterías y tlapalerías | Comercio al por menor de pintura | Comercio al por menor de pisos y recubrimientos cerámicos | Comercio al por menor de artículos para la limpieza,10.40221914,35.5409154,56.85239638,513.8330514
18,4,77436,18004,21448,77987,0.275020196,139,429,Comercio al por menor en ferreterías y tlapalerías | Comercio al por menor de pisos y recubrimientos cerámicos | Comercio al por menor de vidrios y espejos | Comercio al por menor de artículos para albercas y otros artículos | Comercio al por menor de artículos para la limpieza | Comercio al por menor de pintura | Comercio al por menor de materiales para la construcción en tiendas de autoservicio especializadas,17.95030735,55.40058887,57.8620064,1857.614478
18,5,12230,18005,8564,12633,0.677907069,3,13,Comercio al por menor en ferreterías y tlapalerías | Comercio al por menor de artículos para la limpieza,2.452984464,10.62959935,42.22003643,2213.499738
18,6,29299,18006,3822,29412,0.12994696,47,186.5,Comercio al por menor en ferreterías y tlapalerías | Comercio al por menor de vidrios y espejos | Comercio al por menor de artículos para albercas y otros artículos | Comercio al por menor de artículos para la limpieza | Comercio al por menor de pintura | Comercio al por menor de pisos y recubrimientos cerámicos,16.04150312,63.65404963,58.67164561,488.5854783
18,7,19321,18007,5961,19419,0.306967403,22,55,Comercio al por menor en ferreterías y tlapalerías | Comercio al por menor de artículos para albercas y otros artículos | Comercio al por menor de artículos para la limpieza | Comercio al por menor de pintura | Comercio al por menor de vidrios y espejos,11.38657419,28.46643548,55.39401012,498.9835142
18,8,65229,18008,10840,65509,0.165473446,105,364,Comercio al por menor en ferreterías y tlapalerías | Comercio al por menor de vidrios y espejos | Comercio al por menor de artículos para albercas y otros artículos | Comercio al por menor de artículos para la limpieza | Comercio al por menor de pisos y recubrimientos cerámicos | Comercio al por menor de pintura,16.09713471,55.80340033,59.47331725,531.2619983
18,9,47550,18009,40879,49090,0.832735791,5,12.5,Comercio al por menor de pisos y recubrimientos cerámicos | Comercio al por menor en ferreterías y tlapalerías | Comercio al por menor de artículos para la limpieza,1.051524711,2.628811777,28.67014183,5089.76799
18,10,33567,18010,25091,33648,0.74569068,12,30,Comercio al por menor en ferreterías y tlapalerías | Comercio al por menor de artículos para la limpieza | Comercio al por menor de pintura,3.574939673,8.937349182,54.77317108,1821.767482
18,11,24096,18011,9418,24298,0.387603918,21,70.5,Comercio al por menor en ferreterías y tlapalerías | Comercio al por menor de pisos y recubrimientos cerámicos | Comercio al por menor de vidrios y espejos | Comercio al por menor de pintura,8.715139442,29.25796813,54.51069296,515.3159271
18,12,41518,18012,20291,41639,0.487307572,50,176,Comercio al por menor de artículos para la limpieza | Comercio al por menor en ferreterías y tlapalerías | Comercio al por menor de artículos para albercas y otros artículos | Comercio al por menor de pintura | Comercio al por menor de pisos y recubrimientos cerámicos | Comercio al por menor de vidrios y espejos,12.04296931,42.39125199,56.57862847,1093.20027
18,13,7683,18013,3676,7716,0.476412649,5,12.5,Comercio al por menor en ferreterías y tlapalerías | Comercio al por menor de pisos y recubrimientos cerámicos | Comercio al por menor de vidrios y espejos | Comercio al por menor de artículos para la limpieza,6.507874528,16.26968632,56.9067882,510.9501701
18,14,24911,18014,16427,25226,0.651193213,14,40.5,Comercio al por menor de artículos para la limpieza | Comercio al por menor de pisos y recubrimientos cerámicos | Comercio al por menor en ferreterías y tlapalerías | Comercio al por menor de pintura | Comercio al por menor de vidrios y espejos,5.620007226,16.25787805,55.67291538,1081.101283
18,15,93981,18015,51144,94237,0.542716767,82,250.5,Comercio al por menor en ferreterías y tlapalerías | Comercio al por menor de pisos y recubrimientos cerámicos | Comercio al por menor de pintura | Comercio al por menor de artículos para la limpieza | Comercio al por menor de artículos para albercas y otros artículos | Comercio al por menor de vidrios y espejos,8.725167853,26.65432375,56.26472916,1715.749487
18,16,37135,18016,15885,37286,0.426031218,36,106.5,Comercio al por menor en ferreterías y tlapalerías | Comercio al por menor de pintura | Comercio al por menor de artículos para la limpieza | Comercio al por menor de vidrios y espejos,9.694358422,28.67914367,56.62170484,1035.094934
18,17,425924,18017,36506,427758,0.085342647,589,2483.5,Comercio al por menor de artículos para la limpieza | Comercio al por menor en ferreterías y tlapalerías | Comercio al por menor de artículos para albercas y otros artículos | Comercio al por menor de vidrios y espejos | Comercio al por menor de pisos y recubrimientos cerámicos | Comercio al por menor de materiales para la construcción en tiendas de autoservicio especializadas | Comercio al por menor de pintura,13.82875818,58.30852453,59.74860667,1587.000005
18,18,30064,18018,5194,30111,0.172495101,40,145.5,Comercio al por menor de artículos para la limpieza | Comercio al por menor de pintura | Comercio al por menor en ferreterías y tlapalerías | Comercio al por menor de artículos para albercas y otros artículos | Comercio al por menor de pisos y recubrimientos cerámicos | Comercio al por menor de vidrios y espejos,13.30494944,48.39675359,57.57161894,310.7494652
18,19,13719,18019,13719,14813,0.926145953,6,20.5,Comercio al por menor en ferreterías y tlapalerías | Comercio al por menor de artículos para la limpieza | Comercio al por menor de vidrios y espejos,4.373496611,14.94278009,44.53012801,4275.062413
18,20,187632,18020,17878,188218,0.094985602,281,1021.5,Comercio al por menor de artículos para la limpieza | Comercio al por menor de materiales para la construcción en tiendas de autoservicio especializadas | Comercio al por menor en ferreterías y tlapalerías | Comercio al por menor de artículos para albercas y otros artículos | Comercio al por menor de pintura | Comercio al por menor de vidrios y espejos | Comercio al por menor de pisos y recubrimientos cerámicos,14.97612348,54.44167306,59.20659539,772.9684478
19,0,5784442,19000,0,11239,0,0,0,NA,0,0,NA,NA
19,1,2974,19001,2974,3018,0.985420808,2,5,Comercio al por menor de artículos para la limpieza | Comercio al por menor en ferreterías y tlapalerías,6.724949563,16.81237391,57.8922147,46.44993717
19,2,3382,19002,3382,3500,0.966285714,1,2.5,Comercio al por menor en ferreterías y tlapalerías,2.956830278,7.392075695,56.89131555,972.4630864
19,3,1407,19003,1407,1422,0.989451477,0,0,NA,0,0,56.52813802,688.3254225
19,4,35289,19004,6446,35356,0.182317004,52,217,Comercio al por menor de vidrios y espejos | Comercio al por menor de pintura | Comercio al por menor de artículos para albercas y otros artículos | Comercio al por menor en ferreterías y tlapalerías | Comercio al por menor de materiales para la construcción en tiendas de autoservicio especializadas | Comercio al por menor de pisos y recubrimientos cerámicos | Comercio al por menor de artículos para la limpieza,14.73546998,61.49224971,60.00975572,188.559088
19,5,18030,19005,1616,18505,0.087327749,19,47.5,Comercio al por menor en ferreterías y tlapalerías | Comercio al por menor de vidrios y espejos | Comercio al por menor de pintura,10.53799224,26.34498059,57.17518678,4509.801089
19,6,656464,19006,9850,656610,0.015001295,549,2897,Comercio al por menor en ferreterías y tlapalerías | Comercio al por menor de artículos para albercas y otros artículos | Comercio al por menor de vidrios y espejos | Comercio al por menor de artículos para la limpieza | Comercio al por menor de pintura | Comercio al por menor de pisos y recubrimientos cerámicos | Comercio al por menor de materiales para la construcción en tiendas de autoservicio especializadas,8.362987155,44.1303712,61.31587446,221.9224011
19,7,14992,19007,9721,15252,0.637359035,7,17.5,Comercio al por menor en ferreterías y tlapalerías | Comercio al por menor de artículos para la limpieza,4.669156884,11.67289221,53.29609809,2659.795457
19,8,3661,19008,137,3762,0.0364168,7,17.5,Comercio al por menor de vidrios y espejos | Comercio al por menor en ferreterías y tlapalerías | Comercio al por menor de pintura | Comercio al por menor de artículos para la limpieza,19.12045889,47.80114723,56.60067421,462.933128
19,9,122337,19009,17433,124745,0.139749088,110,576.5,Comercio al por menor de vidrios y espejos | Comercio al por menor de artículos para la limpieza | Comercio al por menor de pisos y recubrimientos cerámicos | Comercio al por menor en ferreterías y tlapalerías | Comercio al por menor de artículos para albercas y otros artículos | Comercio al por menor de pintura | Comercio al por menor de materiales para la construcción en tiendas de autoservicio especializadas,8.991556111,47.12392817,59.76726239,1129.807291
19,10,104478,19010,1325,104526,0.012676272,60,161,Comercio al por menor de vidrios y espejos | Comercio al por menor de artículos para la limpieza | Comercio al por menor en ferreterías y tlapalerías | Comercio al por menor de pintura | Comercio al por menor de materiales para la construcción en tiendas de autoservicio especializadas | Comercio al por menor de artículos para albercas y otros artículos,5.742835812,15.40994276,60.10441317,103.3121915
19,11,7340,19011,601,7510,0.080026631,6,26,Comercio al por menor de vidrios y espejos | Comercio al por menor en ferreterías y tlapalerías | Comercio al por menor de artículos para albercas y otros artículos | Comercio al por menor de artículos para la limpieza,8.174386921,35.42234332,58.69001884,998.4070861
19,12,68747,19012,481,68816,0.006989654,35,105.5,Comercio al por menor de artículos para albercas y otros artículos | Comercio al por menor de pisos y recubrimientos cerámicos | Comercio al por menor en ferreterías y tlapalerías | Comercio al por menor de artículos para la limpieza | Comercio al por menor de pintura,5.091131249,15.34612419,59.92175715,137.4751432
19,13,9930,19013,1666,10439,0.159593831,11,51,Comercio al por menor en ferreterías y tlapalerías | Comercio al por menor de pintura | Comercio al por menor de artículos para albercas y otros artículos | Comercio al por menor de artículos para la limpieza | Comercio al por menor de vidrios y espejos,11.0775428,51.35951662,57.61663772,4224.18829
19,14,36088,19014,24266,36369,0.667216586,27,84,Comercio al por menor de artículos para la limpieza | Comercio al por menor en ferreterías y tlapalerías | Comercio al por menor de pisos y recubrimientos cerámicos | Comercio al por menor de pintura | Comercio al por menor de vidrios y espejos,7.481711372,23.27643538,52.54393316,4999.017659
19,15,1360,19015,1360,1513,0.898876404,1,2.5,Comercio al por menor en ferreterías y tlapalerías,7.352941176,18.38235294,56.23470072,714.174969
19,16,3256,19016,3256,3469,0.93859902,4,10,Comercio al por menor en ferreterías y tlapalerías | Comercio al por menor de artículos para la limpieza,12.28501229,30.71253071,56.48741963,609.0117046
19,17,40903,19017,30516,41383,0.737404248,24,89,Comercio al por menor de vidrios y espejos | Comercio al por menor en ferreterías y tlapalerías | Comercio al por menor de artículos para la limpieza | Comercio al por menor de pintura,5.867540278,21.7587952,54.50576561,6994.712494
19,18,397205,19018,8059,397330,0.020282888,227,867.5,Comercio al por menor de vidrios y espejos | Comercio al por menor de artículos para la limpieza | Comercio al por menor de artículos para albercas y otros artículos | Comercio al por menor en ferreterías y tlapalerías | Comercio al por menor de pintura | Comercio al por menor de pisos y recubrimientos cerámicos | Comercio al por menor de materiales para la construcción en tiendas de autoservicio especializadas,5.714933095,21.84010775,60.54307503,1022.391712
19,19,132169,19019,41,132182,3.10E-04,112,1437,Comercio al por menor de pisos y recubrimientos cerámicos | Comercio al por menor en ferreterías y tlapalerías | Comercio al por menor de artículos para albercas y otros artículos | Comercio al por menor de pintura | Comercio al por menor de materiales para la construcción en tiendas de autoservicio especializadas | Comercio al por menor de vidrios y espejos | Comercio al por menor de artículos para la limpieza,8.473999198,108.7244361,61.84554814,70.10696959
19,20,5506,19020,1470,5733,0.256410256,5,36,Comercio al por menor en ferreterías y tlapalerías | Comercio al por menor de pintura,9.081002543,65.38321831,56.48881549,1870.977291
19,21,481213,19021,4886,481245,0.010152833,459,1943,Comercio al por menor en ferreterías y tlapalerías | Comercio al por menor de vidrios y espejos | Comercio al por menor de artículos para la limpieza | Comercio al por menor de pintura | Comercio al por menor de artículos para albercas y otros artículos | Comercio al por menor de materiales para la construcción en tiendas de autoservicio especializadas | Comercio al por menor de pisos y recubrimientos cerámicos,9.538395679,40.37713029,60.5509876,147.9720635
19,22,14109,19022,7619,14660,0.519713506,13,32.5,Comercio al por menor de artículos para la limpieza | Comercio al por menor en ferreterías y tlapalerías | Comercio al por menor de pintura | Comercio al por menor de pisos y recubrimientos cerámicos | Comercio al por menor de vidrios y espejos,9.213976894,23.03494224,57.40498446,2454.143486
19,23,1808,19023,1808,1847,0.978884678,2,5,Comercio al por menor en ferreterías y tlapalerías,11.0619469,27.65486726,57.348674,384.544704
19,24,6282,19024,3296,6498,0.507232995,2,5,Comercio al por menor en ferreterías y tlapalerías,3.183699459,7.959248647,51.27090625,1292.523474
19,25,102149,19025,1698,102285,0.016600675,71,367,Comercio al por menor de vidrios y espejos | Comercio al por menor de artículos para la limpieza | Comercio al por menor en ferreterías y tlapalerías | Comercio al por menor de pisos y recubrimientos cerámicos | Comercio al por menor de materiales para la construcción en tiendas de autoservicio especializadas | Comercio al por menor de pintura,6.950630941,35.92790923,60.20881284,182.8007282
19,26,643143,19026,215,643156,3.34E-04,656,3206.5,Comercio al por menor de artículos para la limpieza | Comercio al por menor de pintura | Comercio al por menor en ferreterías y tlapalerías | Comercio al por menor de materiales para la construcción en tiendas de autoservicio especializadas | Comercio al por menor de pisos y recubrimientos cerámicos | Comercio al por menor de vidrios y espejos | Comercio al por menor de artículos para albercas y otros artículos,10.19990888,49.85671927,60.83879389,117.5004323
19,27,1959,19027,1959,2009,0.975111996,2,5,Comercio al por menor en ferreterías y tlapalerías | Comercio al por menor de materiales para la construcción en tiendas de autoservicio especializadas,10.20929045,25.52322614,56.38358912,491.9953827
19,28,1386,19028,1386,1469,0.943498979,1,2.5,Comercio al por menor en ferreterías y tlapalerías,7.215007215,18.03751804,56.35063646,439.191291
19,29,7026,19029,1172,7166,0.163550098,8,25.5,Comercio al por menor de artículos para la limpieza | Comercio al por menor en ferreterías y tlapalerías | Comercio al por menor de pintura,11.38627953,36.29376601,58.58207539,126.4715805
19,30,3298,19030,3298,3392,0.972287736,2,5,Comercio al por menor en ferreterías y tlapalerías,6.064281383,15.16070346,54.63525433,554.6191716
19,31,471523,19031,12244,471724,0.025955856,390,1080,Comercio al por menor en ferreterías y tlapalerías | Comercio al por menor de vidrios y espejos | Comercio al por menor de artículos para la limpieza | Comercio al por menor de pintura | Comercio al por menor de pisos y recubrimientos cerámicos | Comercio al por menor de artículos para albercas y otros artículos,8.271070552,22.90450307,60.52136038,244.7230173
19,32,5351,19032,265,5423,0.048865941,6,15,Comercio al por menor en ferreterías y tlapalerías | Comercio al por menor de vidrios y espejos,11.21285741,28.03214352,58.30031195,3403.594832
19,33,84666,19033,14288,85546,0.167021252,88,376.5,Comercio al por menor en ferreterías y tlapalerías | Comercio al por menor de pisos y recubrimientos cerámicos | Comercio al por menor de artículos para la limpieza | Comercio al por menor de pintura | Comercio al por menor de vidrios y espejos | Comercio al por menor de materiales para la construcción en tiendas de autoservicio especializadas | Comercio al por menor de artículos para albercas y otros artículos,10.39378263,44.46885409,58.5580229,2483.234747
19,34,5119,19034,2328,5176,0.449768161,3,13,Comercio al por menor en ferreterías y tlapalerías | Comercio al por menor de vidrios y espejos,5.860519633,25.39558508,57.43027875,262.4190805
19,35,1483,19035,1483,1500,0.988666667,1,2.5,Comercio al por menor en ferreterías y tlapalerías,6.743088334,16.85772084,57.67150045,206.0085084
19,36,7652,19036,7652,7671,0.997523139,4,10,Comercio al por menor de pisos y recubrimientos cerámicos | Comercio al por menor en ferreterías y tlapalerías | Comercio al por menor de pintura,5.227391532,13.06847883,51.53211097,987.0761798
19,37,6048,19037,771,6145,0.12546786,3,13,Comercio al por menor en ferreterías y tlapalerías | Comercio al por menor de artículos para la limpieza,4.96031746,21.49470899,57.69083328,3826.80429
19,38,67428,19038,12961,68233,0.189952076,70,281.5,Comercio al por menor en ferreterías y tlapalerías | Comercio al por menor de vidrios y espejos | Comercio al por menor de artículos para albercas y otros artículos | Comercio al por menor de pisos y recubrimientos cerámicos | Comercio al por menor de artículos para la limpieza | Comercio al por menor de pintura,10.38144391,41.74823515,59.35400133,1850.038941
19,39,1142994,19039,42,1143009,3.67E-05,1484,9898.5,Comercio al por menor de pintura | Comercio al por menor en ferreterías y tlapalerías | Comercio al por menor de artículos para la limpieza | Comercio al por menor de pisos y recubrimientos cerámicos | Comercio al por menor de materiales para la construcción en tiendas de autoservicio especializadas | Comercio al por menor de vidrios y espejos | Comercio al por menor de artículos para albercas y otros artículos,12.98344523,86.60150447,60.86568617,321.3137809
19,40,906,19040,906,953,0.950682057,1,2.5,Comercio al por menor en ferreterías y tlapalerías,11.03752759,27.59381898,57.33727116,1161.785473
19,41,147624,19041,9874,147905,0.066759068,69,183.5,Comercio al por menor de artículos para la limpieza | Comercio al por menor en ferreterías y tlapalerías | Comercio al por menor de pintura | Comercio al por menor de pisos y recubrimientos cerámicos | Comercio al por menor de vidrios y espejos,4.674036742,12.43022815,59.95097012,319.7633008
19,42,5389,19042,5389,5648,0.954143059,3,7.5,Comercio al por menor en ferreterías y tlapalerías,5.566895528,13.91723882,56.7572398,1328.180254
19,43,2377,19043,2377,2537,0.936933386,1,2.5,Comercio al por menor en ferreterías y tlapalerías,4.206983593,10.51745898,53.39365826,676.1203097
19,44,34709,19044,1187,34881,0.034029988,28,133.5,Comercio al por menor en ferreterías y tlapalerías | Comercio al por menor de artículos para la limpieza | Comercio al por menor de pisos y recubrimientos cerámicos | Comercio al por menor de pintura | Comercio al por menor de vidrios y espejos,8.067071941,38.46264658,59.42849032,1528.986994
19,45,86766,19045,4374,87137,0.050196817,69,205.5,Comercio al por menor de artículos para la limpieza | Comercio al por menor de vidrios y espejos | Comercio al por menor en ferreterías y tlapalerías | Comercio al por menor de pisos y recubrimientos cerámicos | Comercio al por menor de artículos para albercas y otros artículos | Comercio al por menor de pintura | Comercio al por menor de materiales para la construcción en tiendas de autoservicio especializadas,7.95242376,23.6843925,59.93722615,1652.693851
19,46,412199,19046,0,412199,0,441,2870.5,Comercio al por menor de artículos para la limpieza | Comercio al por menor en ferreterías y tlapalerías | Comercio al por menor de pintura | Comercio al por menor de artículos para albercas y otros artículos | Comercio al por menor de vidrios y espejos | Comercio al por menor de materiales para la construcción en tiendas de autoservicio especializadas | Comercio al por menor de pisos y recubrimientos cerámicos,10.69871591,69.63869393,61.4183833,59.57258188
19,47,16086,19047,29,16097,0.001801578,20,73.5,Comercio al por menor de pisos y recubrimientos cerámicos | Comercio al por menor de pintura | Comercio al por menor en ferreterías y tlapalerías | Comercio al por menor de artículos para la limpieza | Comercio al por menor de vidrios y espejos,12.4331717,45.69190601,59.78320485,169.0412121
19,48,306322,19048,2270,306393,0.007408785,204,1593.5,Comercio al por menor de artículos para la limpieza | Comercio al por menor de pisos y recubrimientos cerámicos | Comercio al por menor en ferreterías y tlapalerías | Comercio al por menor de vidrios y espejos | Comercio al por menor de artículos para albercas y otros artículos | Comercio al por menor de pintura | Comercio al por menor de materiales para la construcción en tiendas de autoservicio especializadas,6.65965879,52.02042295,60.71676329,906.982803
19,49,46784,19049,3765,47028,0.080058688,53,216,Comercio al por menor de materiales para la construcción en tiendas de autoservicio especializadas | Comercio al por menor de vidrios y espejos | Comercio al por menor en ferreterías y tlapalerías | Comercio al por menor de pisos y recubrimientos cerámicos | Comercio al por menor de artículos para albercas y otros artículos | Comercio al por menor de pintura | Comercio al por menor de artículos para la limpieza,11.32865937,46.16963064,60.03462867,731.9469891
19,50,1552,19050,1552,1683,0.922162805,1,2.5,Comercio al por menor en ferreterías y tlapalerías,6.443298969,16.10824742,56.16678346,1750.916721
19,51,3573,19051,995,3626,0.27440706,4,10,Comercio al por menor en ferreterías y tlapalerías,11.19507417,27.98768542,56.8595409,872.0552786
20,0,4132148,20000,0,9826,0,0,0,NA,0,0,NA,NA
20,1,841,20001,841,841,1,0,0,NA,0,0,52.05193097,126.3659378
20,2,45167,20002,26193,45373,0.577281643,24,83.5,Comercio al por menor de pisos y recubrimientos cerámicos | Comercio al por menor en ferreterías y tlapalerías | Comercio al por menor de pintura | Comercio al por menor de vidrios y espejos | Comercio al por menor de artículos para la limpieza,5.313613922,18.48694844,52.95175431,752.1898989
20,3,2547,20003,2547,2547,1,1,2.5,Comercio al por menor en ferreterías y tlapalerías,3.926187672,9.815469179,49.94521128,76.44416557
20,4,1107,20004,1107,1108,0.999097473,4,10,Comercio al por menor en ferreterías y tlapalerías | Comercio al por menor de artículos para la limpieza,36.13369467,90.33423668,54.57218623,83.57926933
20,5,15261,20005,7645,15386,0.496880281,10,30.5,Comercio al por menor de vidrios y espejos | Comercio al por menor de pintura | Comercio al por menor en ferreterías y tlapalerías | Comercio al por menor de artículos para la limpieza,6.552650547,19.98558417,56.00716732,660.9767075
20,6,20464,20006,4613,20540,0.224586173,66,228.5,Comercio al por menor en ferreterías y tlapalerías | Comercio al por menor de artículos para la limpieza | Comercio al por menor de pisos y recubrimientos cerámicos | Comercio al por menor de vidrios y espejos | Comercio al por menor de pintura,32.25175919,111.6594996,54.42350551,343.4837446
20,7,2395,20007,2395,2395,1,2,5,Comercio al por menor en ferreterías y tlapalerías,8.350730689,20.87682672,46.27933857,4.531210328
20,8,734,20008,734,734,1,1,2.5,Comercio al por menor en ferreterías y tlapalerías,13.6239782,34.0599455,52.96040975,190.9023887
20,9,6857,20009,2974,6857,0.433717369,8,20,Comercio al por menor de vidrios y espejos | Comercio al por menor de pintura | Comercio al por menor en ferreterías y tlapalerías | Comercio al por menor de artículos para la limpieza | Comercio al por menor de materiales para la construcción en tiendas de autoservicio especializadas,11.66690973,29.16727432,52.36323237,157.4089466
20,10,13474,20010,10916,13518,0.807515905,9,22.5,Comercio al por menor de artículos para albercas y otros artículos | Comercio al por menor de pintura | Comercio al por menor en ferreterías y tlapalerías | Comercio al por menor de artículos para la limpieza | Comercio al por menor de vidrios y espejos,6.679530948,16.69882737,56.3840902,252.7521533
20,11,1402,20011,1402,1402,1,1,2.5,Comercio al por menor en ferreterías y tlapalerías,7.132667618,17.83166904,49.43303324,67.6712232
20,12,11166,20012,11166,11253,0.992268728,8,38,Comercio al por menor de pintura | Comercio al por menor en ferreterías y tlapalerías | Comercio al por menor de vidrios y espejos,7.164606842,34.0318825,46.43785395,182.1788804
20,13,3043,20013,63,3058,0.0206017,6,20.5,Comercio al por menor de artículos para la limpieza | Comercio al por menor en ferreterías y tlapalerías | Comercio al por menor de vidrios y espejos,19.71738416,67.36772921,55.19314276,10.29085639
20,14,28082,20014,2067,28123,0.07349856,37,331,Comercio al por menor en ferreterías y tlapalerías | Comercio al por menor de materiales para la construcción en tiendas de autoservicio especializadas | Comercio al por menor de pintura | Comercio al por menor de artículos para la limpieza | Comercio al por menor de vidrios y espejos,13.17569974,117.8690976,57.53812814,295.0488964
20,15,5356,20015,2164,5365,0.403355079,1,2.5,Comercio al por menor en ferreterías y tlapalerías,1.867064974,4.667662435,46.8164476,119.818454
20,16,9563,20016,9563,9563,1,8,20,Comercio al por menor en ferreterías y tlapalerías,8.365575656,20.91393914,42.70356491,126.2222312
20,17,3607,20017,3607,3607,1,0,0,NA,0,0,49.5829311,104.5451837
20,18,752,20018,752,754,0.99734748,1,2.5,Comercio al por menor de vidrios y espejos,13.29787234,33.24468085,52.26757949,224.2151696
20,19,2754,20019,2754,2765,0.9960217,0,0,NA,0,0,51.34761815,173.402525
20,20,4847,20020,4847,4870,0.995277207,2,5,Comercio al por menor en ferreterías y tlapalerías,4.126263668,10.31565917,49.48343045,57.24608572
20,21,14488,20021,6163,14506,0.424858679,20,68,Comercio al por menor de pisos y recubrimientos cerámicos | Comercio al por menor en ferreterías y tlapalerías | Comercio al por menor de pintura | Comercio al por menor de artículos para la limpieza,13.80452789,46.93539481,54.56279646,111.7528107
20,22,803,20022,803,813,0.987699877,0,0,NA,0,0,53.55730841,111.428647
20,23,26882,20023,11119,26892,0.41346869,27,67.5,Comercio al por menor de artículos para la limpieza | Comercio al por menor en ferreterías y tlapalerías | Comercio al por menor de materiales para la construcción en tiendas de autoservicio especializadas | Comercio al por menor de pintura | Comercio al por menor de vidrios y espejos,10.04389554,25.10973886,52.2434812,49.89064453
20,24,3644,20024,3644,3659,0.995900519,1,2.5,Comercio al por menor en ferreterías y tlapalerías,2.744237102,6.860592755,49.13411714,78.98959804
20,25,11356,20025,302,11365,0.026572811,10,43,Comercio al por menor en ferreterías y tlapalerías | Comercio al por menor de artículos para la limpieza | Comercio al por menor de pintura | Comercio al por menor de vidrios y espejos,8.805917577,37.86544558,53.69244037,22.78137987
20,26,9035,20026,6298,9040,0.696681416,37,103.5,Comercio al por menor en ferreterías y tlapalerías | Comercio al por menor de artículos para albercas y otros artículos | Comercio al por menor de pintura | Comercio al por menor de vidrios y espejos | Comercio al por menor de artículos para la limpieza,40.9518539,114.5545102,52.22146335,133.6004267
20,27,2179,20027,2179,2183,0.998167659,4,10,Comercio al por menor en ferreterías y tlapalerías | Comercio al por menor de vidrios y espejos,18.35704452,45.89261129,49.08543097,35.9244285
20,28,23148,20028,11980,23159,0.517293493,24,83.5,Comercio al por menor de pintura | Comercio al por menor en ferreterías y tlapalerías | Comercio al por menor de artículos para la limpieza | Comercio al por menor de vidrios y espejos,10.36806636,36.07223086,51.72038559,318.6119791
20,29,4215,20029,4215,4215,1,2,5,Comercio al por menor en ferreterías y tlapalerías | Comercio al por menor de artículos para la limpieza,4.744958482,11.8623962,47.91899068,35.73228767
20,30,8730,20030,605,8956,0.067552479,13,61.5,Comercio al por menor en ferreterías y tlapalerías | Comercio al por menor de pintura | Comercio al por menor de materiales para la construcción en tiendas de autoservicio especializadas | Comercio al por menor de artículos para la limpieza | Comercio al por menor de vidrios y espejos,14.89117984,70.4467354,58.97140127,56.28774345
20,31,7185,20031,4165,7189,0.579357352,14,40.5,Comercio al por menor de vidrios y espejos | Comercio al por menor de artículos para la limpieza | Comercio al por menor en ferreterías y tlapalerías,19.48503827,56.36743215,50.80770756,112.1676754
20,32,1077,20032,1077,1077,1,0,0,NA,0,0,49.71475788,61.18166196
20,33,2929,20033,2929,2929,1,0,0,NA,0,0,57.03907731,4.288270952
20,34,1288,20034,1288,1288,1,2,5,Comercio al por menor en ferreterías y tlapalerías | Comercio al por menor de vidrios y espejos,15.52795031,38.81987578,53.59839444,30.79836913
20,35,657,20035,657,671,0.979135618,1,2.5,Comercio al por menor en ferreterías y tlapalerías,15.22070015,38.05175038,58.30748907,4.510495727
20,36,5256,20036,5256,5275,0.996398104,2,5,Comercio al por menor en ferreterías y tlapalerías,3.805175038,9.512937595,51.46172476,281.6040123
20,37,4424,20037,4424,4441,0.996172033,2,10.5,Comercio al por menor en ferreterías y tlapalerías,4.52079566,23.73417722,49.3985715,175.105789
20,38,1885,20038,1885,1890,0.997354497,3,7.5,Comercio al por menor en ferreterías y tlapalerías,15.91511936,39.78779841,51.43037542,59.05140209
20,39,78313,20039,22150,78313,0.282839375,202,674,Comercio al por menor de materiales para la construcción en tiendas de autoservicio especializadas | Comercio al por menor en ferreterías y tlapalerías | Comercio al por menor de vidrios y espejos | Comercio al por menor de artículos para la limpieza | Comercio al por menor de artículos para albercas y otros artículos | Comercio al por menor de pintura | Comercio al por menor de pisos y recubrimientos cerámicos,25.79392949,86.06489344,56.85213287,325.4127398
20,40,6385,20040,6385,6392,0.998904881,2,5,Comercio al por menor en ferreterías y tlapalerías,3.132341425,7.830853563,43.52878078,46.92156361
20,41,31710,20041,19228,31726,0.606064427,39,126.5,Comercio al por menor en ferreterías y tlapalerías | Comercio al por menor de artículos para albercas y otros artículos | Comercio al por menor de pintura | Comercio al por menor de artículos para la limpieza | Comercio al por menor de materiales para la construcción en tiendas de autoservicio especializadas | Comercio al por menor de vidrios y espejos,12.29895932,39.8927783,47.73155803,147.6413871
20,42,8385,20042,5035,8390,0.60011919,8,20,Comercio al por menor de pintura | Comercio al por menor en ferreterías y tlapalerías | Comercio al por menor de artículos para la limpieza | Comercio al por menor de vidrios y espejos,9.54084675,23.85211688,54.40542059,562.2873498
20,43,113570,20043,12703,113884,0.111543325,134,581,Comercio al por menor en ferreterías y tlapalerías | Comercio al por menor de pintura | Comercio al por menor de artículos para la limpieza | Comercio al por menor de vidrios y espejos | Comercio al por menor de pisos y recubrimientos cerámicos | Comercio al por menor de materiales para la construcción en tiendas de autoservicio especializadas | Comercio al por menor de artículos para albercas y otros artículos,11.79889055,51.1578762,56.3006741,915.3506232
20,44,40934,20044,9465,41318,0.229076916,43,124,Comercio al por menor en ferreterías y tlapalerías | Comercio al por menor de vidrios y espejos | Comercio al por menor de pintura | Comercio al por menor de pisos y recubrimientos cerámicos | Comercio al por menor de artículos para la limpieza,10.50471491,30.29266624,55.22004912,485.009253
20,45,7888,20045,4875,7892,0.617714141,5,12.5,Comercio al por menor en ferreterías y tlapalerías | Comercio al por menor de artículos para la limpieza,6.338742394,15.84685598,57.45021202,26.99534825
20,46,2943,20046,2943,2957,0.995265472,5,12.5,Comercio al por menor en ferreterías y tlapalerías | Comercio al por menor de artículos para la limpieza,16.98946653,42.47366633,52.24777617,234.8781189
20,47,81,20047,81,82,0.987804878,0,0,NA,0,0,55.36313448,26.73687517
20,48,1433,20048,1433,1435,0.998606272,0,0,NA,0,0,49.15805454,41.11816867
20,49,1184,20049,1184,1184,1,0,0,NA,0,0,51.65030213,10.36374228
20,50,3750,20050,3750,3750,1,7,23,Comercio al por menor en ferreterías y tlapalerías,18.66666667,61.33333333,49.56115526,85.15292577
20,51,4764,20051,120,4764,0.025188917,13,32.5,Comercio al por menor en ferreterías y tlapalerías | Comercio al por menor de artículos para la limpieza | Comercio al por menor de vidrios y espejos,27.28799328,68.21998321,44.73473544,39.44103739
20,52,5996,20052,2391,5999,0.398566428,9,22.5,Comercio al por menor de artículos para la limpieza | Comercio al por menor de pintura | Comercio al por menor en ferreterías y tlapalerías | Comercio al por menor de vidrios y espejos,15.01000667,37.52501668,53.22117871,844.4501915
20,53,1297,20053,1297,1306,0.993108729,0,0,NA,0,0,55.26066865,124.8657133
20,54,404,20054,404,404,1,0,0,NA,0,0,53.88667538,24.84170459
20,55,3739,20055,3739,3747,0.997864959,7,17.5,Comercio al por menor de vidrios y espejos | Comercio al por menor en ferreterías y tlapalerías | Comercio al por menor de pintura | Comercio al por menor de artículos para la limpieza,18.72158331,46.80395828,53.63164368,144.0381495
20,56,1446,20056,1446,1457,0.99245024,1,2.5,Comercio al por menor en ferreterías y tlapalerías,6.915629322,17.28907331,51.17774756,57.74194293
20,57,38183,20057,13851,38504,0.359728859,62,260,Comercio al por menor de pintura | Comercio al por menor en ferreterías y tlapalerías | Comercio al por menor de vidrios y espejos | Comercio al por menor de artículos para la limpieza | Comercio al por menor de artículos para albercas y otros artículos,16.23759265,68.09313045,54.5662483,1357.179326
20,58,12722,20058,12722,12763,0.996787589,7,17.5,Comercio al por menor en ferreterías y tlapalerías | Comercio al por menor de artículos para la limpieza | Comercio al por menor de pintura,5.502279516,13.75569879,45.94543815,181.8607794
20,59,50375,20059,21245,50414,0.421410719,83,293,Comercio al por menor en ferreterías y tlapalerías | Comercio al por menor de vidrios y espejos | Comercio al por menor de artículos para la limpieza | Comercio al por menor de pintura | Comercio al por menor de materiales para la construcción en tiendas de autoservicio especializadas | Comercio al por menor de pisos y recubrimientos cerámicos | Comercio al por menor de artículos para albercas y otros artículos,16.4764268,58.16377171,53.84879192,469.5126593
20,60,2487,20060,2487,2487,1,2,5,Comercio al por menor en ferreterías y tlapalerías,8.041817451,20.10454363,50.70164294,67.79061535
20,61,2893,20061,2893,2893,1,1,2.5,Comercio al por menor en ferreterías y tlapalerías,3.456619426,8.641548566,48.1697305,22.52612148
20,62,498,20062,498,498,1,0,0,NA,0,0,55.61418113,2.214071327
20,63,4293,20063,88,4293,0.020498486,12,30,Comercio al por menor en ferreterías y tlapalerías | Comercio al por menor de pintura | Comercio al por menor de artículos para la limpieza | Comercio al por menor de vidrios y espejos,27.95248078,69.88120196,56.8758399,4.289123068
20,64,8494,20064,8494,8526,0.996246775,3,7.5,Comercio al por menor en ferreterías y tlapalerías | Comercio al por menor de artículos para la limpieza,3.531904874,8.829762185,52.93417037,506.0573217
20,65,1079,20065,1079,1083,0.996306556,1,2.5,Comercio al por menor en ferreterías y tlapalerías,9.267840593,23.16960148,49.88989888,72.52669235
20,66,5342,20066,2124,5395,0.393697868,7,17.5,Comercio al por menor en ferreterías y tlapalerías | Comercio al por menor de artículos para la limpieza | Comercio al por menor de vidrios y espejos,13.10370648,32.75926619,53.70497218,549.6697135
20,67,270955,20067,3536,270992,0.013048356,694,2990.5,Comercio al por menor en ferreterías y tlapalerías | Comercio al por menor de artículos para albercas y otros artículos | Comercio al por menor de pisos y recubrimientos cerámicos | Comercio al por menor de artículos para la limpieza | Comercio al por menor de vidrios y espejos | Comercio al por menor de pintura | Comercio al por menor de materiales para la construcción en tiendas de autoservicio especializadas,25.61310919,110.3688804,58.68025355,89.65765979
20,68,23751,20068,7106,23774,0.298897956,46,191,Comercio al por menor en ferreterías y tlapalerías | Comercio al por menor de artículos para albercas y otros artículos | Comercio al por menor de pintura | Comercio al por menor de artículos para la limpieza | Comercio al por menor de pisos y recubrimientos cerámicos | Comercio al por menor de vidrios y espejos,19.36760557,80.41766662,53.71760729,119.8321375
20,69,3052,20069,525,3052,0.172018349,0,0,NA,0,0,51.04433852,26.98009542
20,70,6416,20070,945,6445,0.146625291,6,15,Comercio al por menor en ferreterías y tlapalerías | Comercio al por menor de artículos para la limpieza,9.351620948,23.37905237,51.23887807,67.65491013
20,71,3255,20071,3255,3509,0.927614705,1,2.5,Comercio al por menor en ferreterías y tlapalerías,3.072196621,7.680491551,48.9623665,103.8997962
20,72,8059,20072,4476,8059,0.555403896,5,18,Comercio al por menor en ferreterías y tlapalerías | Comercio al por menor de artículos para albercas y otros artículos,6.204243703,22.33527733,50.74564437,108.7810853
20,73,34652,20073,21923,34664,0.63244288,55,154,Comercio al por menor en ferreterías y tlapalerías | Comercio al por menor de pisos y recubrimientos cerámicos | Comercio al por menor de artículos para albercas y otros artículos | Comercio al por menor de pintura | Comercio al por menor de artículos para la limpieza | Comercio al por menor de vidrios y espejos,15.87209973,44.44187926,53.71229864,407.5549313
20,74,456,20074,456,456,1,0,0,NA,0,0,53.97098818,38.62223627
20,75,2660,20075,0,2660,0,0,0,NA,0,0,54.72399254,33.51065289
20,76,3411,20076,3411,3416,0.9985363,6,15,Comercio al por menor en ferreterías y tlapalerías,17.59014952,43.97537379,53.02215825,187.203273
20,77,4370,20077,4370,4370,1,2,5,Comercio al por menor en ferreterías y tlapalerías | Comercio al por menor de artículos para la limpieza,4.576659039,11.4416476,54.75523638,11.98246999
20,78,1301,20078,1301,1301,1,2,5,Comercio al por menor en ferreterías y tlapalerías | Comercio al por menor de artículos para la limpieza,15.37279016,38.4319754,56.33406825,12.48077385
20,79,84438,20079,7778,84449,0.092102926,130,562,Comercio al por menor en ferreterías y tlapalerías | Comercio al por menor de artículos para la limpieza | Comercio al por menor de artículos para albercas y otros artículos | Comercio al por menor de vidrios y espejos | Comercio al por menor de pintura | Comercio al por menor de pisos y recubrimientos cerámicos,15.39591179,66.55771098,57.42349877,132.4218912
20,80,1593,20080,1593,1595,0.998746082,0,0,NA,0,0,50.76999132,55.80271625
20,81,1871,20081,1871,1871,1,2,10.5,Comercio al por menor en ferreterías y tlapalerías,10.68947087,56.11972207,51.16941635,96.43594914
20,82,4163,20082,4163,4168,0.998800384,3,7.5,Comercio al por menor en ferreterías y tlapalerías,7.206341581,18.01585395,51.97091185,151.5860244
20,83,11391,20083,2788,11391,0.244754631,13,32.5,Comercio al por menor de pintura | Comercio al por menor de artículos para la limpieza | Comercio al por menor en ferreterías y tlapalerías | Comercio al por menor de vidrios y espejos,11.41251866,28.53129664,57.41910932,26.03685031
20,84,4168,20084,2,4170,4.80E-04,3,7.5,Comercio al por menor en ferreterías y tlapalerías | Comercio al por menor de materiales para la construcción en tiendas de autoservicio especializadas | Comercio al por menor de vidrios y espejos,7.197696737,17.99424184,57.75581899,55.19963426
20,85,26194,20085,23414,26234,0.892505908,7,17.5,Comercio al por menor en ferreterías y tlapalerías | Comercio al por menor de artículos para la limpieza | Comercio al por menor de vidrios y espejos,2.672367718,6.680919294,45.63649889,337.7979661
20,86,1032,20086,1032,1039,0.993262753,3,7.5,Comercio al por menor en ferreterías y tlapalerías | Comercio al por menor de artículos para la limpieza,29.06976744,72.6744186,52.15629376,51.45860288
20,87,5521,20087,624,5521,0.113023003,10,25,Comercio al por menor en ferreterías y tlapalerías | Comercio al por menor de pintura | Comercio al por menor de vidrios y espejos | Comercio al por menor de artículos para la limpieza,18.11266075,45.28165187,51.68547969,6.406853377
20,88,2881,20088,2881,2937,0.980932925,2,5,Comercio al por menor en ferreterías y tlapalerías | Comercio al por menor de artículos para la limpieza,6.942034016,17.35508504,50.43787167,261.3003461
20,89,2308,20089,2308,2313,0.997838305,2,5,Comercio al por menor en ferreterías y tlapalerías | Comercio al por menor de artículos para la limpieza,8.665511265,21.66377816,53.7912024,99.21483797
20,90,6234,20090,1644,6253,0.262913801,5,12.5,Comercio al por menor en ferreterías y tlapalerías | Comercio al por menor de vidrios y espejos | Comercio al por menor de artículos para la limpieza | Comercio al por menor de pisos y recubrimientos cerámicos,8.020532563,20.05133141,50.21405916,88.0293938
20,91,6279,20091,580,6288,0.092239186,4,10,Comercio al por menor en ferreterías y tlapalerías,6.370441153,15.92610288,59.60690464,27.61403001
20,92,1776,20092,1776,1776,1,1,2.5,Comercio al por menor en ferreterías y tlapalerías,5.630630631,14.07657658,53.8980278,28.85787892
20,93,518,20093,518,519,0.998073218,0,0,NA,0,0,54.33168611,50.00503475
20,94,1850,20094,1850,1862,0.993555317,1,2.5,Comercio al por menor en ferreterías y tlapalerías,5.405405405,13.51351351,52.94608857,64.06701617
20,95,4562,20095,4562,4562,1,0,0,NA,0,0,48.79043536,57.37582862
20,96,756,20096,756,757,0.998678996,1,2.5,Comercio al por menor de pintura,13.22751323,33.06878307,55.75965189,22.60890806
20,97,1771,20097,1771,1771,1,0,0,NA,0,0,52.67810182,48.67211798
20,98,4233,20098,4233,4253,0.995297437,2,10.5,Comercio al por menor en ferreterías y tlapalerías,4.724781479,24.80510276,50.31492935,145.2867704
20,99,381,20099,381,381,1,0,0,NA,0,0,48.39846263,14.39078806
20,100,393,20100,393,400,0.9825,0,0,NA,0,0,50.08426284,40.97460306
20,101,748,20101,748,748,1,1,2.5,Comercio al por menor en ferreterías y tlapalerías,13.36898396,33.42245989,49.52641913,7.084615746
20,102,5326,20102,5326,5331,0.99906209,3,7.5,Comercio al por menor en ferreterías y tlapalerías | Comercio al por menor de artículos para la limpieza,5.632745024,14.08186256,53.65556228,69.46137511
20,103,6064,20103,260,6064,0.042875989,8,20,Comercio al por menor en ferreterías y tlapalerías | Comercio al por menor de pintura | Comercio al por menor de artículos para la limpieza | Comercio al por menor de artículos para albercas y otros artículos | Comercio al por menor de vidrios y espejos,13.19261214,32.98153034,49.86951219,11.37150797
20,104,2705,20104,2705,2708,0.998892171,2,5,Comercio al por menor en ferreterías y tlapalerías | Comercio al por menor de artículos para la limpieza,7.393715342,18.48428835,51.93156296,105.546336
20,105,7678,20105,7678,7678,1,2,5,Comercio al por menor en ferreterías y tlapalerías,2.604845012,6.512112529,53.18790204,109.6936087
20,106,249,20106,249,256,0.97265625,0,0,NA,0,0,53.56904492,16.4643365
20,107,26282,20107,1863,26282,0.070885016,50,204.5,Comercio al por menor de pintura | Comercio al por menor en ferreterías y tlapalerías | Comercio al por menor de artículos para la limpieza | Comercio al por menor de vidrios y espejos | Comercio al por menor de artículos para albercas y otros artículos,19.02442736,77.80990792,57.09760168,11.02006778
20,108,2936,20108,2936,2975,0.986890756,4,10,Comercio al por menor en ferreterías y tlapalerías,13.6239782,34.0599455,51.71546213,191.8047298
20,109,1232,20109,1232,1232,1,0,0,NA,0,0,54.51964526,77.03264006
20,110,1668,20110,1668,1668,1,2,5,Comercio al por menor en ferreterías y tlapalerías,11.99040767,29.97601918,45.87809,29.27417004
20,111,4873,20111,1973,4873,0.404884055,2,5,Comercio al por menor en ferreterías y tlapalerías,4.104247897,10.26061974,48.21638004,69.66878595
20,112,2576,20112,24,2578,0.009309542,4,15.5,Comercio al por menor en ferreterías y tlapalerías | Comercio al por menor de vidrios y espejos,15.52795031,60.17080745,52.42045194,92.43586682
20,113,3169,20113,596,3182,0.187303583,3,7.5,Comercio al por menor en ferreterías y tlapalerías | Comercio al por menor de artículos para la limpieza,9.466708741,23.66677185,53.15850439,121.6170791
20,114,674,20114,674,674,1,0,0,NA,0,0,53.28283457,30.35743699
20,115,10391,20115,1294,10410,0.124303554,14,35,Comercio al por menor en ferreterías y tlapalerías | Comercio al por menor de vidrios y espejos | Comercio al por menor de pintura | Comercio al por menor de artículos para la limpieza,13.47319796,33.6829949,56.43027086,31.43169933
20,116,4131,20116,1266,4131,0.306463326,6,15,Comercio al por menor en ferreterías y tlapalerías,14.52432825,36.31082062,47.712202,57.29679243
20,117,2213,20117,2213,2222,0.995949595,2,5,Comercio al por menor en ferreterías y tlapalerías,9.037505648,22.59376412,49.51460788,157.1463035
20,118,2389,20118,2389,2411,0.990875156,6,15,Comercio al por menor en ferreterías y tlapalerías | Comercio al por menor de vidrios y espejos,25.11511093,62.78777731,51.12290951,23.93623841
20,119,735,20119,735,748,0.982620321,0,0,NA,0,0,52.15094425,86.00126024
20,120,449,20120,449,449,1,2,5,Comercio al por menor en ferreterías y tlapalerías,44.54342984,111.3585746,53.49497595,8.74939117
20,121,596,20121,596,605,0.985123967,0,0,NA,0,0,53.69732113,74.90194789
20,122,653,20122,653,662,0.986404834,0,0,NA,0,0,53.48421358,93.77981149
20,123,2829,20123,2829,2833,0.998588069,4,15.5,Comercio al por menor en ferreterías y tlapalerías | Comercio al por menor de artículos para la limpieza | Comercio al por menor de vidrios y espejos,14.13927183,54.78967833,51.94270639,108.9736324
20,124,19696,20124,3605,19730,0.182716675,8,20,Comercio al por menor en ferreterías y tlapalerías | Comercio al por menor de artículos para la limpieza | Comercio al por menor de vidrios y espejos,4.061738424,10.15434606,47.51533904,209.2461822
20,125,11662,20125,11662,11677,0.998715423,1,2.5,Comercio al por menor en ferreterías y tlapalerías,0.857485851,2.143714629,48.87704356,2314.408825
20,126,5396,20126,1080,5401,0.19996297,3,7.5,Comercio al por menor en ferreterías y tlapalerías,5.559673832,13.89918458,48.29195545,137.4169636
20,127,1252,20127,1252,1252,1,0,0,NA,0,0,49.88724444,31.82013249
20,128,1342,20128,1342,1342,1,3,7.5,Comercio al por menor de artículos para la limpieza | Comercio al por menor en ferreterías y tlapalerías | Comercio al por menor de vidrios y espejos,22.35469449,55.88673621,54.58601137,16.85539041
20,129,356,20129,356,372,0.956989247,1,2.5,Comercio al por menor de artículos para la limpieza,28.08988764,70.2247191,55.96268704,53.04891366
20,130,5180,20130,1970,5188,0.379722436,6,20.5,Comercio al por menor en ferreterías y tlapalerías | Comercio al por menor de vidrios y espejos,11.58301158,39.57528958,48.69742465,356.5153486
20,131,11411,20131,1554,11441,0.135827288,16,45.5,Comercio al por menor de artículos para la limpieza | Comercio al por menor en ferreterías y tlapalerías | Comercio al por menor de pintura | Comercio al por menor de vidrios y espejos,14.02155815,39.87380598,50.54008085,311.2198521
20,132,1380,20132,1380,1388,0.994236311,0,0,NA,0,0,53.30747958,10.10913482
20,133,3934,20133,3934,3942,0.997970573,1,2.5,Comercio al por menor en ferreterías y tlapalerías,2.541942044,6.354855109,49.68284634,109.3941054
20,134,28500,20134,21637,28507,0.75900656,10,48.5,Comercio al por menor en ferreterías y tlapalerías | Comercio al por menor de pintura | Comercio al por menor de vidrios y espejos,3.50877193,17.01754386,47.57735036,134.1933737
20,135,8231,20135,5710,8252,0.691953466,5,12.5,Comercio al por menor de artículos para la limpieza | Comercio al por menor en ferreterías y tlapalerías,6.074596039,15.1864901,53.32690902,99.51884659
20,136,12191,20136,6779,12194,0.555929145,11,27.5,Comercio al por menor de vidrios y espejos | Comercio al por menor de artículos para la limpieza | Comercio al por menor en ferreterías y tlapalerías | Comercio al por menor de pintura,9.023049791,22.55762448,52.30916732,446.9941066
20,137,3450,20137,3450,3484,0.990241102,0,0,NA,0,0,49.39321889,281.0190203
20,138,451,20138,451,451,1,2,10.5,Comercio al por menor en ferreterías y tlapalerías,44.345898,232.8159645,53.54173996,44.71612088
20,139,2195,20139,2195,2204,0.995916515,1,2.5,Comercio al por menor de artículos para la limpieza,4.555808656,11.38952164,49.47600412,62.36490112
20,140,812,20140,812,812,1,0,0,NA,0,0,54.28478745,22.58521532
20,141,8710,20141,3249,8747,0.371441637,3,7.5,Comercio al por menor de materiales para la construcción en tiendas de autoservicio especializadas | Comercio al por menor en ferreterías y tlapalerías | Comercio al por menor de vidrios y espejos,3.444316877,8.610792193,49.99747427,681.6337026
20,142,842,20142,842,842,1,1,2.5,Comercio al por menor de artículos para la limpieza,11.87648456,29.6912114,49.16423732,14.22740086
20,143,9461,20143,4028,9464,0.425612849,11,45.5,Comercio al por menor de artículos para la limpieza | Comercio al por menor de pintura | Comercio al por menor en ferreterías y tlapalerías | Comercio al por menor de vidrios y espejos,11.62667794,48.09216785,54.60749433,213.57837
20,144,1075,20144,1075,1075,1,0,0,NA,0,0,51.88743373,47.45873192
20,145,5215,20145,124,5215,0.023777565,17,60.5,Comercio al por menor en ferreterías y tlapalerías | Comercio al por menor de pintura | Comercio al por menor de artículos para la limpieza | Comercio al por menor de artículos para albercas y otros artículos | Comercio al por menor de vidrios y espejos,32.59827421,116.0115053,56.85359801,11.47454452
20,146,2803,20146,2803,2803,1,0,0,NA,0,0,50.11015664,40.99837017
20,147,376,20147,376,387,0.971576227,0,0,NA,0,0,54.16637725,22.61667394
20,148,2182,20148,2182,2182,1,0,0,NA,0,0,49.85680914,49.74592688
20,149,2019,20149,2019,2029,0.995071464,1,2.5,Comercio al por menor de artículos para la limpieza,4.952947003,12.38236751,49.46632486,107.4462019
20,150,13856,20150,1382,13867,0.099661066,31,88.5,Comercio al por menor en ferreterías y tlapalerías | Comercio al por menor de artículos para la limpieza | Comercio al por menor de pintura | Comercio al por menor de materiales para la construcción en tiendas de autoservicio especializadas | Comercio al por menor de vidrios y espejos,22.37297921,63.87124711,56.69861093,193.0407946
20,151,312,20151,312,312,1,0,0,NA,0,0,51.83763511,86.15385678
20,152,2472,20152,2472,2472,1,2,5,Comercio al por menor en ferreterías y tlapalerías,8.090614887,20.22653722,46.06051555,99.64410433
20,153,4910,20153,1237,4923,0.251269551,5,12.5,Comercio al por menor en ferreterías y tlapalerías | Comercio al por menor de artículos para la limpieza,10.18329939,25.45824847,53.4679774,179.4651497
20,154,2329,20154,2329,2329,1,0,0,NA,0,0,51.79050436,61.39712193
20,155,1060,20155,1060,1071,0.989729225,0,0,NA,0,0,47.45172872,38.85733986
20,156,3677,20156,3677,3680,0.999184783,3,7.5,Comercio al por menor en ferreterías y tlapalerías | Comercio al por menor de artículos para la limpieza,8.158825129,20.39706282,54.28319516,93.98043004
20,157,16827,20157,0,16827,0,35,147,Comercio al por menor de vidrios y espejos | Comercio al por menor en ferreterías y tlapalerías | Comercio al por menor de pintura | Comercio al por menor de artículos para la limpieza,20.79990491,87.35960064,59.6943416,4.16267323
20,158,2233,20158,2233,2233,1,2,5,Comercio al por menor en ferreterías y tlapalerías | Comercio al por menor de artículos para albercas y otros artículos,8.956560681,22.3914017,51.61425929,63.84143533
20,159,5537,20159,5537,5576,0.993005739,0,0,NA,0,0,49.37020051,586.7533311
20,160,1429,20160,1429,1429,1,2,5,Comercio al por menor de artículos para la limpieza | Comercio al por menor en ferreterías y tlapalerías,13.99580126,34.98950315,53.41889668,58.45871576
20,161,2730,20161,2730,2764,0.987698987,0,0,NA,0,0,52.20980204,220.1772594
20,162,2046,20162,2046,2071,0.987928537,1,2.5,Comercio al por menor en ferreterías y tlapalerías,4.887585533,12.21896383,48.72250002,72.94522803
20,163,1577,20163,1577,1578,0.999366286,3,25.5,Comercio al por menor en ferreterías y tlapalerías | Comercio al por menor de artículos para la limpieza,19.02346227,161.6994293,50.3106392,17.78371436
20,164,2881,20164,2881,2881,1,1,2.5,Comercio al por menor en ferreterías y tlapalerías,3.471017008,8.67754252,50.86247055,55.71967313
20,165,1629,20165,1629,1629,1,0,0,NA,0,0,51.31221438,21.78178841
20,166,11310,20166,7830,11337,0.690658904,9,22.5,Comercio al por menor en ferreterías y tlapalerías | Comercio al por menor de pintura,7.957559682,19.8938992,53.44907457,192.8700226
20,167,2149,20167,2149,2149,1,0,0,NA,0,0,49.81428677,28.63534853
20,168,938,20168,938,956,0.981171548,1,2.5,Comercio al por menor en ferreterías y tlapalerías,10.66098081,26.65245203,50.71337245,66.16300516
20,169,4251,20169,4251,4251,1,2,5,Comercio al por menor en ferreterías y tlapalerías | Comercio al por menor de artículos para la limpieza,4.704775347,11.76193837,42.12856925,53.78927094
20,170,3700,20170,3700,3700,1,2,5,Comercio al por menor en ferreterías y tlapalerías,5.405405405,13.51351351,44.83098088,77.78912453
20,171,18102,20171,18102,18121,0.998951493,6,15,Comercio al por menor en ferreterías y tlapalerías | Comercio al por menor de pintura,3.314550878,8.286377196,37.95603759,257.2953957
20,172,408,20172,408,419,0.973747017,0,0,NA,0,0,54.9727124,35.63338187
20,173,1457,20173,1457,1460,0.997945205,1,2.5,Comercio al por menor en ferreterías y tlapalerías,6.863417982,17.15854496,53.5576564,134.2221951
20,174,4564,20174,337,4570,0.073741794,16,51,Comercio al por menor de pintura | Comercio al por menor en ferreterías y tlapalerías | Comercio al por menor de materiales para la construcción en tiendas de autoservicio especializadas | Comercio al por menor de vidrios y espejos | Comercio al por menor de pisos y recubrimientos cerámicos,35.05696757,111.7440841,56.98211626,3.026104447
20,175,1424,20175,1424,1424,1,2,5,Comercio al por menor en ferreterías y tlapalerías,14.04494382,35.11235955,52.18290348,421.4322133
20,176,2725,20176,2725,2762,0.98660391,7,17.5,Comercio al por menor en ferreterías y tlapalerías | Comercio al por menor de vidrios y espejos | Comercio al por menor de artículos para la limpieza | Comercio al por menor de pintura,25.68807339,64.22018349,51.05102205,285.9312582
20,177,10365,20177,4962,10394,0.477390802,8,20,Comercio al por menor de pintura | Comercio al por menor de vidrios y espejos | Comercio al por menor en ferreterías y tlapalerías | Comercio al por menor de artículos para la limpieza,7.718282682,19.29570671,54.67175675,495.9807315
20,178,6692,20178,6692,6692,1,1,2.5,Comercio al por menor de artículos para la limpieza,1.494321578,3.735803945,55.97005625,52.16856489
20,179,1447,20179,1447,1447,1,5,12.5,Comercio al por menor en ferreterías y tlapalerías | Comercio al por menor de artículos para la limpieza,34.55425017,86.38562543,52.90141415,114.4280636
20,180,2344,20180,2344,2345,0.999573561,1,2.5,Comercio al por menor en ferreterías y tlapalerías,4.266211604,10.66552901,53.07353552,72.39965484
20,181,453,20181,453,463,0.978401728,0,0,NA,0,0,52.77668548,93.12923699
20,182,2181,20182,2181,2181,1,1,2.5,Comercio al por menor en ferreterías y tlapalerías,4.585052728,11.46263182,49.28327791,50.06721655
20,183,1475,20183,1475,1478,0.99797023,2,5,Comercio al por menor en ferreterías y tlapalerías | Comercio al por menor de artículos para la limpieza,13.55932203,33.89830508,51.42313429,88.64388762
20,184,159452,20184,49239,159767,0.308192555,194,800,Comercio al por menor de artículos para albercas y otros artículos | Comercio al por menor de vidrios y espejos | Comercio al por menor de pintura | Comercio al por menor en ferreterías y tlapalerías | Comercio al por menor de artículos para la limpieza | Comercio al por menor de pisos y recubrimientos cerámicos,12.16667085,50.17183855,56.13593526,875.4208634
20,185,8939,20185,4685,8939,0.524107842,12,53.5,Comercio al por menor en ferreterías y tlapalerías | Comercio al por menor de pintura | Comercio al por menor de vidrios y espejos,13.42432039,59.85009509,53.04794934,203.2614579
20,186,524,20186,524,525,0.998095238,1,2.5,Comercio al por menor en ferreterías y tlapalerías,19.08396947,47.70992366,53.03797438,89.87361277
20,187,1808,20187,1808,1810,0.998895028,2,5,Comercio al por menor en ferreterías y tlapalerías | Comercio al por menor de artículos para la limpieza,11.0619469,27.65486726,49.92591661,65.98816352
20,188,9609,20188,3930,9611,0.408906461,6,15,Comercio al por menor en ferreterías y tlapalerías,6.244146113,15.61036528,49.4912542,124.4651113
20,189,3116,20189,3116,3116,1,0,0,NA,0,0,48.25655354,98.66354365
20,190,22444,20190,14832,22761,0.651640965,17,53.5,Comercio al por menor de vidrios y espejos | Comercio al por menor en ferreterías y tlapalerías | Comercio al por menor de pintura | Comercio al por menor de artículos para la limpieza | Comercio al por menor de artículos para albercas y otros artículos,7.574407414,23.83710569,50.99697459,1383.412952
20,191,296,20191,296,314,0.942675159,0,0,NA,0,0,54.13579199,20.39804785
20,192,1522,20192,1522,1522,1,3,7.5,Comercio al por menor en ferreterías y tlapalerías | Comercio al por menor de vidrios y espejos,19.7109067,49.27726675,56.56874422,5.218591551
20,193,2807,20193,38,2807,0.013537585,3,7.5,Comercio al por menor en ferreterías y tlapalerías | Comercio al por menor de artículos para la limpieza,10.6875668,26.71891699,54.90306413,132.1379401
20,194,1372,20194,1372,1374,0.998544396,4,10,Comercio al por menor de vidrios y espejos | Comercio al por menor en ferreterías y tlapalerías | Comercio al por menor de artículos para la limpieza,29.15451895,72.88629738,54.2984861,71.508354
20,195,1056,20195,1056,1056,1,1,2.5,Comercio al por menor en ferreterías y tlapalerías,9.46969697,23.67424242,47.37531702,34.93190043
20,196,407,20196,407,411,0.99026764,0,0,NA,0,0,55.31695882,16.59805195
20,197,3288,20197,113,3294,0.034304797,9,22.5,Comercio al por menor de artículos para la limpieza | Comercio al por menor en ferreterías y tlapalerías | Comercio al por menor de pisos y recubrimientos cerámicos | Comercio al por menor de vidrios y espejos,27.37226277,68.43065693,52.8631146,31.82771126
20,198,29802,20198,25671,29876,0.859251573,7,23,Comercio al por menor en ferreterías y tlapalerías | Comercio al por menor de pintura | Comercio al por menor de artículos para la limpieza,2.348835649,7.717602845,49.57517359,798.3026673
20,199,494,20199,494,503,0.982107356,0,0,NA,0,0,48.9076057,52.1614127
20,200,3703,20200,3703,3730,0.992761394,3,7.5,Comercio al por menor en ferreterías y tlapalerías,8.101539292,20.25384823,49.14042627,316.7506665
20,201,1880,20201,1880,1880,1,1,2.5,Comercio al por menor en ferreterías y tlapalerías,5.319148936,13.29787234,51.50740333,56.58319763
20,202,4577,20202,4577,4656,0.983032646,6,31.5,Comercio al por menor en ferreterías y tlapalerías,13.10902338,68.82237273,51.48319291,210.558977
20,203,3538,20203,3538,3538,1,0,0,NA,0,0,48.08557815,107.8163886
20,204,634,20204,634,634,1,0,0,NA,0,0,53.79306924,106.6876534
20,205,16989,20205,16989,17007,0.998941612,0,0,NA,0,0,48.6989357,694.0931517
20,206,2421,20206,2421,2434,0.994658998,3,7.5,Comercio al por menor en ferreterías y tlapalerías | Comercio al por menor de artículos para la limpieza,12.39157373,30.97893432,52.4906952,119.2877776
20,207,19032,20207,19032,19060,0.998530955,5,12.5,Comercio al por menor en ferreterías y tlapalerías,2.627154266,6.567885666,49.52922019,1629.731946
20,208,6941,20208,6941,6946,0.999280161,15,37.5,Comercio al por menor de vidrios y espejos | Comercio al por menor en ferreterías y tlapalerías | Comercio al por menor de artículos para albercas y otros artículos,21.61071892,54.02679729,49.34227581,358.3974976
20,209,607,20209,607,607,1,0,0,NA,0,0,49.26791085,75.82809885
20,210,5773,20210,5773,5776,0.999480609,4,10,Comercio al por menor en ferreterías y tlapalerías | Comercio al por menor de pintura,6.928806513,17.32201628,51.63980724,212.1383015
20,211,3411,20211,3411,3413,0.999414005,0,0,NA,0,0,49.00599386,207.6844425
20,212,3117,20212,3117,3117,1,0,0,NA,0,0,47.76860849,188.303956
20,213,4203,20213,4203,4209,0.998574483,6,15,Comercio al por menor de vidrios y espejos | Comercio al por menor de pisos y recubrimientos cerámicos | Comercio al por menor en ferreterías y tlapalerías | Comercio al por menor de pintura,14.27551749,35.68879372,50.61357791,204.8116077
20,214,2033,20214,2033,2035,0.999017199,1,2.5,Comercio al por menor en ferreterías y tlapalerías,4.918839154,12.29709788,51.72901277,202.7505656
20,215,879,20215,879,879,1,1,2.5,Comercio al por menor en ferreterías y tlapalerías,11.37656428,28.44141069,55.45486523,14.5626462
20,216,1241,20216,1241,1241,1,1,2.5,Comercio al por menor en ferreterías y tlapalerías,8.058017728,20.14504432,53.17611723,19.62337798
20,217,3325,20217,3325,3448,0.964327146,0,0,NA,0,0,43.88235279,360.1132596
20,218,544,20218,544,547,0.994515539,0,0,NA,0,0,51.7912705,71.10934112
20,219,2668,20219,22,2681,0.008205893,4,10,Comercio al por menor en ferreterías y tlapalerías | Comercio al por menor de vidrios y espejos,14.99250375,37.48125937,51.28018589,41.36436952
20,220,2692,20220,2692,2703,0.995930448,0,0,NA,0,0,52.9061924,254.9083722
20,221,1494,20221,1494,1503,0.994011976,0,0,NA,0,0,53.29319253,86.97857994
20,222,1426,20222,1426,1426,1,0,0,NA,0,0,53.19027198,37.83178564
20,223,440,20223,440,440,1,0,0,NA,0,0,54.84785528,29.11898086
20,224,643,20224,643,649,0.990755008,0,0,NA,0,0,54.342485,23.38739137
20,225,5903,20225,5903,5903,1,1,2.5,Comercio al por menor en ferreterías y tlapalerías,1.694053871,4.235134677,46.25360512,58.83796515
20,226,2971,20226,2971,3019,0.984100696,3,7.5,Comercio al por menor en ferreterías y tlapalerías,10.09761023,25.24402558,53.65879897,134.7383237
20,227,18339,20227,2706,18382,0.147209226,49,166,Comercio al por menor de artículos para albercas y otros artículos | Comercio al por menor de artículos para la limpieza | Comercio al por menor de pisos y recubrimientos cerámicos | Comercio al por menor de pintura | Comercio al por menor de vidrios y espejos | Comercio al por menor en ferreterías y tlapalerías,26.71901412,90.51747642,57.77148472,27.6421026
20,228,833,20228,833,833,1,1,2.5,Comercio al por menor en ferreterías y tlapalerías,12.00480192,30.0120048,49.45587969,9.150771056
20,229,9148,20229,9148,9155,0.99923539,1,2.5,Comercio al por menor en ferreterías y tlapalerías,1.093135111,2.732837779,47.10010427,137.9080623
20,230,932,20230,932,932,1,1,2.5,Comercio al por menor en ferreterías y tlapalerías,10.72961373,26.82403433,53.34388215,51.95045359
20,231,3187,20231,193,3187,0.060558519,3,7.5,Comercio al por menor en ferreterías y tlapalerías,9.413241293,23.53310323,47.16703883,101.8120905
20,232,22185,20232,16033,22194,0.722402451,6,20.5,Comercio al por menor en ferreterías y tlapalerías | Comercio al por menor de vidrios y espejos | Comercio al por menor de artículos para la limpieza,2.704530088,9.2404778,48.15920382,454.0513673
20,233,1720,20233,1720,1726,0.996523754,4,15.5,Comercio al por menor en ferreterías y tlapalerías,23.25581395,90.11627907,50.62241259,51.89674022
20,234,7163,20234,7163,7163,1,2,5,Comercio al por menor en ferreterías y tlapalerías | Comercio al por menor de artículos para la limpieza,2.792126204,6.98031551,46.41176931,64.81913067
20,235,3829,20235,3829,3843,0.996357013,2,5,Comercio al por menor en ferreterías y tlapalerías,5.2232959,13.05823975,50.5611647,290.1793117
20,236,1372,20236,1372,1394,0.984218077,0,0,NA,0,0,46.33047568,54.09344638
20,237,1568,20237,1568,1572,0.997455471,5,12.5,Comercio al por menor en ferreterías y tlapalerías,31.8877551,79.71938776,54.67297775,127.7806227
20,238,994,20238,994,994,1,0,0,NA,0,0,52.92972144,8.338147631
20,239,1000,20239,1000,1000,1,0,0,NA,0,0,52.78467139,42.79024329
20,240,2749,20240,2749,2761,0.995653749,1,2.5,Comercio al por menor en ferreterías y tlapalerías,3.637686431,9.094216079,45.6994653,63.80481517
20,241,1034,20241,1034,1034,1,5,12.5,Comercio al por menor de vidrios y espejos | Comercio al por menor de artículos para la limpieza | Comercio al por menor en ferreterías y tlapalerías,48.35589942,120.8897485,53.22352425,10.77611781
20,242,12436,20242,9385,12465,0.752908143,19,47.5,Comercio al por menor en ferreterías y tlapalerías | Comercio al por menor de pintura | Comercio al por menor de artículos para la limpieza,15.27822451,38.19556127,44.96845773,242.8230845
20,243,1975,20243,1975,1988,0.993460765,2,5,Comercio al por menor en ferreterías y tlapalerías | Comercio al por menor de artículos para la limpieza,10.12658228,25.3164557,55.1909727,24.28891594
20,244,3934,20244,3934,3943,0.997717474,2,5,Comercio al por menor en ferreterías y tlapalerías,5.083884087,12.70971022,52.45733671,63.97058182
20,245,1324,20245,1324,1331,0.994740796,0,0,NA,0,0,48.77364756,43.29522515
20,246,611,20246,611,611,1,2,5,Comercio al por menor en ferreterías y tlapalerías,32.73322422,81.83306056,52.98645859,14.70482937
20,247,1619,20247,1619,1619,1,4,10,Comercio al por menor en ferreterías y tlapalerías | Comercio al por menor de artículos para la limpieza,24.70660902,61.76652254,57.69749971,37.17972512
20,248,15571,20248,6698,15571,0.430158628,7,28.5,Comercio al por menor en ferreterías y tlapalerías | Comercio al por menor de vidrios y espejos,4.495536574,18.30325605,38.54697636,90.18841892
20,249,3831,20249,1079,3831,0.2816497,9,22.5,Comercio al por menor de artículos para la limpieza | Comercio al por menor en ferreterías y tlapalerías | Comercio al por menor de vidrios y espejos,23.49256069,58.73140172,50.58709825,7.102978095
20,250,1239,20250,1239,1243,0.996781979,1,2.5,Comercio al por menor en ferreterías y tlapalerías,8.07102502,20.17756255,54.03894728,23.50888092
20,251,1217,20251,1217,1223,0.995094031,1,2.5,Comercio al por menor en ferreterías y tlapalerías,8.216926869,20.54231717,49.68947173,63.93797977
20,252,2384,20252,2384,2384,1,3,7.5,Comercio al por menor en ferreterías y tlapalerías,12.58389262,31.45973154,50.04604432,55.9579644
20,253,2021,20253,2021,2080,0.971634615,0,0,NA,0,0,44.9506773,162.781705
20,254,3207,20254,3207,3227,0.993802293,0,0,NA,0,0,51.45809815,212.3008972
20,255,1977,20255,1977,1977,1,3,7.5,Comercio al por menor de vidrios y espejos | Comercio al por menor en ferreterías y tlapalerías,15.17450683,37.93626707,51.09768397,141.8191181
20,256,229,20256,229,238,0.962184874,0,0,NA,0,0,54.18037906,24.38872135
20,257,1052,20257,1052,1052,1,0,0,NA,0,0,50.52289744,34.11378958
20,258,698,20258,698,698,1,0,0,NA,0,0,52.5189117,67.6367637
20,259,2142,20259,2142,2144,0.999067164,3,7.5,Comercio al por menor en ferreterías y tlapalerías,14.00560224,35.0140056,48.89239836,86.07944028
20,260,2191,20260,2191,2202,0.995004541,4,10,Comercio al por menor en ferreterías y tlapalerías | Comercio al por menor de artículos para albercas y otros artículos | Comercio al por menor de vidrios y espejos,18.25650388,45.6412597,51.64300118,142.1468155
20,261,6932,20261,6932,6932,1,2,5,Comercio al por menor de artículos para la limpieza | Comercio al por menor en ferreterías y tlapalerías,2.885170225,7.212925563,49.776424,178.9867007
20,262,991,20262,991,1005,0.986069652,3,7.5,Comercio al por menor en ferreterías y tlapalerías | Comercio al por menor de artículos para la limpieza,30.27245207,75.68113017,54.8612657,60.91409119
20,263,3184,20263,3184,3199,0.995311035,0,0,NA,0,0,49.63061105,124.1190277
20,264,2169,20264,2169,2182,0.994042163,0,0,NA,0,0,49.51932608,61.5301863
20,265,6711,20265,6711,6755,0.993486306,1,2.5,Comercio al por menor de artículos para la limpieza,1.490090896,3.725227239,49.40179808,1188.090522
20,266,8551,20266,8551,8659,0.987527428,9,28,Comercio al por menor de pintura | Comercio al por menor en ferreterías y tlapalerías | Comercio al por menor de artículos para la limpieza | Comercio al por menor de vidrios y espejos,10.52508479,32.74470822,50.82891772,522.5736213
20,267,245,20267,245,245,1,0,0,NA,0,0,54.9865774,10.65113582
20,268,1149,20268,1149,1156,0.993944637,1,2.5,Comercio al por menor en ferreterías y tlapalerías,8.703220191,21.75805048,52.8992337,10.78408408
20,269,4313,20269,4313,4316,0.999304912,13,38,Comercio al por menor en ferreterías y tlapalerías | Comercio al por menor de pintura | Comercio al por menor de artículos para la limpieza | Comercio al por menor de vidrios y espejos,30.14143288,88.10572687,53.14283759,103.4252843
20,270,1311,20270,1311,1315,0.996958175,1,2.5,Comercio al por menor en ferreterías y tlapalerías,7.627765065,19.06941266,46.89715165,64.91537274
20,271,3194,20271,3194,3199,0.998437012,0,0,NA,0,0,48.52334527,73.09541768
20,272,6252,20272,362,6265,0.057781325,7,17.5,Comercio al por menor en ferreterías y tlapalerías,11.19641715,27.99104287,51.7386772,144.9091647
20,273,3818,20273,3818,3822,0.998953428,1,2.5,Comercio al por menor de artículos para la limpieza,2.619172342,6.547930854,47.26905933,155.5773059
20,274,1328,20274,1328,1331,0.997746056,0,0,NA,0,0,48.96614262,65.60902902
20,275,7286,20275,3649,7312,0.49904267,9,22.5,Comercio al por menor en ferreterías y tlapalerías | Comercio al por menor de artículos para la limpieza,12.35245677,30.88114192,49.06067036,208.1437316
20,276,691,20276,691,697,0.991391679,1,2.5,Comercio al por menor en ferreterías y tlapalerías,14.47178003,36.17945007,47.24186409,19.78832841
20,277,12350,20277,12350,12468,0.990535772,9,28,Comercio al por menor en ferreterías y tlapalerías | Comercio al por menor de pintura | Comercio al por menor de vidrios y espejos,7.287449393,22.67206478,49.44686248,976.733218
20,278,38682,20278,31419,38702,0.811818511,10,30.5,Comercio al por menor en ferreterías y tlapalerías | Comercio al por menor de pintura | Comercio al por menor de artículos para la limpieza,2.585181738,7.884804302,49.77568301,741.6102458
20,279,2932,20279,2932,2968,0.98787062,5,12.5,Comercio al por menor de vidrios y espejos | Comercio al por menor de pisos y recubrimientos cerámicos | Comercio al por menor en ferreterías y tlapalerías,17.053206,42.63301501,53.09720587,69.94791895
20,280,2011,20280,2011,2011,1,4,10,Comercio al por menor en ferreterías y tlapalerías | Comercio al por menor de artículos para la limpieza | Comercio al por menor de vidrios y espejos,19.89060169,49.72650423,54.34150638,61.0968605
20,281,305,20281,305,312,0.977564103,0,0,NA,0,0,55.54906839,19.68755671
20,282,653,20282,653,653,1,0,0,NA,0,0,51.90272075,206.5864895
20,283,1044,20283,1044,1044,1,0,0,NA,0,0,53.67199292,161.9921822
20,284,3141,20284,33,3145,0.010492846,1,2.5,Comercio al por menor en ferreterías y tlapalerías,3.183699459,7.959248647,46.34753846,71.2563004
20,285,3668,20285,3668,3712,0.988146552,2,5,Comercio al por menor en ferreterías y tlapalerías | Comercio al por menor de artículos para la limpieza,5.452562704,13.63140676,50.70916833,104.1726092
20,286,3100,20286,3100,3110,0.996784566,6,15,Comercio al por menor en ferreterías y tlapalerías | Comercio al por menor de artículos para la limpieza | Comercio al por menor de vidrios y espejos,19.35483871,48.38709677,51.96048728,55.58624387
20,287,307,20287,307,327,0.93883792,0,0,NA,0,0,53.55085991,46.66175469
20,288,585,20288,585,585,1,0,0,NA,0,0,52.51968193,39.22159685
20,289,1214,20289,1214,1214,1,0,0,NA,0,0,51.04911838,29.68435683
20,290,1043,20290,1043,1043,1,0,0,NA,0,0,53.24671173,11.33564115
20,291,4308,20291,4308,4312,0.999072356,3,13,Comercio al por menor en ferreterías y tlapalerías,6.963788301,30.17641597,52.58963698,188.8936195
20,292,1510,20292,1510,1524,0.990813648,0,0,NA,0,0,48.69927717,73.92606212
20,293,17116,20293,5222,17127,0.304898698,10,41.5,Comercio al por menor de pintura | Comercio al por menor de artículos para la limpieza | Comercio al por menor en ferreterías y tlapalerías | Comercio al por menor de vidrios y espejos,5.842486562,24.24631923,58.89885363,44.42191825
20,294,7035,20294,963,7039,0.136809206,10,30.5,Comercio al por menor en ferreterías y tlapalerías | Comercio al por menor de artículos para la limpieza | Comercio al por menor de vidrios y espejos,14.21464108,43.35465529,57.28505703,101.5613716
20,295,10020,20295,410,10024,0.040901836,40,111,Comercio al por menor de artículos para la limpieza | Comercio al por menor en ferreterías y tlapalerías | Comercio al por menor de pintura | Comercio al por menor de artículos para albercas y otros artículos | Comercio al por menor de vidrios y espejos,39.92015968,110.7784431,57.04148503,43.41389112
20,296,955,20296,955,957,0.997910136,1,2.5,Comercio al por menor en ferreterías y tlapalerías,10.47120419,26.17801047,54.55137142,149.575138
20,297,2751,20297,2751,2752,0.999636628,1,2.5,Comercio al por menor en ferreterías y tlapalerías,3.635041803,9.087604507,47.56693845,117.7098755
20,298,13587,20298,3933,13598,0.289233711,15,48.5,Comercio al por menor de pisos y recubrimientos cerámicos | Comercio al por menor de pintura | Comercio al por menor en ferreterías y tlapalerías | Comercio al por menor de artículos para la limpieza | Comercio al por menor de vidrios y espejos,11.03996467,35.69588577,53.43138665,281.0026452
20,299,1125,20299,1125,1125,1,4,15.5,Comercio al por menor en ferreterías y tlapalerías,35.55555556,137.7777778,53.60689433,35.47536287
20,300,6632,20300,1710,6639,0.257568911,2,10.5,Comercio al por menor en ferreterías y tlapalerías,3.015681544,15.83232811,50.80114683,121.8319483
20,301,1594,20301,1594,1598,0.997496871,5,12.5,Comercio al por menor en ferreterías y tlapalerías | Comercio al por menor de artículos para la limpieza,31.36762861,78.41907152,52.78939279,8.90300329
20,302,4559,20302,1830,4566,0.400788436,1,2.5,Comercio al por menor en ferreterías y tlapalerías,2.193463479,5.483658697,48.39960981,74.63432014
20,303,1081,20303,1081,1081,1,6,15,Comercio al por menor en ferreterías y tlapalerías | Comercio al por menor de pintura | Comercio al por menor de vidrios y espejos,55.50416281,138.760407,52.94162504,2.817247036
20,304,716,20304,716,722,0.991689751,0,0,NA,0,0,51.59147957,94.6755102
20,305,4333,20305,68,4345,0.015650173,7,17.5,Comercio al por menor de artículos para la limpieza | Comercio al por menor de pintura | Comercio al por menor en ferreterías y tlapalerías | Comercio al por menor de vidrios y espejos,16.15508885,40.38772213,56.45573808,46.98775108
20,306,4654,20306,4654,4679,0.994656978,4,10,Comercio al por menor en ferreterías y tlapalerías,8.594757198,21.486893,48.1619717,74.91858058
20,307,9735,20307,9735,9747,0.998768852,5,12.5,Comercio al por menor en ferreterías y tlapalerías | Comercio al por menor de artículos para la limpieza | Comercio al por menor de vidrios y espejos,5.136106831,12.84026708,52.24208646,698.4721466
20,308,3307,20308,60,3318,0.018083183,3,7.5,Comercio al por menor en ferreterías y tlapalerías,9.071666163,22.67916541,51.99268217,26.63564845
20,309,10368,20309,6928,10368,0.668209877,4,10,Comercio al por menor en ferreterías y tlapalerías,3.858024691,9.645061728,46.98581397,101.6487839
20,310,14552,20310,10664,14565,0.732166152,12,30,Comercio al por menor de artículos para la limpieza | Comercio al por menor de artículos para albercas y otros artículos | Comercio al por menor en ferreterías y tlapalerías | Comercio al por menor de pintura,8.24628917,20.61572292,48.72656833,25.75733448
20,311,483,20311,483,484,0.997933884,0,0,NA,0,0,47.82301091,51.50325096
20,312,11279,20312,6893,11281,0.611027391,5,12.5,Comercio al por menor de artículos para la limpieza | Comercio al por menor en ferreterías y tlapalerías,4.433017111,11.08254278,46.96072717,85.48857253
20,313,730,20313,730,739,0.98782138,0,0,NA,0,0,50.63472124,69.37217931
20,314,1755,20314,1755,1771,0.990965556,5,12.5,Comercio al por menor en ferreterías y tlapalerías | Comercio al por menor de artículos para la limpieza,28.49002849,71.22507123,54.09399341,58.51140834
20,315,1899,20315,1899,1899,1,1,2.5,Comercio al por menor en ferreterías y tlapalerías,5.265929437,13.16482359,47.13806113,7.599501238
20,316,738,20316,738,738,1,1,2.5,Comercio al por menor en ferreterías y tlapalerías,13.5501355,33.87533875,53.5344254,121.5317414
20,317,1257,20317,1257,1266,0.992890995,1,2.5,Comercio al por menor en ferreterías y tlapalerías,7.955449483,19.88862371,51.85386266,81.89894837
20,318,49780,20318,8080,49823,0.162174096,135,547.5,Comercio al por menor de artículos para albercas y otros artículos | Comercio al por menor de vidrios y espejos | Comercio al por menor de artículos para la limpieza | Comercio al por menor en ferreterías y tlapalerías | Comercio al por menor de pintura | Comercio al por menor de pisos y recubrimientos cerámicos,27.11932503,109.9839293,55.09030641,327.5399678
20,319,972,20319,972,976,0.995901639,0,0,NA,0,0,51.05601281,155.4293368
20,320,706,20320,706,706,1,0,0,NA,0,0,53.12930593,26.43642367
20,321,751,20321,751,763,0.984272608,0,0,NA,0,0,52.5285453,109.4838995
20,322,786,20322,786,786,1,0,0,NA,0,0,47.40970942,6.582289476
20,323,2404,20323,2404,2404,1,1,2.5,Comercio al por menor en ferreterías y tlapalerías,4.159733777,10.39933444,51.65062036,42.18932537
20,324,48204,20324,31142,48300,0.644761905,61,221.5,Comercio al por menor en ferreterías y tlapalerías | Comercio al por menor de artículos para albercas y otros artículos | Comercio al por menor de vidrios y espejos | Comercio al por menor de pintura | Comercio al por menor de artículos para la limpieza,12.65455149,45.95054352,52.17871697,448.7011607
20,325,11930,20325,4206,11949,0.351995983,18,45,Comercio al por menor de vidrios y espejos | Comercio al por menor en ferreterías y tlapalerías | Comercio al por menor de artículos para la limpieza | Comercio al por menor de artículos para albercas y otros artículos,15.08801341,37.72003353,48.66180004,565.7122262
20,326,5052,20326,5052,5066,0.997236478,3,7.5,Comercio al por menor en ferreterías y tlapalerías | Comercio al por menor de pintura | Comercio al por menor de vidrios y espejos,5.93824228,14.8456057,49.01096468,152.0581354
20,327,15479,20327,7325,15778,0.464254025,11,38.5,Comercio al por menor de vidrios y espejos | Comercio al por menor de artículos para la limpieza | Comercio al por menor en ferreterías y tlapalerías | Comercio al por menor de pintura,7.106402222,24.87240778,52.90074821,998.5314324
20,328,1441,20328,1441,1444,0.997922438,0,0,NA,0,0,49.7217062,98.71695749
20,329,1153,20329,1153,1153,1,0,0,NA,0,0,50.88272021,93.17548648
20,330,4296,20330,4296,4300,0.999069767,1,2.5,Comercio al por menor en ferreterías y tlapalerías,2.327746741,5.819366853,51.71730196,148.4134871
20,331,982,20331,982,982,1,1,2.5,Comercio al por menor de artículos para la limpieza,10.18329939,25.45824847,51.43196584,45.97216788
20,332,373,20332,373,373,1,0,0,NA,0,0,54.27642323,32.8289375
20,333,3294,20333,3294,3303,0.997275204,5,12.5,Comercio al por menor en ferreterías y tlapalerías | Comercio al por menor de artículos para la limpieza,15.17911354,37.94778385,54.97878962,403.0666359
20,334,50541,20334,24734,50821,0.486688574,80,238.5,Comercio al por menor de artículos para la limpieza | Comercio al por menor de pintura | Comercio al por menor en ferreterías y tlapalerías | Comercio al por menor de artículos para albercas y otros artículos | Comercio al por menor de pisos y recubrimientos cerámicos | Comercio al por menor de vidrios y espejos,15.82873311,47.18941058,52.89435926,1223.729333
20,335,867,20335,867,867,1,0,0,NA,0,0,51.8210831,28.15242483
20,336,1697,20336,1697,1701,0.997648442,1,2.5,Comercio al por menor en ferreterías y tlapalerías,5.892751915,14.73187979,52.83518031,165.2951663
20,337,5616,20337,5616,5635,0.996628217,16,74.5,Comercio al por menor en ferreterías y tlapalerías | Comercio al por menor de pintura | Comercio al por menor de pisos y recubrimientos cerámicos | Comercio al por menor de artículos para la limpieza | Comercio al por menor de vidrios y espejos,28.49002849,132.6566952,47.22933199,171.9867972
20,338,10361,20338,2364,10361,0.228163305,21,52.5,Comercio al por menor de pintura | Comercio al por menor en ferreterías y tlapalerías | Comercio al por menor de artículos para la limpieza | Comercio al por menor de vidrios y espejos,20.26831387,50.67078467,56.98210964,8.257650742
20,339,4353,20339,4353,4365,0.997250859,12,35.5,Comercio al por menor de pintura | Comercio al por menor en ferreterías y tlapalerías | Comercio al por menor de artículos para la limpieza | Comercio al por menor de vidrios y espejos,27.56719504,81.55295199,55.63415828,178.7741723
20,340,1747,20340,1747,1771,0.986448334,1,2.5,Comercio al por menor en ferreterías y tlapalerías,5.724098454,14.31024614,52.70852081,179.8758133
20,341,241,20341,241,241,1,0,0,NA,0,0,53.36293365,29.81093864
20,342,4105,20342,4105,4105,1,3,7.5,Comercio al por menor en ferreterías y tlapalerías | Comercio al por menor de artículos para la limpieza,7.30816078,18.27040195,56.63178385,8.235737049
20,343,1999,20343,1999,2011,0.994032819,4,10,Comercio al por menor en ferreterías y tlapalerías,20.010005,50.02501251,54.13687919,15.39898669
20,344,2809,20344,2809,2820,0.996099291,0,0,NA,0,0,50.82088667,208.0831633
20,345,4188,20345,4188,4193,0.998807536,1,2.5,Comercio al por menor en ferreterías y tlapalerías,2.387774594,5.969436485,51.8781527,98.65090508
20,346,1542,20346,1542,1542,1,7,17.5,Comercio al por menor en ferreterías y tlapalerías | Comercio al por menor de artículos para la limpieza | Comercio al por menor de vidrios y espejos,45.39559014,113.4889754,52.50986985,44.06947826
20,347,4202,20347,4202,4202,1,4,10,Comercio al por menor en ferreterías y tlapalerías | Comercio al por menor de pintura,9.519276535,23.79819134,52.95614602,106.7308511
20,348,8192,20348,5484,8229,0.666423624,6,15,Comercio al por menor en ferreterías y tlapalerías | Comercio al por menor de artículos para la limpieza | Comercio al por menor de pintura,7.32421875,18.31054688,50.796408,231.0672131
20,349,2189,20349,2189,2204,0.993194192,2,5,Comercio al por menor en ferreterías y tlapalerías,9.136592051,22.84148013,52.04702516,30.54716464
20,350,16878,20350,56,16895,0.00331459,38,135,Comercio al por menor de pintura | Comercio al por menor en ferreterías y tlapalerías | Comercio al por menor de vidrios y espejos | Comercio al por menor de artículos para la limpieza | Comercio al por menor de artículos para albercas y otros artículos,22.51451594,79.98578031,60.77810729,7.341806743
20,351,2802,20351,2802,2802,1,1,2.5,Comercio al por menor en ferreterías y tlapalerías,3.568879372,8.92219843,51.73448702,50.99682792
20,352,4940,20352,4940,4940,1,0,0,NA,0,0,46.0418417,46.03979626
20,353,2406,20353,2406,2406,1,0,0,NA,0,0,52.50336128,55.00395896
20,354,477,20354,477,491,0.971486762,0,0,NA,0,0,48.48287291,14.99451735
20,355,681,20355,681,694,0.981268012,0,0,NA,0,0,50.80646707,41.20266737
20,356,2179,20356,2179,2179,1,6,15,Comercio al por menor de vidrios y espejos | Comercio al por menor en ferreterías y tlapalerías | Comercio al por menor de artículos para la limpieza,27.53556677,68.83891693,53.01942017,27.92896882
20,357,848,20357,848,848,1,0,0,NA,0,0,52.80524128,172.9476979
20,358,1958,20358,1958,1958,1,0,0,NA,0,0,52.28965942,46.8001648
20,359,637,20359,637,637,1,0,0,NA,0,0,50.94796586,46.38772597
20,360,3981,20360,1102,3990,0.276190476,5,12.5,Comercio al por menor en ferreterías y tlapalerías | Comercio al por menor de artículos para la limpieza,12.55965838,31.39914594,52.0155293,26.86962066
20,361,825,20361,825,825,1,0,0,NA,0,0,50.25774991,51.4263893
20,362,1495,20362,1495,1497,0.998663995,0,0,NA,0,0,53.35642259,25.69678664
20,363,2675,20363,2675,2692,0.993684993,1,2.5,Comercio al por menor en ferreterías y tlapalerías,3.738317757,9.345794393,54.52422688,220.2975083
20,364,18654,20364,10570,18700,0.565240642,22,55,Comercio al por menor de pintura | Comercio al por menor en ferreterías y tlapalerías | Comercio al por menor de pisos y recubrimientos cerámicos | Comercio al por menor de vidrios y espejos,11.79371717,29.48429291,52.22771258,641.1683647
20,365,1059,20365,1059,1068,0.991573034,1,2.5,Comercio al por menor en ferreterías y tlapalerías,9.442870633,23.60717658,53.49155315,101.2144787
20,366,3676,20366,693,3703,0.187145558,8,20,Comercio al por menor de artículos para la limpieza | Comercio al por menor en ferreterías y tlapalerías,21.76278564,54.40696409,50.24598861,127.3382582
20,367,4582,20367,56,4600,0.012173913,4,10,Comercio al por menor en ferreterías y tlapalerías | Comercio al por menor de artículos para la limpieza,8.729812309,21.82453077,48.41070115,51.44806092
20,368,2067,20368,2067,2068,0.999516441,0,0,NA,0,0,52.22566564,36.42319692
20,369,2193,20369,2193,2200,0.996818182,4,10,Comercio al por menor en ferreterías y tlapalerías | Comercio al por menor de artículos para la limpieza | Comercio al por menor de vidrios y espejos,18.23985408,45.5996352,54.1772143,20.72571763
20,370,662,20370,662,678,0.97640118,2,5,Comercio al por menor en ferreterías y tlapalerías,30.21148036,75.52870091,54.59082149,38.61695272
20,371,986,20371,986,986,1,2,5,Comercio al por menor en ferreterías y tlapalerías,20.28397566,50.70993915,50.954893,29.8287043
20,372,1316,20372,1316,1316,1,2,5,Comercio al por menor en ferreterías y tlapalerías,15.19756839,37.99392097,48.27171773,38.34881791
20,373,403,20373,403,404,0.997524752,0,0,NA,0,0,50.80575225,118.1164353
20,374,1645,20374,1645,1645,1,1,2.5,Comercio al por menor en ferreterías y tlapalerías,6.079027356,15.19756839,47.60363167,7.081354952
20,375,13200,20375,0,13200,0,19,47.5,Comercio al por menor de artículos para la limpieza | Comercio al por menor en ferreterías y tlapalerías | Comercio al por menor de pintura | Comercio al por menor de vidrios y espejos,14.39393939,35.98484848,58.53479699,2.277703156
20,376,365,20376,365,365,1,1,2.5,Comercio al por menor en ferreterías y tlapalerías,27.39726027,68.49315068,52.2445262,18.37063417
20,377,10860,20377,10860,10992,0.987991266,5,12.5,Comercio al por menor en ferreterías y tlapalerías | Comercio al por menor de pintura | Comercio al por menor de pisos y recubrimientos cerámicos,4.604051565,11.51012891,49.31774989,565.6918406
20,378,3720,20378,3720,3735,0.995983936,3,13,Comercio al por menor en ferreterías y tlapalerías,8.064516129,34.94623656,51.90254396,46.98771218
20,379,2951,20379,2951,2951,1,2,5,Comercio al por menor de artículos para la limpieza | Comercio al por menor en ferreterías y tlapalerías,6.777363606,16.94340901,51.68259463,43.61959516
20,380,2242,20380,2242,2242,1,3,7.5,Comercio al por menor en ferreterías y tlapalerías,13.3809099,33.45227475,54.06306397,14.80367186
20,381,2940,20381,2940,2940,1,1,2.5,Comercio al por menor de artículos para la limpieza,3.401360544,8.503401361,54.53568581,27.51581192
20,382,1182,20382,1182,1196,0.988294314,1,2.5,Comercio al por menor en ferreterías y tlapalerías,8.460236887,21.15059222,52.48849611,47.52347908
20,383,595,20383,595,595,1,0,0,NA,0,0,53.14425856,21.79127922
20,384,4794,20384,826,4800,0.172083333,0,0,NA,0,0,50.89537335,57.14616913
20,385,100402,20385,13286,100404,0.132325405,157,519.5,Comercio al por menor de pintura | Comercio al por menor de artículos para la limpieza | Comercio al por menor de vidrios y espejos | Comercio al por menor en ferreterías y tlapalerías | Comercio al por menor de pisos y recubrimientos cerámicos | Comercio al por menor de artículos para albercas y otros artículos,15.6371387,51.74199717,56.69612614,41.3885242
20,386,19079,20386,19079,19083,0.999790389,5,12.5,Comercio al por menor en ferreterías y tlapalerías,2.620682426,6.551706064,47.35494324,485.7320168
20,387,2891,20387,344,2893,0.118907708,9,22.5,Comercio al por menor en ferreterías y tlapalerías | Comercio al por menor de artículos para albercas y otros artículos | Comercio al por menor de artículos para la limpieza,31.13109651,77.82774127,53.98890975,30.44898814
20,388,2809,20388,2809,2854,0.984232656,0,0,NA,0,0,49.28785999,49.20979838
20,389,908,20389,908,908,1,0,0,NA,0,0,50.62679664,2.419821522
20,390,50362,20390,0,50362,0,120,380,Comercio al por menor en ferreterías y tlapalerías | Comercio al por menor de artículos para la limpieza | Comercio al por menor de pintura | Comercio al por menor de artículos para albercas y otros artículos | Comercio al por menor de vidrios y espejos | Comercio al por menor de materiales para la construcción en tiendas de autoservicio especializadas,23.82748898,75.4537151,59.23767508,9.451867307
20,391,3375,20391,3375,3383,0.997635235,1,2.5,Comercio al por menor de materiales para la construcción en tiendas de autoservicio especializadas,2.962962963,7.407407407,46.26490061,70.34085786
20,392,6726,20392,6726,6726,1,3,7.5,Comercio al por menor en ferreterías y tlapalerías | Comercio al por menor de artículos para la limpieza,4.460303301,11.15075825,47.48207801,156.6965226
20,393,4173,20393,79,4180,0.018899522,3,7.5,Comercio al por menor en ferreterías y tlapalerías,7.18907261,17.97268152,51.84443187,11.70852857
20,394,2796,20394,2796,2797,0.999642474,2,5,Comercio al por menor en ferreterías y tlapalerías,7.153075823,17.88268956,51.35733456,98.68192774
20,395,1629,20395,1629,1632,0.998161765,0,0,NA,0,0,45.90897679,80.4732861
20,396,3259,20396,3259,3259,1,1,2.5,Comercio al por menor en ferreterías y tlapalerías,3.068425898,7.671064744,44.84223913,7.577697805
20,397,40123,20397,21208,40154,0.528166559,118,358.5,Comercio al por menor de vidrios y espejos | Comercio al por menor de artículos para la limpieza | Comercio al por menor de pintura | Comercio al por menor de artículos para albercas y otros artículos | Comercio al por menor en ferreterías y tlapalerías | Comercio al por menor de pisos y recubrimientos cerámicos | Comercio al por menor de materiales para la construcción en tiendas de autoservicio especializadas,29.40956559,89.35024799,54.56302,346.8475634
20,398,4874,20398,852,4892,0.174161897,15,37.5,Comercio al por menor de pisos y recubrimientos cerámicos | Comercio al por menor en ferreterías y tlapalerías | Comercio al por menor de pintura | Comercio al por menor de artículos para la limpieza | Comercio al por menor de artículos para albercas y otros artículos | Comercio al por menor de vidrios y espejos,30.7755437,76.93885925,52.63693041,104.7436008
20,399,41921,20399,13335,41931,0.318022465,48,125.5,Comercio al por menor de vidrios y espejos | Comercio al por menor de artículos para la limpieza | Comercio al por menor de pintura | Comercio al por menor en ferreterías y tlapalerías | Comercio al por menor de artículos para albercas y otros artículos,11.45010854,29.93726295,55.85409743,31.34769689
20,400,1713,20400,1713,1714,0.999416569,3,7.5,Comercio al por menor en ferreterías y tlapalerías,17.51313485,43.78283713,53.16803117,95.03099212
20,401,27046,20401,16414,27075,0.606241921,35,133,Comercio al por menor de pintura | Comercio al por menor de artículos para albercas y otros artículos | Comercio al por menor en ferreterías y tlapalerías | Comercio al por menor de artículos para la limpieza | Comercio al por menor de vidrios y espejos | Comercio al por menor de pisos y recubrimientos cerámicos,12.94091548,49.17547881,53.75640047,417.5504019
20,402,1067,20402,1067,1074,0.993482309,2,5,Comercio al por menor en ferreterías y tlapalerías,18.74414246,46.86035614,51.42954692,81.67621955
20,403,3751,20403,758,3764,0.201381509,7,17.5,Comercio al por menor en ferreterías y tlapalerías | Comercio al por menor de artículos para la limpieza | Comercio al por menor de pintura | Comercio al por menor de vidrios y espejos | Comercio al por menor de pisos y recubrimientos cerámicos,18.66169022,46.65422554,56.17218482,6.551735131
20,404,761,20404,761,763,0.997378768,0,0,NA,0,0,55.62399201,61.80785012
20,405,1815,20405,1815,1829,0.992345544,6,20.5,Comercio al por menor en ferreterías y tlapalerías,33.05785124,112.9476584,53.39449944,174.8795398
20,406,21469,20406,21469,21494,0.998836885,14,40.5,Comercio al por menor en ferreterías y tlapalerías | Comercio al por menor de pisos y recubrimientos cerámicos | Comercio al por menor de artículos para la limpieza | Comercio al por menor de pintura | Comercio al por menor de vidrios y espejos,6.521030323,18.86440915,40.81128407,282.7988596
20,407,9578,20407,7062,9628,0.733485667,2,5,Comercio al por menor en ferreterías y tlapalerías,2.088118605,5.220296513,48.80814082,4556.501991
20,408,499,20408,499,499,1,0,0,NA,0,0,53.36519557,25.22424418
20,409,8939,20409,671,8964,0.074854975,18,45,Comercio al por menor de artículos para la limpieza | Comercio al por menor en ferreterías y tlapalerías | Comercio al por menor de vidrios y espejos,20.13648059,50.34120148,59.15209893,16.83185337
20,410,3418,20410,3418,3424,0.998247664,0,0,NA,0,0,52.82626048,542.9731292
20,411,908,20411,908,918,0.989106754,0,0,NA,0,0,55.27973935,7.391809584
20,412,3178,20412,3178,3236,0.982076638,3,7.5,Comercio al por menor en ferreterías y tlapalerías,9.439899308,23.59974827,50.30963516,390.4010474
20,413,50862,20413,16269,50895,0.31965812,91,538.5,Comercio al por menor de pintura | Comercio al por menor en ferreterías y tlapalerías | Comercio al por menor de artículos para albercas y otros artículos | Comercio al por menor de pisos y recubrimientos cerámicos | Comercio al por menor de artículos para la limpieza | Comercio al por menor de vidrios y espejos | Comercio al por menor de materiales para la construcción en tiendas de autoservicio especializadas,17.89154968,105.8747198,55.61065253,516.7284986
20,414,11995,20414,4025,12035,0.334441213,5,18,Comercio al por menor en ferreterías y tlapalerías,4.168403501,15.00625261,52.80277784,277.0866454
20,415,4878,20415,4878,4878,1,3,13,Comercio al por menor en ferreterías y tlapalerías,6.150061501,26.6502665,52.71079829,167.944303
20,416,461,20416,461,461,1,0,0,NA,0,0,50.83903779,177.0753031
20,417,9682,20417,9682,9715,0.996603191,5,12.5,Comercio al por menor en ferreterías y tlapalerías | Comercio al por menor de artículos para la limpieza,5.164222268,12.91055567,51.4458805,323.8825603
20,418,11735,20418,2777,11747,0.236400783,10,30.5,Comercio al por menor de pintura | Comercio al por menor en ferreterías y tlapalerías | Comercio al por menor de vidrios y espejos,8.52151683,25.99062633,54.79008263,732.3607028
20,419,592,20419,592,595,0.994957983,0,0,NA,0,0,55.4138188,53.92720095
20,420,1679,20420,1679,1679,1,1,2.5,Comercio al por menor en ferreterías y tlapalerías,5.955926147,14.88981537,50.09453248,49.78171196
20,421,4690,20421,1039,4701,0.221016805,8,20,Comercio al por menor de artículos para la limpieza | Comercio al por menor en ferreterías y tlapalerías | Comercio al por menor de vidrios y espejos,17.0575693,42.64392324,54.71774615,148.4332469
20,422,603,20422,603,623,0.967897271,0,0,NA,0,0,54.435796,43.06746001
20,423,453,20423,453,518,0.874517375,0,0,NA,0,0,51.89016314,76.84251986
20,424,3793,20424,3793,3841,0.987503254,1,2.5,Comercio al por menor en ferreterías y tlapalerías,2.636435539,6.591088848,50.12313608,146.1062477
20,425,2058,20425,2058,2058,1,0,0,NA,0,0,51.42999642,55.72548478
20,426,8967,20426,8967,8967,1,3,7.5,Comercio al por menor en ferreterías y tlapalerías,3.345600535,8.364001338,48.6004743,233.6086797
20,427,16706,20427,11442,16723,0.684207379,0,0,NA,0,0,53.04810712,156.0923373
20,428,2224,20428,2224,2224,1,1,2.5,Comercio al por menor en ferreterías y tlapalerías,4.496402878,11.24100719,50.23020123,161.4909871
20,429,1516,20429,1516,1518,0.998682477,2,5,Comercio al por menor en ferreterías y tlapalerías,13.19261214,32.98153034,50.78998031,52.22652961
20,430,317,20430,317,317,1,0,0,NA,0,0,53.0337429,37.10819075
20,431,1830,20431,1830,1830,1,2,5,Comercio al por menor en ferreterías y tlapalerías | Comercio al por menor de artículos para la limpieza,10.92896175,27.32240437,53.91549452,370.707767
20,432,903,20432,903,903,1,1,2.5,Comercio al por menor en ferreterías y tlapalerías,11.07419712,27.6854928,54.94349878,13.19140614
20,433,2694,20433,2694,2694,1,1,2.5,Comercio al por menor en ferreterías y tlapalerías,3.711952487,9.279881218,47.6199912,34.90921115
20,434,3985,20434,3985,3995,0.997496871,1,2.5,Comercio al por menor en ferreterías y tlapalerías,2.509410289,6.273525721,49.70145751,36.65080106
20,435,3576,20435,3576,3576,1,3,13,Comercio al por menor en ferreterías y tlapalerías,8.389261745,36.35346756,48.48459284,84.64657115
20,436,896,20436,896,900,0.995555556,0,0,NA,0,0,45.09278338,35.41936372
20,437,9653,20437,6128,9653,0.634828551,9,22.5,Comercio al por menor de artículos para la limpieza | Comercio al por menor en ferreterías y tlapalerías,9.323526365,23.30881591,50.36606097,153.2815502
20,438,1839,20438,1839,1846,0.996208017,2,10.5,Comercio al por menor en ferreterías y tlapalerías,10.8754758,57.09624796,50.29641766,24.08995598
20,439,25347,20439,22702,25347,0.8956484,26,92.5,Comercio al por menor de pintura | Comercio al por menor en ferreterías y tlapalerías | Comercio al por menor de artículos para la limpieza | Comercio al por menor de artículos para albercas y otros artículos | Comercio al por menor de materiales para la construcción en tiendas de autoservicio especializadas | Comercio al por menor de vidrios y espejos,10.25762418,36.49347063,48.79822052,526.092477
20,440,812,20440,812,812,1,0,0,NA,0,0,52.54176178,114.3881793
20,441,9234,20441,602,9284,0.06484274,11,27.5,Comercio al por menor de pintura | Comercio al por menor en ferreterías y tlapalerías | Comercio al por menor de artículos para la limpieza | Comercio al por menor de vidrios y espejos,11.91249729,29.78124323,53.26204224,86.45149022
20,442,250,20442,250,250,1,0,0,NA,0,0,53.75633339,48.28865
20,443,434,20443,434,434,1,0,0,NA,0,0,55.87590463,87.69941158
20,444,481,20444,481,488,0.985655738,0,0,NA,0,0,53.7290544,17.96104075
20,445,1699,20445,1699,1699,1,0,0,NA,0,0,53.55353142,33.63458686
20,446,6008,20446,6008,6018,0.998338318,0,0,NA,0,0,52.51731774,73.14361716
20,447,17100,20447,11139,17104,0.651251169,17,53.5,Comercio al por menor de vidrios y espejos | Comercio al por menor en ferreterías y tlapalerías | Comercio al por menor de pintura | Comercio al por menor de artículos para albercas y otros artículos | Comercio al por menor de artículos para la limpieza | Comercio al por menor de pisos y recubrimientos cerámicos,9.941520468,31.28654971,51.83778543,502.1999213
20,448,2469,20448,2469,2475,0.997575758,2,5,Comercio al por menor en ferreterías y tlapalerías | Comercio al por menor de materiales para la construcción en tiendas de autoservicio especializadas,8.100445525,20.25111381,48.34427039,158.0471915
20,449,3294,20449,3294,3314,0.993964997,5,12.5,Comercio al por menor en ferreterías y tlapalerías | Comercio al por menor de artículos para albercas y otros artículos,15.17911354,37.94778385,52.14956717,417.2163485
20,450,13855,20450,13855,13866,0.999206693,7,23,Comercio al por menor en ferreterías y tlapalerías | Comercio al por menor de artículos para la limpieza | Comercio al por menor de vidrios y espejos,5.05232768,16.60050523,44.11864317,207.9690433
20,451,1019,20451,1019,1022,0.997064579,0,0,NA,0,0,44.42913675,85.76287287
20,452,4421,20452,600,4427,0.135531963,6,15,Comercio al por menor en ferreterías y tlapalerías | Comercio al por menor de artículos para la limpieza,13.57159014,33.92897534,48.40402645,17.6565751
20,453,3918,20453,3918,3920,0.999489796,5,12.5,Comercio al por menor en ferreterías y tlapalerías | Comercio al por menor de vidrios y espejos,12.76161307,31.90403267,52.25696109,187.1864389
20,454,3556,20454,3556,3564,0.997755331,2,5,Comercio al por menor en ferreterías y tlapalerías,5.624296963,14.06074241,50.17769739,70.91363045
20,455,2904,20455,2904,2906,0.999311769,5,12.5,Comercio al por menor en ferreterías y tlapalerías | Comercio al por menor de artículos para la limpieza,17.21763085,43.04407713,49.92342298,89.71043749
20,456,1667,20456,1667,1669,0.998801678,1,2.5,Comercio al por menor en ferreterías y tlapalerías,5.99880024,14.9970006,52.1929545,38.67267526
20,457,3346,20457,3346,3347,0.999701225,1,2.5,Comercio al por menor en ferreterías y tlapalerías,2.988643156,7.47160789,51.73419155,312.0590586
20,458,1157,20458,1157,1169,0.989734816,1,2.5,Comercio al por menor en ferreterías y tlapalerías,8.643042351,21.60760588,54.52138604,204.0297923
20,459,4877,20459,4877,4885,0.998362334,7,17.5,Comercio al por menor de vidrios y espejos | Comercio al por menor en ferreterías y tlapalerías | Comercio al por menor de pintura | Comercio al por menor de artículos para la limpieza,14.35308591,35.88271478,54.17734302,324.282094
20,460,5242,20460,5242,5245,0.999428027,1,2.5,Comercio al por menor en ferreterías y tlapalerías,1.907668829,4.769172072,49.49883048,311.2244287
20,461,527,20461,527,535,0.985046729,0,0,NA,0,0,49.62088295,38.43392033
20,462,4600,20462,4600,4621,0.995455529,2,5,Comercio al por menor en ferreterías y tlapalerías | Comercio al por menor de artículos para la limpieza,4.347826087,10.86956522,54.7586372,110.5585716
20,463,525,20463,525,544,0.965073529,0,0,NA,0,0,53.08193042,100.7695034
20,464,341,20464,341,344,0.99127907,1,2.5,Comercio al por menor en ferreterías y tlapalerías,29.3255132,73.31378299,53.02052892,46.11203875
20,465,1636,20465,1636,1652,0.99031477,2,5,Comercio al por menor en ferreterías y tlapalerías,12.22493888,30.56234719,50.21388244,122.3421047
20,466,13880,20466,13880,13905,0.998202086,7,17.5,Comercio al por menor en ferreterías y tlapalerías | Comercio al por menor de artículos para la limpieza,5.043227666,12.60806916,43.74812135,457.7542322
20,467,19112,20467,8725,19161,0.455352017,24,65.5,Comercio al por menor en ferreterías y tlapalerías | Comercio al por menor de pintura | Comercio al por menor de vidrios y espejos | Comercio al por menor de pisos y recubrimientos cerámicos,12.55755546,34.27166178,52.84571548,641.6685402
20,468,14198,20468,14198,14218,0.998593332,5,12.5,Comercio al por menor en ferreterías y tlapalerías,3.521622764,8.804056909,49.86498447,618.4952975
20,469,34735,20469,24124,34743,0.694355698,64,182,Comercio al por menor de vidrios y espejos | Comercio al por menor en ferreterías y tlapalerías | Comercio al por menor de artículos para albercas y otros artículos | Comercio al por menor de pintura | Comercio al por menor de pisos y recubrimientos cerámicos | Comercio al por menor de artículos para la limpieza,18.42521952,52.39671801,49.14089285,775.0187281
20,470,4394,20470,4394,4437,0.990308767,3,7.5,Comercio al por menor en ferreterías y tlapalerías,6.827492035,17.06873009,50.68756416,434.1764856
20,471,431,20471,431,440,0.979545455,0,0,NA,0,0,54.12987865,25.61408721
20,472,3361,20472,540,3372,0.160142349,2,5,Comercio al por menor en ferreterías y tlapalerías | Comercio al por menor de vidrios y espejos,5.950609938,14.87652484,55.12688086,263.9708555
20,473,1291,20473,1291,1291,1,0,0,NA,0,0,54.65162422,117.4071096
20,474,3440,20474,3440,3442,0.999418942,4,10,Comercio al por menor en ferreterías y tlapalerías | Comercio al por menor de artículos para la limpieza,11.62790698,29.06976744,52.35420384,110.8176101
20,475,10175,20475,2053,10182,0.201630328,30,75,Comercio al por menor en ferreterías y tlapalerías | Comercio al por menor de pintura | Comercio al por menor de artículos para la limpieza | Comercio al por menor de vidrios y espejos,29.48402948,73.71007371,51.3465944,184.2841898
20,476,421,20476,421,421,1,1,2.5,Comercio al por menor en ferreterías y tlapalerías,23.75296912,59.3824228,53.65610672,51.66805764
20,477,1327,20477,1327,1349,0.983691623,0,0,NA,0,0,50.76900229,198.991656
20,478,1599,20478,1599,1622,0.985819975,1,2.5,Comercio al por menor de artículos para la limpieza,6.253908693,15.63477173,52.98765345,204.449027
20,479,174,20479,174,179,0.972067039,0,0,NA,0,0,53.25122532,20.45553671
20,480,1351,20480,1351,1357,0.995578482,0,0,NA,0,0,48.02304596,71.37152462
20,481,1898,20481,1898,1901,0.998421883,2,5,Comercio al por menor en ferreterías y tlapalerías,10.5374078,26.34351949,52.31342935,58.19142197
20,482,55840,20482,22114,56018,0.394765968,94,347,Comercio al por menor en ferreterías y tlapalerías | Comercio al por menor de vidrios y espejos | Comercio al por menor de artículos para la limpieza | Comercio al por menor de pintura | Comercio al por menor de pisos y recubrimientos cerámicos | Comercio al por menor de artículos para albercas y otros artículos,16.83381089,62.14183381,52.51998942,809.0374068
20,483,10886,20483,2613,10896,0.239812775,18,45,Comercio al por menor de vidrios y espejos | Comercio al por menor en ferreterías y tlapalerías | Comercio al por menor de artículos para la limpieza | Comercio al por menor de pintura,16.53499908,41.3374977,55.83571567,95.56615178
20,484,4458,20484,4458,4468,0.997761862,7,17.5,Comercio al por menor en ferreterías y tlapalerías | Comercio al por menor de pintura | Comercio al por menor de pisos y recubrimientos cerámicos | Comercio al por menor de artículos para la limpieza,15.70210857,39.25527142,51.60631087,200.985277
20,485,3134,20485,3134,3146,0.996185633,1,2.5,Comercio al por menor en ferreterías y tlapalerías,3.190810466,7.977026165,48.13321581,129.7976162
20,486,2419,20486,2419,2424,0.997937294,5,12.5,Comercio al por menor en ferreterías y tlapalerías | Comercio al por menor de artículos para la limpieza | Comercio al por menor de pintura,20.66969822,51.67424556,53.65055968,141.4083764
20,487,1966,20487,1966,1972,0.996957404,0,0,NA,0,0,53.04266639,109.2210879
20,488,130,20488,130,135,0.962962963,0,0,NA,0,0,54.42586915,13.56575279
20,489,4909,20489,4909,4915,0.998779247,2,5,Comercio al por menor en ferreterías y tlapalerías,4.074149521,10.1853738,50.68750803,292.2059627
20,490,2974,20490,2974,2974,1,0,0,NA,0,0,50.22370788,16.56182798
20,491,4930,20491,4930,4952,0.995557351,1,2.5,Comercio al por menor en ferreterías y tlapalerías,2.028397566,5.070993915,52.09123984,252.6255161
20,492,2764,20492,2764,2764,1,1,2.5,Comercio al por menor en ferreterías y tlapalerías,3.617945007,9.044862518,49.37928878,248.0138689
20,493,545,20493,545,554,0.983754513,0,0,NA,0,0,54.94982932,17.0697079
20,494,6300,20494,6300,6318,0.997150997,0,0,NA,0,0,48.59275979,63.20361901
20,495,3029,20495,3029,3048,0.993766404,0,0,NA,0,0,47.56927142,137.9844865
20,496,1893,20496,1893,1893,1,0,0,NA,0,0,55.94228941,63.36476707
20,497,4233,20497,0,4233,0,5,18,Comercio al por menor de materiales para la construcción en tiendas de autoservicio especializadas | Comercio al por menor en ferreterías y tlapalerías | Comercio al por menor de pintura,11.8119537,42.52303331,46.85245202,41.16483688
20,498,7593,20498,7593,8085,0.939146568,2,5,Comercio al por menor en ferreterías y tlapalerías,2.634005005,6.585012512,47.51125668,1024.224762
20,499,1922,20499,1922,1932,0.994824017,8,20,Comercio al por menor en ferreterías y tlapalerías | Comercio al por menor de vidrios y espejos | Comercio al por menor de pintura | Comercio al por menor de artículos para la limpieza,41.62330905,104.0582726,55.64867652,66.92247222
20,500,7991,20500,7991,8004,0.998375812,15,43,Comercio al por menor en ferreterías y tlapalerías | Comercio al por menor de pintura | Comercio al por menor de artículos para la limpieza | Comercio al por menor de vidrios y espejos,18.77111751,53.81053685,51.07944668,334.9472952
20,501,998,20501,998,1001,0.997002997,2,5,Comercio al por menor en ferreterías y tlapalerías | Comercio al por menor de artículos para la limpieza,20.04008016,50.1002004,52.55392671,50.12687689
20,502,5089,20502,5089,5103,0.997256516,4,10,Comercio al por menor de artículos para la limpieza | Comercio al por menor en ferreterías y tlapalerías | Comercio al por menor de artículos para albercas y otros artículos,7.860090391,19.65022598,45.79400754,213.2514114
20,503,425,20503,425,425,1,1,2.5,Comercio al por menor en ferreterías y tlapalerías,23.52941176,58.82352941,55.05676404,8.221613536
20,504,1590,20504,1590,1593,0.998116761,1,2.5,Comercio al por menor en ferreterías y tlapalerías,6.289308176,15.72327044,53.67157293,100.7395148
20,505,7681,20505,1551,7684,0.201847996,5,23.5,Comercio al por menor en ferreterías y tlapalerías,6.509569067,30.59497461,56.21391128,199.901606
20,506,798,20506,798,801,0.996254682,1,2.5,Comercio al por menor en ferreterías y tlapalerías,12.53132832,31.3283208,53.17791649,43.64853434
20,507,3155,20507,638,3157,0.202090592,2,5,Comercio al por menor en ferreterías y tlapalerías,6.339144216,15.84786054,50.78522115,144.6768421
20,508,1618,20508,1618,1631,0.99202943,1,2.5,Comercio al por menor en ferreterías y tlapalerías,6.180469716,15.45117429,55.15141386,71.29410031
20,509,11384,20509,11384,11384,1,10,30.5,Comercio al por menor en ferreterías y tlapalerías | Comercio al por menor de artículos para la limpieza | Comercio al por menor de pintura | Comercio al por menor de vidrios y espejos,8.784258609,26.79198876,47.10442702,106.0418336
20,510,760,20510,760,760,1,2,5,Comercio al por menor en ferreterías y tlapalerías,26.31578947,65.78947368,50.73431988,17.9586167
20,511,3335,20511,3335,3363,0.991674101,0,0,NA,0,0,48.24695292,146.4682195
20,512,1101,20512,1101,1115,0.987443946,0,0,NA,0,0,50.94897288,64.49466913
20,513,9027,20513,3171,9042,0.350696749,6,20.5,Comercio al por menor en ferreterías y tlapalerías | Comercio al por menor de artículos para albercas y otros artículos | Comercio al por menor de vidrios y espejos,6.646726487,22.70964883,53.12509782,340.4952908
20,514,941,20514,941,943,0.997879109,0,0,NA,0,0,47.49912116,56.28331726
20,515,67739,20515,17066,67784,0.251770329,65,253.5,Comercio al por menor de pisos y recubrimientos cerámicos | Comercio al por menor de artículos para albercas y otros artículos | Comercio al por menor en ferreterías y tlapalerías | Comercio al por menor de pintura | Comercio al por menor de artículos para la limpieza | Comercio al por menor de vidrios y espejos,9.595653907,37.42305024,55.21547608,1203.981787
20,516,5260,20516,5260,5297,0.993014914,6,15,Comercio al por menor en ferreterías y tlapalerías | Comercio al por menor de artículos para la limpieza | Comercio al por menor de materiales para la construcción en tiendas de autoservicio especializadas | Comercio al por menor de vidrios y espejos,11.40684411,28.51711027,51.87184985,225.3030932
20,517,6029,20517,6029,6038,0.99850944,9,28,Comercio al por menor en ferreterías y tlapalerías | Comercio al por menor de artículos para la limpieza | Comercio al por menor de pintura | Comercio al por menor de vidrios y espejos,14.92784873,46.44219605,46.67098903,113.7936835
20,518,113,20518,113,113,1,0,0,NA,0,0,55.07808171,11.82349524
20,519,3386,20519,395,3386,0.116656822,4,10,Comercio al por menor en ferreterías y tlapalerías | Comercio al por menor de artículos para la limpieza | Comercio al por menor de vidrios y espejos,11.81334908,29.53337271,54.53972409,30.59139756
20,520,7393,20520,7393,7411,0.997571178,14,35,Comercio al por menor de pisos y recubrimientos cerámicos | Comercio al por menor en ferreterías y tlapalerías | Comercio al por menor de pintura | Comercio al por menor de artículos para la limpieza | Comercio al por menor de vidrios y espejos,18.93683214,47.34208035,52.72088366,165.6110395
20,521,250,20521,250,274,0.912408759,0,0,NA,0,0,53.1254367,26.52179695
20,522,1205,20522,1205,1216,0.990953947,1,2.5,Comercio al por menor en ferreterías y tlapalerías,8.298755187,20.74688797,50.1929984,56.52454132
20,523,1633,20523,1633,1649,0.99029715,5,12.5,Comercio al por menor en ferreterías y tlapalerías | Comercio al por menor de vidrios y espejos,30.61849357,76.54623393,54.51649013,69.63000741
20,524,327,20524,327,327,1,0,0,NA,0,0,55.03603328,36.41145812
20,525,12483,20525,4583,12539,0.365499641,10,25,Comercio al por menor en ferreterías y tlapalerías | Comercio al por menor de vidrios y espejos | Comercio al por menor de pintura | Comercio al por menor de artículos para la limpieza,8.010894817,20.02723704,53.88572448,648.8512257
20,526,16688,20526,10812,16741,0.645839556,15,72,Comercio al por menor en ferreterías y tlapalerías | Comercio al por menor de vidrios y espejos | Comercio al por menor de artículos para la limpieza | Comercio al por menor de pintura,8.988494727,43.14477469,51.71941073,227.4012093
20,527,2490,20527,2490,2492,0.999197432,1,2.5,Comercio al por menor de artículos para la limpieza,4.016064257,10.04016064,50.87226967,83.33038706
20,528,904,20528,904,919,0.983677911,4,10,Comercio al por menor en ferreterías y tlapalerías,44.24778761,110.619469,50.96133564,52.98934795
20,529,1474,20529,1474,1474,1,0,0,NA,0,0,47.59183083,60.83837894
20,530,3923,20530,3923,3935,0.996950445,4,10,Comercio al por menor de vidrios y espejos | Comercio al por menor en ferreterías y tlapalerías | Comercio al por menor de artículos para la limpieza,10.19627836,25.4906959,49.78618172,70.27074008
20,531,2612,20531,0,2612,0,8,20,Comercio al por menor en ferreterías y tlapalerías | Comercio al por menor de artículos para la limpieza | Comercio al por menor de vidrios y espejos,30.62787136,76.56967841,54.54648341,44.06067677
20,532,4066,20532,4066,4066,1,1,2.5,Comercio al por menor en ferreterías y tlapalerías,2.459419577,6.148548942,50.22322278,80.16401761
20,533,2726,20533,2726,2738,0.995617239,3,7.5,Comercio al por menor de artículos para la limpieza | Comercio al por menor de vidrios y espejos,11.00513573,27.51283933,53.21316217,66.91164416
20,534,3512,20534,347,3515,0.098719772,3,7.5,Comercio al por menor en ferreterías y tlapalerías | Comercio al por menor de artículos para la limpieza,8.54214123,21.35535308,48.83826793,106.4690591
20,535,3227,20535,3227,3244,0.994759556,1,2.5,Comercio al por menor en ferreterías y tlapalerías,3.098853424,7.747133561,51.17402385,136.8969696
20,536,449,20536,449,449,1,1,2.5,Comercio al por menor en ferreterías y tlapalerías,22.27171492,55.67928731,54.75196719,71.40177969
20,537,6710,20537,3799,6710,0.566169896,12,30,Comercio al por menor de pintura | Comercio al por menor en ferreterías y tlapalerías | Comercio al por menor de artículos para albercas y otros artículos | Comercio al por menor de vidrios y espejos,17.88375559,44.70938897,52.38514299,431.5005004
20,538,713,20538,713,720,0.990277778,0,0,NA,0,0,53.39168387,18.30097752
20,539,6348,20539,2169,6348,0.34168242,12,30,Comercio al por menor en ferreterías y tlapalerías | Comercio al por menor de artículos para la limpieza | Comercio al por menor de materiales para la construcción en tiendas de autoservicio especializadas,18.90359168,47.25897921,55.06696439,12.48543743
20,540,8326,20540,1684,8339,0.201942679,26,65,Comercio al por menor en ferreterías y tlapalerías | Comercio al por menor de vidrios y espejos | Comercio al por menor de artículos para la limpieza | Comercio al por menor de pintura | Comercio al por menor de pisos y recubrimientos cerámicos,31.22748018,78.06870046,56.53934844,143.8247291
20,541,1558,20541,1558,1558,1,3,7.5,Comercio al por menor en ferreterías y tlapalerías,19.25545571,48.13863928,53.794266,22.4805308
20,542,887,20542,887,887,1,0,0,NA,0,0,53.01415425,10.79754489
20,543,6386,20543,781,6386,0.122298779,7,17.5,Comercio al por menor en ferreterías y tlapalerías,10.96147823,27.40369558,49.37469472,221.3607566
20,544,1032,20544,1032,1045,0.987559809,2,5,Comercio al por menor en ferreterías y tlapalerías,19.37984496,48.4496124,52.61822451,133.1774705
20,545,10099,20545,1630,10111,0.161210563,19,47.5,Comercio al por menor de pisos y recubrimientos cerámicos | Comercio al por menor en ferreterías y tlapalerías | Comercio al por menor de artículos para la limpieza | Comercio al por menor de pintura | Comercio al por menor de vidrios y espejos,18.81374394,47.03435984,55.69226784,143.6518683
20,546,6392,20546,1534,6401,0.239650055,9,33.5,Comercio al por menor de pintura | Comercio al por menor en ferreterías y tlapalerías | Comercio al por menor de artículos para la limpieza | Comercio al por menor de vidrios y espejos,14.08010013,52.40926158,52.06460136,108.0461627
20,547,1005,20547,1005,1016,0.989173228,3,7.5,Comercio al por menor en ferreterías y tlapalerías,29.85074627,74.62686567,54.30333712,45.76967454
20,548,1960,20548,1960,1998,0.980980981,7,17.5,Comercio al por menor en ferreterías y tlapalerías | Comercio al por menor de vidrios y espejos,35.71428571,89.28571429,49.68563586,573.1674645
20,549,11465,20549,11465,11510,0.996090356,8,20,Comercio al por menor en ferreterías y tlapalerías | Comercio al por menor de pintura | Comercio al por menor de artículos para la limpieza,6.977758395,17.44439599,51.68980381,486.4925664
20,550,5764,20550,2591,5796,0.447032436,9,22.5,Comercio al por menor en ferreterías y tlapalerías | Comercio al por menor de artículos para la limpieza,15.61415684,39.03539209,53.68708521,36.72903183
20,551,30254,20551,8464,30313,0.279220137,66,194,Comercio al por menor en ferreterías y tlapalerías | Comercio al por menor de artículos para la limpieza | Comercio al por menor de pintura | Comercio al por menor de materiales para la construcción en tiendas de autoservicio especializadas | Comercio al por menor de artículos para albercas y otros artículos | Comercio al por menor de vidrios y espejos,21.81529715,64.12375223,55.9767002,136.0284767
20,552,410,20552,410,413,0.992736077,2,10.5,Comercio al por menor en ferreterías y tlapalerías | Comercio al por menor de artículos para la limpieza,48.7804878,256.097561,54.45683704,55.79668917
20,553,12067,20553,667,12083,0.055201523,16,40,Comercio al por menor en ferreterías y tlapalerías | Comercio al por menor de vidrios y espejos | Comercio al por menor de artículos para la limpieza | Comercio al por menor de materiales para la construcción en tiendas de autoservicio especializadas,13.25930223,33.14825557,57.06848319,81.64802098
20,554,5904,20554,5904,5926,0.996287546,2,5,Comercio al por menor en ferreterías y tlapalerías,3.387533875,8.468834688,50.73115602,266.967165
20,555,3419,20555,3419,3419,1,3,7.5,Comercio al por menor en ferreterías y tlapalerías | Comercio al por menor de artículos para la limpieza,8.774495467,21.93623867,53.22723411,21.35408061
20,556,306,20556,306,306,1,0,0,NA,0,0,54.11729186,10.80286232
20,557,14542,20557,593,14581,0.040669364,16,76,Comercio al por menor de artículos para la limpieza | Comercio al por menor en ferreterías y tlapalerías | Comercio al por menor de pintura | Comercio al por menor de vidrios y espejos,11.00261312,52.26241232,57.40270019,113.2375137
20,558,1376,20558,1376,1379,0.997824511,0,0,NA,0,0,53.90575883,54.65553799
20,559,23067,20559,17255,23121,0.74629125,32,91,Comercio al por menor en ferreterías y tlapalerías | Comercio al por menor de pintura | Comercio al por menor de vidrios y espejos | Comercio al por menor de artículos para la limpieza | Comercio al por menor de pisos y recubrimientos cerámicos,13.8726319,39.45029696,53.61066342,683.711302
20,560,6467,20560,477,6472,0.073702101,6,15,Comercio al por menor en ferreterías y tlapalerías | Comercio al por menor de artículos para la limpieza,9.277872275,23.19468069,52.02658246,283.7837701
20,561,2954,20561,0,2954,0,1,2.5,Comercio al por menor en ferreterías y tlapalerías,3.385240352,8.46310088,49.83650524,60.17218715
20,562,1682,20562,1682,1682,1,2,5,Comercio al por menor en ferreterías y tlapalerías | Comercio al por menor de vidrios y espejos,11.89060642,29.72651605,53.99805528,39.05112716
20,563,1245,20563,1245,1255,0.992031873,0,0,NA,0,0,47.00434184,65.95941769
20,564,1195,20564,1195,1195,1,2,5,Comercio al por menor de artículos para la limpieza | Comercio al por menor en ferreterías y tlapalerías,16.73640167,41.84100418,50.62561695,64.18430475
20,565,46464,20565,10083,46474,0.216960021,55,166.5,Comercio al por menor de artículos para la limpieza | Comercio al por menor de pintura | Comercio al por menor en ferreterías y tlapalerías | Comercio al por menor de vidrios y espejos | Comercio al por menor de artículos para albercas y otros artículos,11.83712121,35.83419421,51.88061355,81.59178118
20,566,3144,20566,3144,3144,1,2,5,Comercio al por menor en ferreterías y tlapalerías,6.361323155,15.90330789,49.63707346,198.3176454
20,567,3382,20567,3382,3392,0.997051887,5,12.5,Comercio al por menor en ferreterías y tlapalerías | Comercio al por menor de artículos para la limpieza,14.78415139,36.96037847,48.11875764,305.1342457
20,568,1695,20568,1695,1695,1,1,2.5,Comercio al por menor en ferreterías y tlapalerías,5.899705015,14.74926254,52.70859237,43.77370943
20,569,1454,20569,1454,1483,0.980445044,1,2.5,Comercio al por menor en ferreterías y tlapalerías,6.877579092,17.19394773,49.81317053,83.83670006
20,570,22093,20570,7867,22130,0.355490285,54,140.5,Comercio al por menor de pintura | Comercio al por menor de pisos y recubrimientos cerámicos | Comercio al por menor en ferreterías y tlapalerías | Comercio al por menor de artículos para la limpieza | Comercio al por menor de vidrios y espejos,24.44213099,63.59480378,54.13005853,354.7040872
21,0,6583278,21000,0,6104,0,0,0,NA,0,0,NA,NA
21,1,72894,21001,5727,72955,0.078500445,112,280,Comercio al por menor de pisos y recubrimientos cerámicos | Comercio al por menor en ferreterías y tlapalerías | Comercio al por menor de vidrios y espejos | Comercio al por menor de artículos para la limpieza | Comercio al por menor de pintura,15.36477625,38.41194063,54.18704467,175.9970373
21,2,9170,21002,5519,9272,0.595232959,5,12.5,Comercio al por menor de vidrios y espejos | Comercio al por menor en ferreterías y tlapalerías,5.452562704,13.63140676,51.50507024,179.4949094
21,3,37955,21003,15663,38000,0.412184211,59,171,Comercio al por menor de vidrios y espejos | Comercio al por menor de pisos y recubrimientos cerámicos | Comercio al por menor en ferreterías y tlapalerías | Comercio al por menor de artículos para la limpieza | Comercio al por menor de pintura | Comercio al por menor de artículos para albercas y otros artículos,15.54472402,45.05335265,53.98128583,607.1895566
21,4,63743,21004,6566,63863,0.102813836,109,289,Comercio al por menor en ferreterías y tlapalerías | Comercio al por menor de vidrios y espejos | Comercio al por menor de artículos para albercas y otros artículos | Comercio al por menor de pisos y recubrimientos cerámicos | Comercio al por menor de artículos para la limpieza | Comercio al por menor de pintura | Comercio al por menor de materiales para la construcción en tiendas de autoservicio especializadas,17.09991685,45.33831166,54.30403995,139.9020053
21,5,3070,21005,3070,3070,1,1,2.5,Comercio al por menor en ferreterías y tlapalerías,3.25732899,8.143322476,47.19135849,74.82413077
21,6,14542,21006,11847,14542,0.814674735,17,53.5,Comercio al por menor de artículos para la limpieza | Comercio al por menor en ferreterías y tlapalerías | Comercio al por menor de pintura | Comercio al por menor de vidrios y espejos,11.69027644,36.78998762,49.90035522,90.68346149
21,7,3162,21007,3162,3176,0.99559194,4,15.5,Comercio al por menor en ferreterías y tlapalerías | Comercio al por menor de artículos para la limpieza,12.65022138,49.01960784,51.52942927,184.3816015
21,8,11439,21008,8806,11439,0.769822537,19,47.5,Comercio al por menor de vidrios y espejos | Comercio al por menor en ferreterías y tlapalerías | Comercio al por menor de artículos para la limpieza | Comercio al por menor de pintura,16.60984352,41.52460879,55.36296818,60.2955855
21,9,2207,21009,2207,2224,0.992356115,2,5,Comercio al por menor en ferreterías y tlapalerías,9.062075215,22.65518804,52.08671702,72.0728458
21,10,74768,21010,37572,74797,0.502319612,46,151,Comercio al por menor en ferreterías y tlapalerías | Comercio al por menor de artículos para la limpieza | Comercio al por menor de pintura | Comercio al por menor de materiales para la construcción en tiendas de autoservicio especializadas | Comercio al por menor de vidrios y espejos,6.152364648,20.19580569,49.52268752,392.6742352
21,11,1885,21011,1885,1885,1,2,5,Comercio al por menor en ferreterías y tlapalerías,10.61007958,26.52519894,53.15502371,79.23657657
21,12,6591,21012,2444,6591,0.370808679,8,20,Comercio al por menor en ferreterías y tlapalerías | Comercio al por menor de pintura | Comercio al por menor de artículos para la limpieza | Comercio al por menor de vidrios y espejos,12.13776362,30.34440904,54.40145374,52.03442225
21,13,22629,21013,1322,22629,0.058420611,31,77.5,Comercio al por menor de artículos para la limpieza | Comercio al por menor en ferreterías y tlapalerías | Comercio al por menor de materiales para la construcción en tiendas de autoservicio especializadas | Comercio al por menor de pintura | Comercio al por menor de vidrios y espejos,13.69923549,34.24808874,54.63881773,47.01485786
21,14,4812,21014,4812,4816,0.999169435,1,2.5,Comercio al por menor en ferreterías y tlapalerías,2.078137988,5.195344971,49.88224228,44.19422544
21,15,125876,21015,11704,125925,0.092944213,278,807,Comercio al por menor en ferreterías y tlapalerías | Comercio al por menor de vidrios y espejos | Comercio al por menor de artículos para la limpieza | Comercio al por menor de artículos para albercas y otros artículos | Comercio al por menor de materiales para la construcción en tiendas de autoservicio especializadas | Comercio al por menor de pintura | Comercio al por menor de pisos y recubrimientos cerámicos,22.08522673,64.11071213,56.57688363,141.8865362
21,16,9021,21016,9021,9021,1,6,15,Comercio al por menor en ferreterías y tlapalerías | Comercio al por menor de artículos para la limpieza | Comercio al por menor de vidrios y espejos,6.651147323,16.62786831,52.87681024,165.7014276
21,17,29742,21017,14160,29742,0.476094412,32,96.5,Comercio al por menor de vidrios y espejos | Comercio al por menor de artículos para la limpieza | Comercio al por menor de pisos y recubrimientos cerámicos | Comercio al por menor en ferreterías y tlapalerías | Comercio al por menor de pintura | Comercio al por menor de artículos para albercas y otros artículos,10.75919575,32.44569968,53.98762106,47.77036038
21,18,3859,21018,3859,3861,0.999481999,3,7.5,Comercio al por menor en ferreterías y tlapalerías | Comercio al por menor de artículos para la limpieza,7.774034724,19.43508681,53.00984516,330.6528979
21,19,141793,21019,32394,141897,0.228292353,307,891,Comercio al por menor de artículos para albercas y otros artículos | Comercio al por menor en ferreterías y tlapalerías | Comercio al por menor de vidrios y espejos | Comercio al por menor de artículos para la limpieza | Comercio al por menor de pintura | Comercio al por menor de pisos y recubrimientos cerámicos,21.65128039,62.83808086,56.63005874,291.9068696
21,20,7704,21020,435,7742,0.056187032,10,25,Comercio al por menor en ferreterías y tlapalerías | Comercio al por menor de artículos para la limpieza | Comercio al por menor de pintura | Comercio al por menor de artículos para albercas y otros artículos,12.98026999,32.45067497,55.44769644,26.82475183
21,21,1512,21021,1512,1512,1,2,5,Comercio al por menor en ferreterías y tlapalerías,13.22751323,33.06878307,54.40003168,11.30375298
21,22,12857,21022,5613,12857,0.436571517,12,30,Comercio al por menor de pisos y recubrimientos cerámicos | Comercio al por menor en ferreterías y tlapalerías | Comercio al por menor de artículos para la limpieza | Comercio al por menor de vidrios y espejos,9.333437038,23.3335926,52.85775266,129.2530339
21,23,9051,21023,5527,9062,0.609909512,8,20,Comercio al por menor de artículos para la limpieza | Comercio al por menor en ferreterías y tlapalerías | Comercio al por menor de pintura,8.838802342,22.09700586,51.67104673,132.5360233
21,24,976,21024,976,991,0.984863774,1,2.5,Comercio al por menor en ferreterías y tlapalerías,10.24590164,25.6147541,52.9334144,187.7316784
21,25,8208,21025,5045,8270,0.610036276,12,30,Comercio al por menor en ferreterías y tlapalerías | Comercio al por menor de artículos para la limpieza | Comercio al por menor de pintura | Comercio al por menor de vidrios y espejos,14.61988304,36.5497076,52.48093125,105.9510712
21,26,15271,21026,1628,15292,0.106460895,25,62.5,Comercio al por menor en ferreterías y tlapalerías | Comercio al por menor de artículos para la limpieza | Comercio al por menor de pintura | Comercio al por menor de pisos y recubrimientos cerámicos | Comercio al por menor de vidrios y espejos,16.37089909,40.92724772,54.39718092,66.57040039
21,27,4128,21027,4128,4164,0.991354467,1,2.5,Comercio al por menor en ferreterías y tlapalerías,2.42248062,6.05620155,51.4001884,391.9355977
21,28,2758,21028,2758,2766,0.997107737,1,2.5,Comercio al por menor en ferreterías y tlapalerías,3.625815809,9.064539521,50.58048351,16.05336002
21,29,3811,21029,424,3811,0.111256888,2,5,Comercio al por menor en ferreterías y tlapalerías,5.247966413,13.11991603,51.97248595,13.88857781
21,30,772,21030,772,772,1,2,5,Comercio al por menor en ferreterías y tlapalerías | Comercio al por menor de artículos para la limpieza,25.90673575,64.76683938,52.10950954,12.16932408
21,31,2820,21031,2820,2829,0.996818664,2,5,Comercio al por menor en ferreterías y tlapalerías,7.092198582,17.73049645,51.76599774,114.7264827
21,32,1382,21032,1382,1382,1,1,2.5,Comercio al por menor en ferreterías y tlapalerías,7.235890014,18.08972504,53.01280903,240.0909531
21,33,5403,21033,5403,5403,1,0,0,NA,0,0,52.75072562,47.26865965
21,34,46836,21034,5605,46860,0.119611609,112,291,Comercio al por menor de vidrios y espejos | Comercio al por menor de artículos para la limpieza | Comercio al por menor de artículos para albercas y otros artículos | Comercio al por menor en ferreterías y tlapalerías | Comercio al por menor de pintura,23.91322914,62.13169357,57.24544473,36.55311736
21,35,20653,21035,9499,20711,0.458645164,16,40,Comercio al por menor en ferreterías y tlapalerías | Comercio al por menor de vidrios y espejos | Comercio al por menor de artículos para la limpieza,7.747058539,19.36764635,53.80941869,248.6618738
21,36,14806,21036,14806,14806,1,3,7.5,Comercio al por menor en ferreterías y tlapalerías | Comercio al por menor de pintura,2.026205592,5.065513981,48.70135386,228.1027583
21,37,2334,21037,2334,2334,1,3,7.5,Comercio al por menor en ferreterías y tlapalerías | Comercio al por menor de artículos para la limpieza,12.85347044,32.13367609,54.16201835,133.3416843
21,38,10542,21038,2301,10610,0.216870877,19,47.5,Comercio al por menor de artículos para la limpieza | Comercio al por menor en ferreterías y tlapalerías | Comercio al por menor de pintura | Comercio al por menor de artículos para albercas y otros artículos | Comercio al por menor de vidrios y espejos,18.02314551,45.05786378,54.38490441,23.19569545
21,39,9837,21039,9837,9837,1,10,30.5,Comercio al por menor de pisos y recubrimientos cerámicos | Comercio al por menor de vidrios y espejos | Comercio al por menor en ferreterías y tlapalerías | Comercio al por menor de artículos para la limpieza,10.16570093,31.00538782,52.36455417,60.91580919
21,40,12340,21040,6425,12377,0.519108023,12,30,Comercio al por menor en ferreterías y tlapalerías | Comercio al por menor de artículos para la limpieza | Comercio al por menor de pintura,9.724473258,24.31118314,52.12506685,159.5386623
21,41,137435,21041,8849,137446,0.064381648,256,1060,Comercio al por menor en ferreterías y tlapalerías | Comercio al por menor de artículos para la limpieza | Comercio al por menor de vidrios y espejos | Comercio al por menor de pintura | Comercio al por menor de artículos para albercas y otros artículos | Comercio al por menor de pisos y recubrimientos cerámicos,18.6269873,77.1273693,59.89073263,37.95387892
21,42,3315,21042,3315,3321,0.998193315,2,5,Comercio al por menor en ferreterías y tlapalerías,6.033182504,15.08295626,51.11318355,198.2286616
21,43,49864,21043,40045,49945,0.80178196,23,68.5,Comercio al por menor de pintura | Comercio al por menor en ferreterías y tlapalerías | Comercio al por menor de artículos para la limpieza | Comercio al por menor de pisos y recubrimientos cerámicos | Comercio al por menor de vidrios y espejos,4.612546125,13.73736563,51.00304733,180.386784
21,44,17139,21044,10564,17198,0.614257472,21,52.5,Comercio al por menor de pintura | Comercio al por menor en ferreterías y tlapalerías | Comercio al por menor de artículos para la limpieza | Comercio al por menor de vidrios y espejos,12.25275687,30.63189218,54.47368069,299.4496985
21,45,47410,21045,19062,47761,0.399112246,76,241,Comercio al por menor de pisos y recubrimientos cerámicos | Comercio al por menor de pintura | Comercio al por menor de artículos para albercas y otros artículos | Comercio al por menor de artículos para la limpieza | Comercio al por menor en ferreterías y tlapalerías | Comercio al por menor de vidrios y espejos,16.03037334,50.83315756,55.41299145,387.8433508
21,46,8193,21046,1657,8193,0.20224582,13,38,Comercio al por menor de artículos para la limpieza | Comercio al por menor en ferreterías y tlapalerías | Comercio al por menor de vidrios y espejos,15.86720371,46.381057,54.83803033,86.82645546
21,47,21699,21047,5204,21764,0.239110458,25,68,Comercio al por menor de vidrios y espejos | Comercio al por menor de artículos para la limpieza | Comercio al por menor de pintura | Comercio al por menor en ferreterías y tlapalerías | Comercio al por menor de pisos y recubrimientos cerámicos,11.52126826,31.33784967,54.49308186,802.0799896
21,48,22039,21048,2428,22055,0.110088415,45,118,Comercio al por menor en ferreterías y tlapalerías | Comercio al por menor de artículos para la limpieza | Comercio al por menor de materiales para la construcción en tiendas de autoservicio especializadas | Comercio al por menor de pintura | Comercio al por menor de pisos y recubrimientos cerámicos | Comercio al por menor de vidrios y espejos,20.41834929,53.54144925,55.82218476,80.65146114
21,49,17382,21049,13307,17394,0.76503392,9,22.5,Comercio al por menor en ferreterías y tlapalerías | Comercio al por menor de pintura | Comercio al por menor de artículos para la limpieza | Comercio al por menor de vidrios y espejos,5.177770107,12.94442527,48.89177656,88.95051989
21,50,26928,21050,23765,26947,0.881916354,6,20.5,Comercio al por menor de artículos para la limpieza | Comercio al por menor en ferreterías y tlapalerías,2.228163993,7.612893642,49.287316,108.7697167
21,51,37030,21051,14866,37079,0.400927749,29,78,Comercio al por menor de artículos para la limpieza | Comercio al por menor en ferreterías y tlapalerías | Comercio al por menor de pintura | Comercio al por menor de vidrios y espejos,7.831487983,21.06400216,55.05710974,324.4282725
21,52,1215,21052,1215,1215,1,3,7.5,Comercio al por menor de vidrios y espejos | Comercio al por menor en ferreterías y tlapalerías,24.69135802,61.72839506,51.94590435,25.84623951
21,53,66464,21053,37593,66574,0.564679905,112,309,Comercio al por menor en ferreterías y tlapalerías | Comercio al por menor de vidrios y espejos | Comercio al por menor de artículos para la limpieza | Comercio al por menor de pisos y recubrimientos cerámicos | Comercio al por menor de pintura | Comercio al por menor de artículos para albercas y otros artículos,16.85122773,46.49133365,54.83576893,754.5649691
21,54,35223,21054,12025,35233,0.34129935,34,103,Comercio al por menor de artículos para la limpieza | Comercio al por menor de vidrios y espejos | Comercio al por menor en ferreterías y tlapalerías | Comercio al por menor de artículos para albercas y otros artículos | Comercio al por menor de pintura,9.652783692,29.24225648,53.69943196,147.3566579
21,55,5082,21055,5082,5095,0.997448479,4,10,Comercio al por menor en ferreterías y tlapalerías | Comercio al por menor de artículos para la limpieza | Comercio al por menor de vidrios y espejos,7.870916962,19.6772924,51.47065114,128.5831866
21,56,1317,21056,1317,1320,0.997727273,0,0,NA,0,0,53.11870974,140.822055
21,57,6687,21057,6687,6687,1,6,15,Comercio al por menor en ferreterías y tlapalerías | Comercio al por menor de artículos para la limpieza,8.972633468,22.43158367,52.25454996,63.25872287
21,58,21002,21058,12117,21018,0.576505852,38,100.5,Comercio al por menor en ferreterías y tlapalerías | Comercio al por menor de vidrios y espejos | Comercio al por menor de pisos y recubrimientos cerámicos | Comercio al por menor de pintura | Comercio al por menor de artículos para la limpieza | Comercio al por menor de artículos para albercas y otros artículos,18.0935149,47.85258547,51.6092335,145.1188828
21,59,2846,21059,2846,2873,0.990602158,9,22.5,Comercio al por menor de pintura | Comercio al por menor de vidrios y espejos | Comercio al por menor en ferreterías y tlapalerías | Comercio al por menor de pisos y recubrimientos cerámicos,31.62333099,79.05832748,51.28617787,88.2774112
21,60,7982,21060,1430,7999,0.178772347,12,30,Comercio al por menor en ferreterías y tlapalerías | Comercio al por menor de artículos para la limpieza | Comercio al por menor de pisos y recubrimientos cerámicos | Comercio al por menor de vidrios y espejos,15.03382611,37.58456527,55.07942899,16.02579054
21,61,14461,21061,14461,14469,0.999447094,5,12.5,Comercio al por menor en ferreterías y tlapalerías,3.457575548,8.64393887,45.87680969,99.24291096
21,62,4943,21062,4943,4959,0.996773543,5,12.5,Comercio al por menor en ferreterías y tlapalerías | Comercio al por menor de artículos para la limpieza | Comercio al por menor de vidrios y espejos,10.11531459,25.28828647,53.81962705,51.95882419
21,63,14766,21063,6321,14780,0.42767253,27,85.5,Comercio al por menor de pintura | Comercio al por menor en ferreterías y tlapalerías | Comercio al por menor de vidrios y espejos | Comercio al por menor de artículos para la limpieza,18.2852499,57.90329134,55.35449607,78.92634388
21,64,17824,21064,13500,17966,0.751419348,16,45.5,Comercio al por menor en ferreterías y tlapalerías | Comercio al por menor de pisos y recubrimientos cerámicos | Comercio al por menor de artículos para la limpieza | Comercio al por menor de vidrios y espejos,8.976660682,25.52737882,51.47578164,425.0266411
21,65,22694,21065,2302,22720,0.101320423,42,105,Comercio al por menor de vidrios y espejos | Comercio al por menor en ferreterías y tlapalerías | Comercio al por menor de artículos para la limpieza | Comercio al por menor de pintura | Comercio al por menor de materiales para la construcción en tiendas de autoservicio especializadas,18.50709439,46.26773597,54.50777335,91.0841228
21,66,6451,21066,6451,6465,0.997834493,6,15,Comercio al por menor en ferreterías y tlapalerías | Comercio al por menor de vidrios y espejos | Comercio al por menor de artículos para la limpieza,9.300883584,23.25220896,51.66321348,154.7134547
21,67,18784,21067,6949,18846,0.368725459,34,96,Comercio al por menor de pisos y recubrimientos cerámicos | Comercio al por menor de vidrios y espejos | Comercio al por menor de artículos para la limpieza | Comercio al por menor en ferreterías y tlapalerías | Comercio al por menor de artículos para albercas y otros artículos | Comercio al por menor de pintura,18.10051107,51.10732538,54.99628313,226.8214818
21,68,7011,21068,7011,7011,1,1,2.5,Comercio al por menor en ferreterías y tlapalerías,1.426330053,3.565825132,49.96321823,50.13009185
21,69,29233,21069,22265,29257,0.761014458,17,42.5,Comercio al por menor en ferreterías y tlapalerías | Comercio al por menor de pintura | Comercio al por menor de artículos para la limpieza | Comercio al por menor de vidrios y espejos,5.815345671,14.53836418,53.26403444,230.4168807
21,70,6111,21070,6111,6123,0.998040176,6,15,Comercio al por menor en ferreterías y tlapalerías | Comercio al por menor de artículos para la limpieza | Comercio al por menor de pintura,9.818360334,24.54590083,50.70690332,167.7644616
21,71,103946,21071,28542,103972,0.274516216,156,435.5,Comercio al por menor de vidrios y espejos | Comercio al por menor de artículos para la limpieza | Comercio al por menor en ferreterías y tlapalerías | Comercio al por menor de pintura | Comercio al por menor de artículos para albercas y otros artículos | Comercio al por menor de pisos y recubrimientos cerámicos,15.00779251,41.89675408,55.65991389,249.0783876
21,72,17082,21072,17082,17082,1,17,60.5,Comercio al por menor en ferreterías y tlapalerías | Comercio al por menor de artículos para la limpieza | Comercio al por menor de pintura | Comercio al por menor de vidrios y espejos,9.951996253,35.41739843,47.75441331,47.25813436
21,73,9760,21073,952,9781,0.097331561,17,42.5,Comercio al por menor de vidrios y espejos | Comercio al por menor en ferreterías y tlapalerías | Comercio al por menor de artículos para la limpieza,17.41803279,43.54508197,53.71916901,137.6882888
21,74,90794,21074,16007,90823,0.176243903,196,524.5,Comercio al por menor de vidrios y espejos | Comercio al por menor de pintura | Comercio al por menor de artículos para la limpieza | Comercio al por menor en ferreterías y tlapalerías | Comercio al por menor de pisos y recubrimientos cerámicos | Comercio al por menor de artículos para albercas y otros artículos,21.58732956,57.76813446,57.28782972,172.057269
21,75,13080,21075,6043,13081,0.461967739,11,27.5,Comercio al por menor en ferreterías y tlapalerías | Comercio al por menor de vidrios y espejos,8.409785933,21.02446483,53.71234493,74.28503157
21,76,27600,21076,21700,27732,0.782489543,17,42.5,Comercio al por menor de vidrios y espejos | Comercio al por menor en ferreterías y tlapalerías | Comercio al por menor de artículos para la limpieza | Comercio al por menor de pintura | Comercio al por menor de pisos y recubrimientos cerámicos,6.15942029,15.39855072,52.90644526,316.8214533
21,77,5951,21077,5951,5976,0.9958166,0,0,NA,0,0,46.7654891,41.82623344
21,78,15928,21078,8166,15928,0.512682069,5,12.5,Comercio al por menor en ferreterías y tlapalerías | Comercio al por menor de artículos para la limpieza | Comercio al por menor de vidrios y espejos,3.139126067,7.847815168,49.5318709,69.08894139
21,79,5782,21079,2875,5789,0.496631543,6,15,Comercio al por menor en ferreterías y tlapalerías,10.37703217,25.94258042,54.31887685,50.36323248
21,80,2633,21080,2633,2633,1,0,0,NA,0,0,51.27175418,12.34511633
21,81,4065,21081,4065,4078,0.996812163,3,13,Comercio al por menor en ferreterías y tlapalerías,7.380073801,31.9803198,49.62061223,307.7353564
21,82,8804,21082,3602,8808,0.408946412,18,45,Comercio al por menor en ferreterías y tlapalerías | Comercio al por menor de pisos y recubrimientos cerámicos | Comercio al por menor de artículos para albercas y otros artículos | Comercio al por menor de pintura | Comercio al por menor de artículos para la limpieza | Comercio al por menor de vidrios y espejos,20.44525216,51.1131304,55.97528866,106.4021557
21,83,25319,21083,25319,25350,0.99877712,4,10,Comercio al por menor en ferreterías y tlapalerías | Comercio al por menor de artículos para la limpieza | Comercio al por menor de vidrios y espejos,1.579841226,3.949603065,52.43731724,558.186851
21,84,6950,21084,3720,6950,0.535251799,5,12.5,Comercio al por menor en ferreterías y tlapalerías | Comercio al por menor de artículos para la limpieza | Comercio al por menor de pisos y recubrimientos cerámicos,7.194244604,17.98561151,48.75322484,19.50705557
21,85,82809,21085,12707,82922,0.153240395,178,600,Comercio al por menor de artículos para la limpieza | Comercio al por menor en ferreterías y tlapalerías | Comercio al por menor de pintura | Comercio al por menor de artículos para albercas y otros artículos | Comercio al por menor de vidrios y espejos | Comercio al por menor de pisos y recubrimientos cerámicos,21.4952481,72.45589248,55.98036465,535.2734599
21,86,12050,21086,12050,12145,0.992177851,1,2.5,Comercio al por menor en ferreterías y tlapalerías,0.829875519,2.074688797,50.04775221,204.2650757
21,87,13308,21087,5548,13319,0.416547789,13,32.5,Comercio al por menor en ferreterías y tlapalerías | Comercio al por menor de pintura | Comercio al por menor de vidrios y espejos,9.768560265,24.42140066,51.43676269,599.7803683
21,88,4457,21088,4457,4462,0.998879426,4,10,Comercio al por menor en ferreterías y tlapalerías,8.974646623,22.43661656,51.38170353,29.77264546
21,89,12131,21089,9101,12163,0.748252898,7,55.5,Comercio al por menor en ferreterías y tlapalerías | Comercio al por menor de vidrios y espejos,5.77034045,45.75055643,50.9710611,169.0573234
21,90,23783,21090,4561,23783,0.191775638,56,151,Comercio al por menor de artículos para la limpieza | Comercio al por menor en ferreterías y tlapalerías | Comercio al por menor de pintura | Comercio al por menor de artículos para albercas y otros artículos | Comercio al por menor de vidrios y espejos,23.5462305,63.49072867,57.27950802,22.183618
21,91,9828,21091,1990,9832,0.202400325,18,50.5,Comercio al por menor de vidrios y espejos | Comercio al por menor en ferreterías y tlapalerías | Comercio al por menor de artículos para la limpieza | Comercio al por menor de pintura,18.31501832,51.38380138,57.635466,22.80596274
21,92,5293,21092,5293,5301,0.998490851,11,45.5,Comercio al por menor en ferreterías y tlapalerías | Comercio al por menor de artículos para la limpieza | Comercio al por menor de vidrios y espejos,20.78216512,85.9625921,52.03153433,224.3237107
21,93,7650,21093,7650,7668,0.997652582,0,0,NA,0,0,53.24662176,179.3582203
21,94,37257,21094,19147,37333,0.512870651,81,231.5,Comercio al por menor de vidrios y espejos | Comercio al por menor de pintura | Comercio al por menor de pisos y recubrimientos cerámicos | Comercio al por menor de artículos para albercas y otros artículos | Comercio al por menor en ferreterías y tlapalerías | Comercio al por menor de artículos para la limpieza,21.74088091,62.13597445,55.72465413,272.5180672
21,95,650,21095,650,653,0.995405819,0,0,NA,0,0,55.70652382,11.20064733
21,96,3176,21096,3176,3215,0.987869362,4,10,Comercio al por menor de artículos para la limpieza | Comercio al por menor en ferreterías y tlapalerías | Comercio al por menor de vidrios y espejos,12.59445844,31.4861461,54.84225335,55.16570947
21,97,2668,21097,2668,2668,1,5,12.5,Comercio al por menor en ferreterías y tlapalerías | Comercio al por menor de artículos para la limpieza,18.74062969,46.85157421,56.10290508,9.463826999
21,98,6668,21098,6668,6677,0.998652089,7,17.5,Comercio al por menor en ferreterías y tlapalerías | Comercio al por menor de artículos para la limpieza | Comercio al por menor de artículos para albercas y otros artículos | Comercio al por menor de vidrios y espejos,10.49790042,26.24475105,53.59568832,156.0612621
21,99,20659,21099,12059,20671,0.583377679,17,42.5,Comercio al por menor de pintura | Comercio al por menor en ferreterías y tlapalerías | Comercio al por menor de artículos para la limpieza | Comercio al por menor de vidrios y espejos,8.228859093,20.57214773,52.20343949,243.6375645
21,100,9310,21100,9310,9319,0.999034231,1,2.5,Comercio al por menor de artículos para la limpieza,1.074113856,2.68528464,50.55011921,60.62907916
21,101,3317,21101,3317,3325,0.997593985,0,0,NA,0,0,52.66113237,27.42595117
21,102,14075,21102,832,14086,0.059065739,49,146,Comercio al por menor de vidrios y espejos | Comercio al por menor de pisos y recubrimientos cerámicos | Comercio al por menor en ferreterías y tlapalerías | Comercio al por menor de artículos para la limpieza | Comercio al por menor de pintura,34.81349911,103.7300178,56.65314731,18.78700864
21,103,6644,21103,2106,6700,0.314328358,5,12.5,Comercio al por menor en ferreterías y tlapalerías | Comercio al por menor de artículos para albercas y otros artículos | Comercio al por menor de artículos para la limpieza,7.525586996,18.81396749,52.53644735,108.0052314
21,104,32772,21104,9770,32832,0.297575536,32,91,Comercio al por menor de vidrios y espejos | Comercio al por menor de artículos para la limpieza | Comercio al por menor en ferreterías y tlapalerías | Comercio al por menor de artículos para albercas y otros artículos,9.764433053,27.76760649,55.8216737,166.6249537
21,105,5077,21105,5077,5077,1,3,7.5,Comercio al por menor en ferreterías y tlapalerías | Comercio al por menor de artículos para la limpieza,5.909001379,14.77250345,53.36516623,66.76113646
21,106,42669,21106,9304,42696,0.217912685,105,322.5,Comercio al por menor de vidrios y espejos | Comercio al por menor de pintura | Comercio al por menor de artículos para la limpieza | Comercio al por menor en ferreterías y tlapalerías,24.60802925,75.58180412,55.98921915,119.2428183
21,107,11993,21107,11993,12002,0.999250125,4,10,Comercio al por menor en ferreterías y tlapalerías | Comercio al por menor de artículos para la limpieza,3.335278913,8.338197282,43.68568872,62.57948962
21,108,19903,21108,8627,20022,0.430876036,35,98.5,Comercio al por menor de vidrios y espejos | Comercio al por menor de pintura | Comercio al por menor en ferreterías y tlapalerías | Comercio al por menor de pisos y recubrimientos cerámicos | Comercio al por menor de artículos para la limpieza,17.58528865,49.49002663,55.49713852,238.2490016
21,109,20274,21109,13365,20274,0.659218704,20,50,Comercio al por menor en ferreterías y tlapalerías | Comercio al por menor de artículos para la limpieza | Comercio al por menor de pintura | Comercio al por menor de vidrios y espejos,9.864851534,24.66212883,51.69547022,97.69629111
21,110,50226,21110,9331,50283,0.185569676,62,160.5,Comercio al por menor de pisos y recubrimientos cerámicos | Comercio al por menor en ferreterías y tlapalerías | Comercio al por menor de artículos para la limpieza | Comercio al por menor de pintura | Comercio al por menor de vidrios y espejos,12.3442042,31.95556086,53.27142595,360.7121276
21,111,18528,21111,15560,18634,0.835032736,14,35,Comercio al por menor de vidrios y espejos | Comercio al por menor en ferreterías y tlapalerías | Comercio al por menor de artículos para la limpieza,7.556131261,18.89032815,49.96300473,218.4956011
21,112,9350,21112,6650,9367,0.709939148,9,22.5,Comercio al por menor en ferreterías y tlapalerías | Comercio al por menor de artículos para la limpieza | Comercio al por menor de pintura,9.625668449,24.06417112,52.06729487,232.4045962
21,113,4627,21113,4627,4645,0.996124865,4,21,Comercio al por menor en ferreterías y tlapalerías | Comercio al por menor de pisos y recubrimientos cerámicos,8.644910309,45.38577912,52.11331648,220.7220118
21,114,1692181,21114,50903,1692227,0.03008048,3738,13313,Comercio al por menor en ferreterías y tlapalerías | Comercio al por menor de artículos para la limpieza | Comercio al por menor de pisos y recubrimientos cerámicos | Comercio al por menor de pintura | Comercio al por menor de vidrios y espejos | Comercio al por menor de artículos para albercas y otros artículos | Comercio al por menor de materiales para la construcción en tiendas de autoservicio especializadas,22.08983554,78.67361707,59.46447343,532.762952
21,115,57992,21115,9286,58117,0.159781131,103,263,Comercio al por menor en ferreterías y tlapalerías | Comercio al por menor de artículos para la limpieza | Comercio al por menor de pisos y recubrimientos cerámicos | Comercio al por menor de artículos para albercas y otros artículos | Comercio al por menor de pintura | Comercio al por menor de vidrios y espejos,17.76107049,45.35108291,53.39076291,185.9777426
21,116,22855,21116,22855,22855,1,4,15.5,Comercio al por menor en ferreterías y tlapalerías | Comercio al por menor de pintura | Comercio al por menor de artículos para la limpieza,1.750164078,6.781885802,50.96743059,166.2273311
21,117,15952,21117,0,15952,0,52,130,Comercio al por menor de artículos para la limpieza | Comercio al por menor en ferreterías y tlapalerías | Comercio al por menor de vidrios y espejos | Comercio al por menor de artículos para albercas y otros artículos | Comercio al por menor de pintura | Comercio al por menor de pisos y recubrimientos cerámicos,32.59779338,81.49448345,56.96270625,4.090788275
21,118,30021,21118,2622,30037,0.087292339,52,135.5,Comercio al por menor de vidrios y espejos | Comercio al por menor en ferreterías y tlapalerías | Comercio al por menor de artículos para la limpieza | Comercio al por menor de pintura | Comercio al por menor de artículos para albercas y otros artículos,17.32120849,45.13507212,54.87655679,30.63088908
21,119,154448,21119,1983,154448,0.012839273,385,1627.5,Comercio al por menor en ferreterías y tlapalerías | Comercio al por menor de artículos para la limpieza | Comercio al por menor de vidrios y espejos | Comercio al por menor de pintura | Comercio al por menor de artículos para albercas y otros artículos | Comercio al por menor de materiales para la construcción en tiendas de autoservicio especializadas | Comercio al por menor de pisos y recubrimientos cerámicos,24.92748368,105.3752719,59.9365825,62.91560404
21,120,5938,21120,3300,5938,0.555742674,1,2.5,Comercio al por menor en ferreterías y tlapalerías,1.68406871,4.210171775,50.16608067,79.77850223
21,121,1270,21121,1270,1270,1,1,2.5,Comercio al por menor de artículos para la limpieza,7.874015748,19.68503937,52.40733354,132.4776278
21,122,11063,21122,945,11076,0.08531961,26,83,Comercio al por menor de vidrios y espejos | Comercio al por menor en ferreterías y tlapalerías | Comercio al por menor de artículos para la limpieza | Comercio al por menor de artículos para albercas y otros artículos,23.50176263,75.02485763,56.27794492,39.17797793
21,123,3793,21123,3793,3793,1,0,0,NA,0,0,49.09010097,44.81876089
21,124,15954,21124,2267,15954,0.142096026,22,60.5,Comercio al por menor de artículos para la limpieza | Comercio al por menor en ferreterías y tlapalerías | Comercio al por menor de pintura | Comercio al por menor de vidrios y espejos,13.78964523,37.92152438,54.33595289,108.9763202
21,125,9671,21125,546,9671,0.05645745,35,93,Comercio al por menor de artículos para albercas y otros artículos | Comercio al por menor de pintura | Comercio al por menor en ferreterías y tlapalerías | Comercio al por menor de artículos para la limpieza | Comercio al por menor de vidrios y espejos,36.19067315,96.16378865,57.97816897,11.73307455
21,126,6597,21126,4052,6607,0.613288936,2,5,Comercio al por menor de artículos para la limpieza | Comercio al por menor en ferreterías y tlapalerías,3.031681067,7.579202668,53.42799518,39.63973832
21,127,3606,21127,3606,3624,0.995033113,6,15,Comercio al por menor en ferreterías y tlapalerías | Comercio al por menor de artículos para la limpieza | Comercio al por menor de pintura,16.63893511,41.59733777,52.55054196,142.6551676
21,128,10443,21128,4172,10503,0.397219842,15,43,Comercio al por menor de pisos y recubrimientos cerámicos | Comercio al por menor de artículos para albercas y otros artículos | Comercio al por menor de artículos para la limpieza | Comercio al por menor en ferreterías y tlapalerías | Comercio al por menor de pintura | Comercio al por menor de vidrios y espejos,14.3636886,41.17590731,56.21864283,176.0621037
21,129,14018,21129,5232,14018,0.373234413,19,47.5,Comercio al por menor de vidrios y espejos | Comercio al por menor en ferreterías y tlapalerías | Comercio al por menor de pisos y recubrimientos cerámicos | Comercio al por menor de artículos para la limpieza,13.554002,33.88500499,53.78254299,334.4988104
21,130,3604,21130,3604,3607,0.999168284,3,7.5,Comercio al por menor en ferreterías y tlapalerías | Comercio al por menor de artículos para la limpieza,8.324084351,20.81021088,54.16468672,95.78692856
21,131,975,21131,975,977,0.997952917,3,7.5,Comercio al por menor en ferreterías y tlapalerías | Comercio al por menor de artículos para la limpieza,30.76923077,76.92307692,54.45513424,24.64485942
21,132,155738,21132,5467,155759,0.035099095,443,1309.5,Comercio al por menor de artículos para la limpieza | Comercio al por menor de pintura | Comercio al por menor en ferreterías y tlapalerías | Comercio al por menor de vidrios y espejos | Comercio al por menor de pisos y recubrimientos cerámicos | Comercio al por menor de artículos para albercas y otros artículos | Comercio al por menor de materiales para la construcción en tiendas de autoservicio especializadas,28.44520926,84.08352489,58.22038458,89.08129174
21,133,692,21133,692,692,1,0,0,NA,0,0,54.249423,7.181121138
21,134,20974,21134,6258,21008,0.297886519,52,130,Comercio al por menor de artículos para la limpieza | Comercio al por menor de materiales para la construcción en tiendas de autoservicio especializadas | Comercio al por menor en ferreterías y tlapalerías | Comercio al por menor de pisos y recubrimientos cerámicos | Comercio al por menor de pintura | Comercio al por menor de vidrios y espejos,24.79260036,61.98150091,56.62245367,50.4419262
21,135,526,21135,526,545,0.965137615,0,0,NA,0,0,53.90913064,72.6542708
21,136,12461,21136,401,12463,0.032175239,32,80,Comercio al por menor de pintura | Comercio al por menor en ferreterías y tlapalerías | Comercio al por menor de artículos para la limpieza | Comercio al por menor de pisos y recubrimientos cerámicos | Comercio al por menor de vidrios y espejos,25.68012198,64.20030495,58.68985397,8.276369766
21,137,10464,21137,3709,10500,0.353238095,14,35,Comercio al por menor de vidrios y espejos | Comercio al por menor en ferreterías y tlapalerías | Comercio al por menor de pintura | Comercio al por menor de artículos para la limpieza,13.37920489,33.44801223,53.17979313,209.3103482
21,138,11780,21138,2414,11794,0.204680346,39,103,Comercio al por menor en ferreterías y tlapalerías | Comercio al por menor de artículos para la limpieza | Comercio al por menor de vidrios y espejos | Comercio al por menor de pintura | Comercio al por menor de pisos y recubrimientos cerámicos,33.10696095,87.43633277,54.81805657,161.3524773
21,139,3759,21139,3759,3786,0.992868463,5,12.5,Comercio al por menor en ferreterías y tlapalerías | Comercio al por menor de artículos para la limpieza,13.30140995,33.25352487,52.64810843,96.67280545
21,140,138433,21140,1654,138456,0.011946033,462,1584,Comercio al por menor de pisos y recubrimientos cerámicos | Comercio al por menor de artículos para albercas y otros artículos | Comercio al por menor de vidrios y espejos | Comercio al por menor de artículos para la limpieza | Comercio al por menor en ferreterías y tlapalerías | Comercio al por menor de pintura | Comercio al por menor de materiales para la construcción en tiendas de autoservicio especializadas,33.37354533,114.423584,59.07928223,76.52848099
21,141,3488,21141,3488,3504,0.99543379,4,15.5,Comercio al por menor en ferreterías y tlapalerías,11.46788991,44.43807339,52.86382539,174.7471175
21,142,30639,21142,5421,30805,0.175977926,75,198.5,Comercio al por menor en ferreterías y tlapalerías | Comercio al por menor de artículos para albercas y otros artículos | Comercio al por menor de artículos para la limpieza | Comercio al por menor de pintura | Comercio al por menor de pisos y recubrimientos cerámicos | Comercio al por menor de vidrios y espejos,24.4786057,64.78670975,55.45209824,219.162331
21,143,34880,21143,2241,34914,0.064186286,94,246,Comercio al por menor de artículos para la limpieza | Comercio al por menor de vidrios y espejos | Comercio al por menor de artículos para albercas y otros artículos | Comercio al por menor de pintura | Comercio al por menor en ferreterías y tlapalerías | Comercio al por menor de pisos y recubrimientos cerámicos | Comercio al por menor de materiales para la construcción en tiendas de autoservicio especializadas,26.94954128,70.52752294,56.84290766,110.3339406
21,144,16790,21144,2522,16847,0.149700243,44,121,Comercio al por menor de artículos para la limpieza | Comercio al por menor de pintura | Comercio al por menor en ferreterías y tlapalerías | Comercio al por menor de vidrios y espejos,26.20607504,72.06670637,53.80761285,23.72001964
21,145,13189,21145,13189,13205,0.998788338,2,5,Comercio al por menor en ferreterías y tlapalerías,1.516415194,3.791037986,47.73435964,236.0592407
21,146,749,21146,749,749,1,1,2.5,Comercio al por menor en ferreterías y tlapalerías,13.35113485,33.37783712,52.39656705,47.37720553
21,147,6341,21147,1915,6385,0.299921691,10,25,Comercio al por menor en ferreterías y tlapalerías | Comercio al por menor de pintura | Comercio al por menor de artículos para la limpieza | Comercio al por menor de vidrios y espejos,15.77038322,39.42595805,50.77847747,285.4332628
21,148,11498,21148,5148,11498,0.44773004,24,89,Comercio al por menor en ferreterías y tlapalerías | Comercio al por menor de vidrios y espejos | Comercio al por menor de artículos para la limpieza | Comercio al por menor de pisos y recubrimientos cerámicos | Comercio al por menor de artículos para albercas y otros artículos,20.87319534,77.40476605,51.63045272,32.63148767
21,149,30309,21149,5397,30328,0.177954366,31,256,Comercio al por menor en ferreterías y tlapalerías | Comercio al por menor de artículos para la limpieza | Comercio al por menor de vidrios y espejos,10.22798509,84.46336072,53.49872871,93.67096911
21,150,6105,21150,6105,6105,1,3,7.5,Comercio al por menor de artículos para la limpieza | Comercio al por menor en ferreterías y tlapalerías,4.914004914,12.28501229,52.0689292,179.6257395
21,151,9315,21151,137,9337,0.014672807,24,76.5,Comercio al por menor en ferreterías y tlapalerías | Comercio al por menor de artículos para la limpieza | Comercio al por menor de pintura | Comercio al por menor de pisos y recubrimientos cerámicos | Comercio al por menor de vidrios y espejos,25.76489533,82.12560386,56.0821458,19.32229195
21,152,12631,21152,6098,12660,0.481674566,11,27.5,Comercio al por menor en ferreterías y tlapalerías | Comercio al por menor de pintura | Comercio al por menor de artículos para la limpieza | Comercio al por menor de vidrios y espejos,8.708732484,21.77183121,55.0714461,113.7006683
21,153,23625,21153,9799,23649,0.414351558,47,128.5,Comercio al por menor en ferreterías y tlapalerías | Comercio al por menor de vidrios y espejos | Comercio al por menor de artículos para la limpieza | Comercio al por menor de pisos y recubrimientos cerámicos | Comercio al por menor de pintura,19.89417989,54.39153439,55.50353189,174.8858933
21,154,80771,21154,18490,80829,0.228754531,174,473.5,Comercio al por menor en ferreterías y tlapalerías | Comercio al por menor de pintura | Comercio al por menor de vidrios y espejos | Comercio al por menor de artículos para la limpieza | Comercio al por menor de artículos para albercas y otros artículos | Comercio al por menor de materiales para la construcción en tiendas de autoservicio especializadas | Comercio al por menor de pisos y recubrimientos cerámicos,21.54238526,58.62252541,55.80883351,179.6264036
21,155,6830,21155,3124,6848,0.456191589,5,12.5,Comercio al por menor en ferreterías y tlapalerías,7.320644217,18.30161054,53.24462846,144.9747261
21,156,327312,21156,13445,327481,0.041055817,662,2394.5,Comercio al por menor en ferreterías y tlapalerías | Comercio al por menor de pisos y recubrimientos cerámicos | Comercio al por menor de vidrios y espejos | Comercio al por menor de artículos para la limpieza | Comercio al por menor de pintura | Comercio al por menor de artículos para albercas y otros artículos | Comercio al por menor de materiales para la construcción en tiendas de autoservicio especializadas,20.22535074,73.156499,57.17362957,551.2371722
21,157,12672,21157,6028,12722,0.47382487,17,42.5,Comercio al por menor de pintura | Comercio al por menor de pisos y recubrimientos cerámicos | Comercio al por menor en ferreterías y tlapalerías | Comercio al por menor de artículos para la limpieza | Comercio al por menor de vidrios y espejos | Comercio al por menor de artículos para albercas y otros artículos,13.41540404,33.5385101,52.21744817,490.3001211
21,158,6743,21158,6743,6759,0.997632786,5,18,Comercio al por menor en ferreterías y tlapalerías | Comercio al por menor de artículos para la limpieza,7.415097138,26.6943497,50.14968398,139.2298615
21,159,3836,21159,1085,3847,0.282037952,9,22.5,Comercio al por menor en ferreterías y tlapalerías | Comercio al por menor de artículos para la limpieza,23.46193952,58.6548488,48.73596455,247.6904001
21,160,3689,21160,3689,3692,0.999187432,3,7.5,Comercio al por menor en ferreterías y tlapalerías | Comercio al por menor de artículos para la limpieza,8.132285172,20.33071293,53.47441065,136.3165691
21,161,22218,21161,3397,22292,0.152386506,40,116.5,Comercio al por menor de vidrios y espejos | Comercio al por menor de artículos para la limpieza | Comercio al por menor en ferreterías y tlapalerías | Comercio al por menor de artículos para albercas y otros artículos | Comercio al por menor de pintura,18.00342065,52.43496264,54.80457076,224.0002167
21,162,4155,21162,857,4155,0.206257521,4,10,Comercio al por menor en ferreterías y tlapalerías | Comercio al por menor de artículos para la limpieza | Comercio al por menor de vidrios y espejos,9.626955475,24.06738869,47.99111679,28.526214
21,163,18854,21163,480,18866,0.025442595,20,50,Comercio al por menor de vidrios y espejos | Comercio al por menor en ferreterías y tlapalerías | Comercio al por menor de artículos para la limpieza | Comercio al por menor de pisos y recubrimientos cerámicos | Comercio al por menor de pintura,10.60782858,26.51957144,55.9740165,61.00283595
21,164,84270,21164,21240,84344,0.251825856,248,700,Comercio al por menor de artículos para albercas y otros artículos | Comercio al por menor de vidrios y espejos | Comercio al por menor de artículos para la limpieza | Comercio al por menor en ferreterías y tlapalerías | Comercio al por menor de pisos y recubrimientos cerámicos | Comercio al por menor de pintura,29.42921562,83.0663344,55.57403131,216.4381578
21,165,1216,21165,1216,1216,1,0,0,NA,0,0,49.83451622,29.44654937
21,166,8918,21166,3771,8931,0.422237151,8,25.5,Comercio al por menor de pintura | Comercio al por menor de artículos para la limpieza | Comercio al por menor en ferreterías y tlapalerías,8.970621216,28.59385512,54.57518385,131.7416994
21,167,10373,21167,10373,10373,1,5,12.5,Comercio al por menor en ferreterías y tlapalerías | Comercio al por menor de artículos para la limpieza,4.820206305,12.05051576,48.92750057,70.42629528
21,168,7523,21168,2004,7529,0.266170806,8,25.5,Comercio al por menor de artículos para la limpieza | Comercio al por menor en ferreterías y tlapalerías | Comercio al por menor de vidrios y espejos,10.63405556,33.89605211,50.54017028,115.773794
21,169,22331,21169,16628,22358,0.743715896,27,73,Comercio al por menor de artículos para la limpieza | Comercio al por menor en ferreterías y tlapalerías | Comercio al por menor de pintura | Comercio al por menor de artículos para albercas y otros artículos | Comercio al por menor de vidrios y espejos,12.09081546,32.68998254,52.6198417,390.7645977
21,170,19200,21170,13639,19228,0.709330144,25,73.5,Comercio al por menor en ferreterías y tlapalerías | Comercio al por menor de pintura | Comercio al por menor de vidrios y espejos | Comercio al por menor de artículos para la limpieza,13.02083333,38.28125,53.95539034,447.9407223
21,171,3851,21171,885,3863,0.229096557,7,17.5,Comercio al por menor en ferreterías y tlapalerías | Comercio al por menor de artículos para la limpieza | Comercio al por menor de vidrios y espejos,18.17709686,45.44274214,55.45312907,15.57737202
21,172,27216,21172,21604,27238,0.793156619,36,101,Comercio al por menor de artículos para la limpieza | Comercio al por menor de vidrios y espejos | Comercio al por menor de pisos y recubrimientos cerámicos | Comercio al por menor en ferreterías y tlapalerías | Comercio al por menor de pintura,13.22751323,37.11052322,52.96916903,326.3712528
21,173,6653,21173,1497,6653,0.225011273,18,45,Comercio al por menor de artículos para la limpieza | Comercio al por menor en ferreterías y tlapalerías | Comercio al por menor de vidrios y espejos | Comercio al por menor de pintura | Comercio al por menor de pisos y recubrimientos cerámicos,27.0554637,67.63865925,57.83748536,9.709872451
21,174,103583,21174,19363,103600,0.186901544,145,459,Comercio al por menor de artículos para la limpieza | Comercio al por menor de vidrios y espejos | Comercio al por menor en ferreterías y tlapalerías | Comercio al por menor de artículos para albercas y otros artículos | Comercio al por menor de pisos y recubrimientos cerámicos | Comercio al por menor de pintura,13.99843604,44.31229063,57.52118181,91.89229351
21,175,14432,21175,8650,14440,0.599030471,14,35,Comercio al por menor en ferreterías y tlapalerías | Comercio al por menor de artículos para la limpieza | Comercio al por menor de vidrios y espejos,9.700665188,24.25166297,54.67425775,132.622015
21,176,9664,21176,6616,9673,0.683965678,2,5,Comercio al por menor en ferreterías y tlapalerías,2.069536424,5.17384106,54.44560676,83.32662802
21,177,54757,21177,20304,54778,0.370659754,71,194,Comercio al por menor de vidrios y espejos | Comercio al por menor en ferreterías y tlapalerías | Comercio al por menor de artículos para la limpieza | Comercio al por menor de pintura,12.96637873,35.42926019,52.90588135,394.917078
21,178,15977,21178,15977,15985,0.999499531,8,25.5,Comercio al por menor en ferreterías y tlapalerías | Comercio al por menor de artículos para la limpieza,5.007197847,15.96044314,49.88708194,171.9517515
21,179,31639,21179,20084,31683,0.633904618,25,73.5,Comercio al por menor de artículos para la limpieza | Comercio al por menor en ferreterías y tlapalerías | Comercio al por menor de pintura | Comercio al por menor de pisos y recubrimientos cerámicos | Comercio al por menor de artículos para albercas y otros artículos,7.901640381,23.23082272,53.99606414,419.2816371
21,180,41547,21180,11971,41606,0.287722925,55,155.5,Comercio al por menor de vidrios y espejos | Comercio al por menor de artículos para la limpieza | Comercio al por menor en ferreterías y tlapalerías | Comercio al por menor de pintura | Comercio al por menor de artículos para albercas y otros artículos,13.23801959,37.42749176,55.70922918,312.079181
21,181,7425,21181,341,7439,0.045839495,16,40,Comercio al por menor en ferreterías y tlapalerías | Comercio al por menor de artículos para la limpieza | Comercio al por menor de vidrios y espejos,21.54882155,53.87205387,56.96209653,21.374032
21,182,5390,21182,226,5430,0.041620626,10,30.5,Comercio al por menor de artículos para la limpieza | Comercio al por menor en ferreterías y tlapalerías,18.5528757,56.58627087,55.25476487,14.85958234
21,183,20433,21183,14224,20446,0.695686198,9,22.5,Comercio al por menor en ferreterías y tlapalerías | Comercio al por menor de artículos para la limpieza,4.404639554,11.01159888,49.37409554,141.9010744
21,184,6422,21184,6422,6430,0.998755832,3,13,Comercio al por menor en ferreterías y tlapalerías | Comercio al por menor de vidrios y espejos,4.671441918,20.24291498,50.89213216,62.86150961
21,185,10344,21185,7181,10365,0.692812349,9,22.5,Comercio al por menor en ferreterías y tlapalerías | Comercio al por menor de artículos para la limpieza | Comercio al por menor de vidrios y espejos,8.700696056,21.75174014,53.30668449,83.45854657
21,186,55576,21186,34230,55613,0.615503569,61,176,Comercio al por menor de pintura | Comercio al por menor de artículos para la limpieza | Comercio al por menor de pisos y recubrimientos cerámicos | Comercio al por menor en ferreterías y tlapalerías | Comercio al por menor de vidrios y espejos | Comercio al por menor de artículos para albercas y otros artículos,10.97596085,31.66834605,54.83526225,292.1280847
21,187,4934,21187,4934,4936,0.999594814,6,15,Comercio al por menor en ferreterías y tlapalerías,12.16051885,30.40129712,50.01219134,54.35250822
21,188,19315,21188,12372,19344,0.639578164,16,40,Comercio al por menor de vidrios y espejos | Comercio al por menor en ferreterías y tlapalerías | Comercio al por menor de pisos y recubrimientos cerámicos | Comercio al por menor de artículos para la limpieza,8.283717318,20.7092933,52.55017687,217.9706789
21,189,22454,21189,5110,22542,0.22668796,47,146.5,Comercio al por menor de vidrios y espejos | Comercio al por menor de artículos para albercas y otros artículos | Comercio al por menor en ferreterías y tlapalerías | Comercio al por menor de pintura | Comercio al por menor de pisos y recubrimientos cerámicos | Comercio al por menor de artículos para la limpieza,20.93168255,65.24449987,55.03005836,101.4300134
21,190,1187,21190,1187,1191,0.996641478,2,5,Comercio al por menor de artículos para la limpieza | Comercio al por menor en ferreterías y tlapalerías,16.84919966,42.12299916,53.83737545,155.0009939
21,191,9871,21191,3823,9927,0.385111313,25,62.5,Comercio al por menor de pisos y recubrimientos cerámicos | Comercio al por menor en ferreterías y tlapalerías | Comercio al por menor de pintura | Comercio al por menor de vidrios y espejos,25.32671462,63.31678655,52.36679258,277.3182842
21,192,5924,21192,5924,5930,0.998988196,5,12.5,Comercio al por menor de vidrios y espejos | Comercio al por menor en ferreterías y tlapalerías | Comercio al por menor de artículos para la limpieza | Comercio al por menor de pintura,8.440243079,21.1006077,53.12996973,41.61562351
21,193,6476,21193,6476,6487,0.998304301,0,0,NA,0,0,52.25109955,277.6450802
21,194,28395,21194,8979,28717,0.312671936,60,166.5,Comercio al por menor de pintura | Comercio al por menor en ferreterías y tlapalerías | Comercio al por menor de artículos para la limpieza | Comercio al por menor de vidrios y espejos | Comercio al por menor de pisos y recubrimientos cerámicos,21.13048072,58.63708399,53.20533376,313.9712959
21,195,26559,21195,20691,26575,0.778588899,28,75.5,Comercio al por menor de pintura | Comercio al por menor de artículos para la limpieza | Comercio al por menor en ferreterías y tlapalerías | Comercio al por menor de vidrios y espejos,10.54256561,28.42727512,47.96147007,260.3937506
21,196,1570,21196,1570,1575,0.996825397,0,0,NA,0,0,53.53180228,60.15308919
21,197,80591,21197,29448,80688,0.364961333,117,356,Comercio al por menor en ferreterías y tlapalerías | Comercio al por menor de vidrios y espejos | Comercio al por menor de artículos para la limpieza | Comercio al por menor de pintura | Comercio al por menor de pisos y recubrimientos cerámicos | Comercio al por menor de artículos para albercas y otros artículos,14.51775012,44.17366703,54.8332526,310.094393
21,198,1312,21198,1312,1314,0.99847793,0,0,NA,0,0,47.31059168,204.2358969
21,199,42943,21199,18973,42943,0.441818224,39,103,Comercio al por menor de artículos para la limpieza | Comercio al por menor en ferreterías y tlapalerías | Comercio al por menor de vidrios y espejos | Comercio al por menor de pintura,9.081806115,23.98528282,53.30242137,144.9356676
21,200,3443,21200,3443,3447,0.998839571,3,7.5,Comercio al por menor de vidrios y espejos | Comercio al por menor en ferreterías y tlapalerías,8.713331397,21.78332849,51.71149743,59.79181689
21,201,3375,21201,3375,3378,0.999111901,4,15.5,Comercio al por menor en ferreterías y tlapalerías | Comercio al por menor de artículos para la limpieza,11.85185185,45.92592593,53.58946459,46.43682931
21,202,13025,21202,7304,13025,0.560767754,4,10,Comercio al por menor de artículos para la limpieza | Comercio al por menor en ferreterías y tlapalerías,3.071017274,7.677543186,50.36283972,77.85483578
21,203,7178,21203,1203,7187,0.167385557,10,25,Comercio al por menor de artículos para albercas y otros artículos | Comercio al por menor de materiales para la construcción en tiendas de autoservicio especializadas | Comercio al por menor en ferreterías y tlapalerías | Comercio al por menor de pintura | Comercio al por menor de artículos para la limpieza,13.93145723,34.82864308,53.75387799,162.9944592
21,204,7926,21204,3958,7926,0.499369165,6,15,Comercio al por menor de vidrios y espejos | Comercio al por menor en ferreterías y tlapalerías | Comercio al por menor de artículos para la limpieza,7.57002271,18.92505678,55.02493562,29.3850656
21,205,26392,21205,6687,26393,0.253362634,34,85,Comercio al por menor en ferreterías y tlapalerías | Comercio al por menor de pintura | Comercio al por menor de artículos para la limpieza | Comercio al por menor de vidrios y espejos,12.88269172,32.20672931,54.65320945,127.2479279
21,206,4647,21206,4647,4675,0.994010695,5,30.5,Comercio al por menor en ferreterías y tlapalerías,10.75962987,65.6337422,51.2381893,246.8823324
21,207,57887,21207,25058,57897,0.432803081,73,217,Comercio al por menor de vidrios y espejos | Comercio al por menor de artículos para la limpieza | Comercio al por menor en ferreterías y tlapalerías | Comercio al por menor de pisos y recubrimientos cerámicos | Comercio al por menor de pintura | Comercio al por menor de artículos para albercas y otros artículos,12.61077617,37.48682779,53.7486833,175.3310145
21,208,87361,21208,36717,87406,0.420074137,129,488,Comercio al por menor de vidrios y espejos | Comercio al por menor de artículos para la limpieza | Comercio al por menor de pintura | Comercio al por menor en ferreterías y tlapalerías | Comercio al por menor de artículos para albercas y otros artículos | Comercio al por menor de pisos y recubrimientos cerámicos,14.76631449,55.86016644,55.42489038,485.7570021
21,209,8595,21209,5380,8669,0.620602146,6,15,Comercio al por menor en ferreterías y tlapalerías | Comercio al por menor de artículos para la limpieza | Comercio al por menor de vidrios y espejos,6.980802792,17.45200698,53.13909933,428.1985938
21,210,5675,21210,5675,5675,1,6,15,Comercio al por menor de artículos para la limpieza | Comercio al por menor en ferreterías y tlapalerías,10.57268722,26.43171806,52.85921601,20.20091357
21,211,16752,21211,5265,16758,0.314178303,43,118.5,Comercio al por menor en ferreterías y tlapalerías | Comercio al por menor de artículos para la limpieza | Comercio al por menor de pintura | Comercio al por menor de vidrios y espejos | Comercio al por menor de pisos y recubrimientos cerámicos,25.66857689,70.73782235,57.2523537,30.56655239
21,212,20717,21212,16120,20720,0.777992278,14,35,Comercio al por menor de artículos para la limpieza | Comercio al por menor en ferreterías y tlapalerías | Comercio al por menor de pintura | Comercio al por menor de vidrios y espejos,6.757735193,16.89433798,51.19291869,264.9823352
21,213,11967,21213,11967,12087,0.990071978,6,38.5,Comercio al por menor en ferreterías y tlapalerías,5.013787917,32.1718058,51.12229549,174.8623882
21,214,18359,21214,441,18374,0.024001306,32,85.5,Comercio al por menor de pintura | Comercio al por menor en ferreterías y tlapalerías | Comercio al por menor de pisos y recubrimientos cerámicos | Comercio al por menor de artículos para la limpieza | Comercio al por menor de vidrios y espejos,17.43014325,46.57116401,54.45233649,62.67431994
21,215,4539,21215,310,4539,0.068296982,4,10,Comercio al por menor en ferreterías y tlapalerías,8.81251377,22.03128442,52.13039512,36.24489304
21,216,2452,21216,2452,2471,0.992310805,2,5,Comercio al por menor en ferreterías y tlapalerías | Comercio al por menor de artículos para la limpieza,8.156606852,20.39151713,50.77783938,19.01399077
21,217,20335,21217,11589,20348,0.569540004,25,68,Comercio al por menor de artículos para la limpieza | Comercio al por menor en ferreterías y tlapalerías | Comercio al por menor de pintura | Comercio al por menor de vidrios y espejos,12.29407426,33.43988198,48.10382086,268.4749316
22,0,2368467,22000,0,2849,0,0,0,NA,0,0,NA,NA
22,1,66841,22001,55256,66918,0.825727009,63,174,Comercio al por menor en ferreterías y tlapalerías | Comercio al por menor de artículos para la limpieza | Comercio al por menor de pintura | Comercio al por menor de pisos y recubrimientos cerámicos | Comercio al por menor de artículos para albercas y otros artículos | Comercio al por menor de vidrios y espejos,9.425352703,26.03192651,52.63847099,707.9974407
22,2,27365,22002,27365,27474,0.996032613,7,17.5,Comercio al por menor en ferreterías y tlapalerías | Comercio al por menor de pintura | Comercio al por menor de artículos para la limpieza | Comercio al por menor de vidrios y espejos,2.558012059,6.395030148,51.30612427,705.5431587
22,3,13142,22003,10471,13217,0.79223727,10,48.5,Comercio al por menor de vidrios y espejos | Comercio al por menor de pintura | Comercio al por menor en ferreterías y tlapalerías | Comercio al por menor de artículos para la limpieza,7.609191904,36.90458073,54.42210257,725.1634257
22,4,69075,22004,48102,69314,0.693972358,61,181.5,Comercio al por menor en ferreterías y tlapalerías | Comercio al por menor de vidrios y espejos | Comercio al por menor de artículos para la limpieza | Comercio al por menor de pisos y recubrimientos cerámicos | Comercio al por menor de pintura | Comercio al por menor de artículos para albercas y otros artículos,8.830980818,26.27578719,53.82687774,1335.794587
22,5,67121,22005,36994,67258,0.550031223,83,224,Comercio al por menor de vidrios y espejos | Comercio al por menor de materiales para la construcción en tiendas de autoservicio especializadas | Comercio al por menor de pintura | Comercio al por menor en ferreterías y tlapalerías | Comercio al por menor de artículos para albercas y otros artículos | Comercio al por menor de artículos para la limpieza | Comercio al por menor de pisos y recubrimientos cerámicos,12.36572757,33.37256596,54.78220541,803.3364588
22,6,212567,22006,20375,212658,0.095811115,314,1203.5,Comercio al por menor de vidrios y espejos | Comercio al por menor de artículos para la limpieza | Comercio al por menor de artículos para albercas y otros artículos | Comercio al por menor de pisos y recubrimientos cerámicos | Comercio al por menor de pintura | Comercio al por menor en ferreterías y tlapalerías | Comercio al por menor de materiales para la construcción en tiendas de autoservicio especializadas,14.77181312,56.61744297,60.91704145,232.990351
22,7,45141,22007,17534,45425,0.385998899,96,339.5,Comercio al por menor en ferreterías y tlapalerías | Comercio al por menor de vidrios y espejos | Comercio al por menor de artículos para la limpieza | Comercio al por menor de pintura | Comercio al por menor de pisos y recubrimientos cerámicos | Comercio al por menor de artículos para albercas y otros artículos,21.26669768,75.20879024,56.14213393,297.7220303
22,8,36808,22008,28713,36888,0.778383214,23,92,Comercio al por menor en ferreterías y tlapalerías | Comercio al por menor de artículos para la limpieza | Comercio al por menor de vidrios y espejos,6.2486416,24.9945664,55.80599661,385.0581565
22,9,27343,22009,13393,27417,0.488492541,34,90.5,Comercio al por menor de pisos y recubrimientos cerámicos | Comercio al por menor de vidrios y espejos | Comercio al por menor en ferreterías y tlapalerías | Comercio al por menor de artículos para la limpieza | Comercio al por menor de pintura | Comercio al por menor de materiales para la construcción en tiendas de autoservicio especializadas,12.43462678,33.09805069,55.31001491,1175.000194
22,10,18794,22010,18794,18838,0.997664296,7,23,Comercio al por menor de vidrios y espejos | Comercio al por menor en ferreterías y tlapalerías | Comercio al por menor de artículos para la limpieza,3.724592955,12.23794828,51.85755195,712.7308098
22,11,231668,22011,54595,231910,0.2354146,218,824.5,Comercio al por menor de artículos para la limpieza | Comercio al por menor de vidrios y espejos | Comercio al por menor en ferreterías y tlapalerías | Comercio al por menor de materiales para la construcción en tiendas de autoservicio especializadas | Comercio al por menor de artículos para albercas y otros artículos | Comercio al por menor de pintura | Comercio al por menor de pisos y recubrimientos cerámicos,9.410017784,35.58972322,58.74118011,741.2928999
22,12,77404,22012,14959,77532,0.192939689,117,363,Comercio al por menor en ferreterías y tlapalerías | Comercio al por menor de artículos para albercas y otros artículos | Comercio al por menor de vidrios y espejos | Comercio al por menor de artículos para la limpieza | Comercio al por menor de pintura | Comercio al por menor de pisos y recubrimientos cerámicos,15.11549791,46.8968012,56.96100523,320.6042121
22,13,19141,22013,19141,19222,0.995786078,4,10,Comercio al por menor en ferreterías y tlapalerías | Comercio al por menor de vidrios y espejos,2.089754976,5.224387441,53.09753616,688.6432518
22,14,1049777,22014,47141,1049920,0.044899611,1850,7623.5,Comercio al por menor de pintura | Comercio al por menor en ferreterías y tlapalerías | Comercio al por menor de vidrios y espejos | Comercio al por menor de artículos para la limpieza | Comercio al por menor de pisos y recubrimientos cerámicos | Comercio al por menor de artículos para albercas y otros artículos | Comercio al por menor de materiales para la construcción en tiendas de autoservicio especializadas,17.62279036,72.62018505,60.36498336,676.94642
22,15,8359,22015,8359,8373,0.998327959,11,33,Comercio al por menor de vidrios y espejos | Comercio al por menor en ferreterías y tlapalerías | Comercio al por menor de pintura | Comercio al por menor de artículos para la limpieza,13.15946884,39.47840651,52.50472272,274.3540428
22,16,297804,22016,50646,298536,0.169647882,568,1885,Comercio al por menor de vidrios y espejos | Comercio al por menor de artículos para la limpieza | Comercio al por menor de pisos y recubrimientos cerámicos | Comercio al por menor en ferreterías y tlapalerías | Comercio al por menor de artículos para albercas y otros artículos | Comercio al por menor de pintura | Comercio al por menor de materiales para la construcción en tiendas de autoservicio especializadas,19.07294731,63.29666492,58.8118456,764.8286352
22,17,72201,22017,12148,72379,0.167838738,188,539,Comercio al por menor de pisos y recubrimientos cerámicos | Comercio al por menor de artículos para la limpieza | Comercio al por menor de artículos para albercas y otros artículos | Comercio al por menor de vidrios y espejos | Comercio al por menor de pintura | Comercio al por menor en ferreterías y tlapalerías,26.03842052,74.65270564,57.34164284,366.5888083
22,18,27916,22018,14621,28037,0.52148946,31,83,Comercio al por menor de artículos para la limpieza | Comercio al por menor en ferreterías y tlapalerías | Comercio al por menor de vidrios y espejos | Comercio al por menor de pintura,11.1047428,29.7320533,53.3292165,674.6726585
23,0,1857985,23000,0,5139,0,0,0,NA,0,0,NA,NA
23,1,88626,23001,4107,88974,0.046159552,76,485,Comercio al por menor de vidrios y espejos | Comercio al por menor de artículos para albercas y otros artículos | Comercio al por menor de artículos para la limpieza | Comercio al por menor en ferreterías y tlapalerías | Comercio al por menor de pisos y recubrimientos cerámicos | Comercio al por menor de pintura | Comercio al por menor de materiales para la construcción en tiendas de autoservicio especializadas,8.575361632,54.72434726,58.67829283,488.8993381
23,2,83990,23002,36263,84218,0.430584911,55,258.5,Comercio al por menor en ferreterías y tlapalerías | Comercio al por menor de vidrios y espejos | Comercio al por menor de artículos para la limpieza | Comercio al por menor de pintura,6.548398619,30.77747351,52.64708619,12867.01458
23,3,22686,23003,2844,22936,0.12399721,23,68.5,Comercio al por menor en ferreterías y tlapalerías | Comercio al por menor de artículos para la limpieza | Comercio al por menor de pintura | Comercio al por menor de artículos para albercas y otros artículos | Comercio al por menor de vidrios y espejos,10.13841136,30.19483382,56.94251443,869.0791075
23,4,233648,23004,46790,235190,0.198945533,205,1384.5,Comercio al por menor en ferreterías y tlapalerías | Comercio al por menor de vidrios y espejos | Comercio al por menor de artículos para albercas y otros artículos | Comercio al por menor de artículos para la limpieza | Comercio al por menor de pintura | Comercio al por menor de pisos y recubrimientos cerámicos | Comercio al por menor de materiales para la construcción en tiendas de autoservicio especializadas,8.773882079,59.2558036,57.81639596,9925.597383
23,5,911503,23005,2917,911897,0.003198826,784,4787.5,Comercio al por menor de vidrios y espejos | Comercio al por menor de pintura | Comercio al por menor de artículos para albercas y otros artículos | Comercio al por menor de artículos para la limpieza | Comercio al por menor en ferreterías y tlapalerías | Comercio al por menor de pisos y recubrimientos cerámicos | Comercio al por menor de materiales para la construcción en tiendas de autoservicio especializadas,8.601178493,52.52314035,59.71400587,923.250281
23,6,39165,23006,22924,39277,0.583649464,23,86.5,Comercio al por menor en ferreterías y tlapalerías | Comercio al por menor de pintura | Comercio al por menor de artículos para la limpieza | Comercio al por menor de vidrios y espejos,5.872590323,22.08604621,52.49732248,4819.338264
23,7,29171,23007,21036,29313,0.717633814,18,74,Comercio al por menor en ferreterías y tlapalerías | Comercio al por menor de materiales para la construcción en tiendas de autoservicio especializadas | Comercio al por menor de pintura | Comercio al por menor de artículos para la limpieza | Comercio al por menor de vidrios y espejos,6.17051181,25.36765966,53.592571,3613.552347
23,8,333800,23008,5980,334587,0.01787278,281,1383,Comercio al por menor de vidrios y espejos | Comercio al por menor en ferreterías y tlapalerías | Comercio al por menor de artículos para albercas y otros artículos | Comercio al por menor de artículos para la limpieza | Comercio al por menor de pisos y recubrimientos cerámicos | Comercio al por menor de pintura | Comercio al por menor de materiales para la construcción en tiendas de autoservicio especializadas,8.4182145,41.43199521,59.57563017,1997.937361
23,9,46721,23009,13347,47149,0.283081295,89,384,Comercio al por menor de artículos para albercas y otros artículos | Comercio al por menor de vidrios y espejos | Comercio al por menor en ferreterías y tlapalerías | Comercio al por menor de pisos y recubrimientos cerámicos | Comercio al por menor de materiales para la construcción en tiendas de autoservicio especializadas | Comercio al por menor de pintura | Comercio al por menor de artículos para la limpieza,19.0492498,82.19002162,56.14796008,2005.612906
23,10,41754,23010,23831,42147,0.565425772,25,135,Comercio al por menor en ferreterías y tlapalerías | Comercio al por menor de pintura | Comercio al por menor de artículos para la limpieza | Comercio al por menor de vidrios y espejos,5.987450304,32.33223164,53.48349813,6030.755226
23,11,26921,23011,688,27436,0.025076542,34,263,Comercio al por menor de vidrios y espejos | Comercio al por menor de artículos para albercas y otros artículos | Comercio al por menor de pisos y recubrimientos cerámicos | Comercio al por menor de materiales para la construcción en tiendas de autoservicio especializadas | Comercio al por menor en ferreterías y tlapalerías | Comercio al por menor de artículos para la limpieza | Comercio al por menor de pintura,12.62954571,97.69325062,58.24967742,1031.33348
24,0,2822255,24000,0,10431,0,0,0,NA,0,0,NA,NA
24,1,18974,24001,13725,19066,0.719867828,23,57.5,Comercio al por menor en ferreterías y tlapalerías | Comercio al por menor de artículos para la limpieza | Comercio al por menor de pisos y recubrimientos cerámicos | Comercio al por menor de vidrios y espejos,12.12185095,30.30462738,52.78314553,767.2872754
24,2,7785,24002,7785,7818,0.995778972,2,5,Comercio al por menor en ferreterías y tlapalerías,2.569043031,6.422607579,51.22823769,580.2312345
24,3,48359,24003,44993,48566,0.926430013,12,30,Comercio al por menor en ferreterías y tlapalerías | Comercio al por menor de pintura | Comercio al por menor de artículos para la limpieza | Comercio al por menor de vidrios y espejos,2.48144089,6.203602225,47.73915838,786.3500784
24,4,4013,24004,4013,4040,0.993316832,0,0,NA,0,0,52.89966537,616.8974542
24,5,18317,24005,2976,18362,0.162073848,28,70,Comercio al por menor en ferreterías y tlapalerías | Comercio al por menor de artículos para la limpieza | Comercio al por menor de pintura | Comercio al por menor de pisos y recubrimientos cerámicos | Comercio al por menor de vidrios y espejos,15.28634602,38.21586504,56.8674868,386.5372554
24,6,9579,24006,9579,9753,0.982159336,0,0,NA,0,0,51.27114602,1923.823678
24,7,19840,24007,7033,19941,0.352690437,24,60,Comercio al por menor en ferreterías y tlapalerías | Comercio al por menor de artículos para la limpieza | Comercio al por menor de pintura | Comercio al por menor de pisos y recubrimientos cerámicos | Comercio al por menor de vidrios y espejos,12.09677419,30.24193548,56.85594051,1156.700292
24,8,22075,24008,6383,22124,0.288510215,39,126.5,Comercio al por menor de artículos para la limpieza | Comercio al por menor en ferreterías y tlapalerías | Comercio al por menor de materiales para la construcción en tiendas de autoservicio especializadas | Comercio al por menor de artículos para albercas y otros artículos | Comercio al por menor de vidrios y espejos | Comercio al por menor de pintura | Comercio al por menor de pisos y recubrimientos cerámicos,17.66704417,57.30464326,56.94902458,952.3294063
24,9,5050,24009,5050,5065,0.9970385,0,0,NA,0,0,56.32480808,121.8714497
24,10,30320,24010,16768,30400,0.551578947,25,62.5,Comercio al por menor de vidrios y espejos | Comercio al por menor en ferreterías y tlapalerías | Comercio al por menor de pintura | Comercio al por menor de artículos para la limpieza,8.245382586,20.61345646,54.03035472,3117.318837
24,11,48106,24011,11831,48299,0.244953312,62,344.5,Comercio al por menor de vidrios y espejos | Comercio al por menor en ferreterías y tlapalerías | Comercio al por menor de artículos para la limpieza | Comercio al por menor de artículos para albercas y otros artículos | Comercio al por menor de pintura | Comercio al por menor de pisos y recubrimientos cerámicos,12.88820521,71.61268865,57.15082187,513.1654547
24,12,20300,24012,17602,20498,0.858717924,10,36,Comercio al por menor de artículos para la limpieza | Comercio al por menor en ferreterías y tlapalerías | Comercio al por menor de pintura | Comercio al por menor de vidrios y espejos,4.926108374,17.73399015,49.14119419,136.0225341
24,13,179371,24013,43020,180636,0.238158507,264,1023.5,Comercio al por menor de vidrios y espejos | Comercio al por menor de artículos para la limpieza | Comercio al por menor de pintura | Comercio al por menor en ferreterías y tlapalerías | Comercio al por menor de pisos y recubrimientos cerámicos | Comercio al por menor de artículos para albercas y otros artículos,14.71809824,57.06050588,57.44799501,2398.750942
24,14,15660,24014,15660,15693,0.997897152,4,15.5,Comercio al por menor en ferreterías y tlapalerías | Comercio al por menor de pintura | Comercio al por menor de vidrios y espejos,2.554278416,9.897828863,50.63193604,90.06100093
24,15,21814,24015,7697,22093,0.348390893,22,55,Comercio al por menor en ferreterías y tlapalerías | Comercio al por menor de pintura | Comercio al por menor de artículos para la limpieza | Comercio al por menor de vidrios y espejos,10.08526634,25.21316586,54.64412511,2133.341668
24,16,40899,24016,6826,41046,0.166301223,37,131,Comercio al por menor de artículos para la limpieza | Comercio al por menor en ferreterías y tlapalerías | Comercio al por menor de pintura | Comercio al por menor de vidrios y espejos,9.046675958,32.03012299,56.16443591,691.3302631
24,17,25119,24017,25119,25212,0.99631128,4,15.5,Comercio al por menor de materiales para la construcción en tiendas de autoservicio especializadas | Comercio al por menor en ferreterías y tlapalerías | Comercio al por menor de vidrios y espejos,1.59242008,6.170627812,49.00704719,3705.719014
24,18,15334,24018,15334,15353,0.998762457,1,2.5,Comercio al por menor en ferreterías y tlapalerías,0.652145559,1.630363897,50.52751879,70.76179257
24,19,5453,24019,5453,5529,0.986254296,1,2.5,Comercio al por menor en ferreterías y tlapalerías,1.833852925,4.584632312,52.75604306,530.272922
24,20,102199,24020,15513,102608,0.151187042,163,536,Comercio al por menor en ferreterías y tlapalerías | Comercio al por menor de artículos para la limpieza | Comercio al por menor de vidrios y espejos | Comercio al por menor de pintura | Comercio al por menor de pisos y recubrimientos cerámicos | Comercio al por menor de artículos para albercas y otros artículos,15.94927543,52.44669713,58.22050047,1287.542879
24,21,58469,24021,54841,58503,0.937404919,20,79,Comercio al por menor de pisos y recubrimientos cerámicos | Comercio al por menor en ferreterías y tlapalerías | Comercio al por menor de artículos para la limpieza | Comercio al por menor de pintura | Comercio al por menor de vidrios y espejos,3.420616053,13.51143341,54.02482342,868.0037503
24,22,19036,24022,13796,19122,0.721472649,14,35,Comercio al por menor de pisos y recubrimientos cerámicos | Comercio al por menor en ferreterías y tlapalerías | Comercio al por menor de artículos para la limpieza | Comercio al por menor de pintura | Comercio al por menor de vidrios y espejos,7.354486237,18.38621559,53.76556791,1277.747021
24,23,15301,24023,9061,15382,0.589065141,19,71,Comercio al por menor en ferreterías y tlapalerías | Comercio al por menor de pintura | Comercio al por menor de artículos para la limpieza | Comercio al por menor de vidrios y espejos,12.41748905,46.40219593,52.76145251,778.5607655
24,24,97943,24024,39785,98677,0.403184126,136,521,Comercio al por menor en ferreterías y tlapalerías | Comercio al por menor de vidrios y espejos | Comercio al por menor de pisos y recubrimientos cerámicos | Comercio al por menor de pintura | Comercio al por menor de artículos para albercas y otros artículos | Comercio al por menor de artículos para la limpieza,13.88562735,53.19420479,56.24867854,3033.036701
24,25,31107,24025,12521,31214,0.401134106,41,137,Comercio al por menor en ferreterías y tlapalerías | Comercio al por menor de vidrios y espejos | Comercio al por menor de pintura | Comercio al por menor de materiales para la construcción en tiendas de autoservicio especializadas | Comercio al por menor de artículos para la limpieza | Comercio al por menor de pisos y recubrimientos cerámicos,13.18031311,44.04153406,55.32062569,1711.350297
24,26,9382,24026,9382,9449,0.992909303,6,20.5,Comercio al por menor en ferreterías y tlapalerías | Comercio al por menor de artículos para la limpieza,6.395224899,21.85035174,50.84186834,93.76665509
24,27,10215,24027,2854,10343,0.275935415,17,66,Comercio al por menor en ferreterías y tlapalerías | Comercio al por menor de pintura | Comercio al por menor de artículos para la limpieza | Comercio al por menor de vidrios y espejos | Comercio al por menor de artículos para albercas y otros artículos,16.64219285,64.61086637,55.37628911,632.9486092
24,28,911908,24028,36997,912153,0.040560081,1382,5277,Comercio al por menor de vidrios y espejos | Comercio al por menor de materiales para la construcción en tiendas de autoservicio especializadas | Comercio al por menor en ferreterías y tlapalerías | Comercio al por menor de artículos para albercas y otros artículos | Comercio al por menor de pisos y recubrimientos cerámicos | Comercio al por menor de artículos para la limpieza | Comercio al por menor de pintura,15.15503757,57.86767963,60.48914536,1319.85493
24,29,18468,24029,15796,18813,0.839632169,4,33.5,Comercio al por menor de pintura | Comercio al por menor en ferreterías y tlapalerías | Comercio al por menor de artículos para la limpieza,2.165908599,18.13948451,49.35503301,409.2089297
24,30,4779,24030,4779,4834,0.988622259,4,10,Comercio al por menor en ferreterías y tlapalerías,8.369951873,20.92487968,53.69140014,685.2400357
24,31,12163,24031,12163,12265,0.991683653,0,0,NA,0,0,44.4703231,634.4164382
24,32,39880,24032,25540,40338,0.633149883,43,118.5,Comercio al por menor en ferreterías y tlapalerías | Comercio al por menor de pisos y recubrimientos cerámicos | Comercio al por menor de materiales para la construcción en tiendas de autoservicio especializadas | Comercio al por menor de pintura | Comercio al por menor de artículos para la limpieza | Comercio al por menor de vidrios y espejos,10.78234704,29.71414243,53.4361251,1684.166506
24,33,10785,24033,10785,10834,0.995477201,2,5,Comercio al por menor en ferreterías y tlapalerías,1.854427446,4.636068614,52.99057286,4275.729654
24,34,14945,24034,8214,15242,0.538905655,12,48,Comercio al por menor en ferreterías y tlapalerías | Comercio al por menor de artículos para la limpieza | Comercio al por menor de vidrios y espejos,8.029441285,32.11776514,53.82502396,513.5782517
24,35,332072,24035,12239,332549,0.036803599,469,1609.5,Comercio al por menor de vidrios y espejos | Comercio al por menor de artículos para albercas y otros artículos | Comercio al por menor en ferreterías y tlapalerías | Comercio al por menor de artículos para la limpieza | Comercio al por menor de pintura | Comercio al por menor de pisos y recubrimientos cerámicos | Comercio al por menor de materiales para la construcción en tiendas de autoservicio especializadas,14.12344311,48.46840444,60.29328198,302.5339031
24,36,29184,24036,16947,29380,0.576820967,26,65,Comercio al por menor de pintura | Comercio al por menor en ferreterías y tlapalerías | Comercio al por menor de vidrios y espejos | Comercio al por menor de artículos para la limpieza,8.908991228,22.27247807,51.09097996,1309.606176
24,37,95037,24037,65036,95259,0.682728141,57,247.5,Comercio al por menor en ferreterías y tlapalerías | Comercio al por menor de pintura | Comercio al por menor de pisos y recubrimientos cerámicos | Comercio al por menor de artículos para albercas y otros artículos | Comercio al por menor de materiales para la construcción en tiendas de autoservicio especializadas | Comercio al por menor de artículos para la limpieza | Comercio al por menor de vidrios y espejos,5.997664068,26.04248871,52.82997314,350.4226722
24,38,14348,24038,14348,14452,0.992803764,7,17.5,Comercio al por menor en ferreterías y tlapalerías | Comercio al por menor de artículos para la limpieza | Comercio al por menor de vidrios y espejos,4.878728743,12.19682186,50.74266273,185.5334386
24,39,13603,24039,10527,13914,0.75657611,5,23.5,Comercio al por menor de pintura | Comercio al por menor en ferreterías y tlapalerías | Comercio al por menor de vidrios y espejos | Comercio al por menor de artículos para la limpieza,3.675659781,17.27560097,51.14748496,260.1131428
24,40,36968,24040,16949,37547,0.451407569,26,70.5,Comercio al por menor en ferreterías y tlapalerías | Comercio al por menor de vidrios y espejos | Comercio al por menor de pintura | Comercio al por menor de artículos para la limpieza | Comercio al por menor de artículos para albercas y otros artículos,7.033109717,19.0705475,55.07299475,1824.398758
24,41,18208,24041,18208,18312,0.994320664,8,20,Comercio al por menor en ferreterías y tlapalerías | Comercio al por menor de pintura | Comercio al por menor de artículos para la limpieza,4.393673111,10.98418278,52.08494157,371.0886185
24,42,13448,24042,3990,13659,0.292115089,16,76,Comercio al por menor de artículos para la limpieza | Comercio al por menor en ferreterías y tlapalerías | Comercio al por menor de pintura | Comercio al por menor de vidrios y espejos,11.89767995,56.51397977,55.31330285,142.0091714
24,43,7966,24043,3006,8163,0.368246968,21,52.5,Comercio al por menor en ferreterías y tlapalerías | Comercio al por menor de pintura | Comercio al por menor de pisos y recubrimientos cerámicos | Comercio al por menor de artículos para la limpieza | Comercio al por menor de vidrios y espejos,26.36203866,65.90509666,52.04996205,473.9535043
24,44,7557,24044,7557,7607,0.993427107,6,15,Comercio al por menor en ferreterías y tlapalerías | Comercio al por menor de artículos para la limpieza | Comercio al por menor de vidrios y espejos,7.939658595,19.84914649,53.0245584,2769.346548
24,45,14188,24045,7803,14368,0.543081849,16,40,Comercio al por menor en ferreterías y tlapalerías | Comercio al por menor de pisos y recubrimientos cerámicos | Comercio al por menor de artículos para la limpieza | Comercio al por menor de vidrios y espejos,11.27713561,28.19283902,53.65326927,1287.007424
24,46,18206,24046,12080,18417,0.65591573,20,50,Comercio al por menor de artículos para la limpieza | Comercio al por menor en ferreterías y tlapalerías | Comercio al por menor de pisos y recubrimientos cerámicos | Comercio al por menor de vidrios y espejos,10.98538943,27.46347358,53.20875074,869.2481645
24,47,9277,24047,9277,9391,0.987860718,1,2.5,Comercio al por menor en ferreterías y tlapalerías,1.077934677,2.694836693,50.92454268,1891.739097
24,48,5298,24048,1597,5309,0.300809945,8,38,Comercio al por menor de artículos para la limpieza | Comercio al por menor en ferreterías y tlapalerías | Comercio al por menor de vidrios y espejos,15.10003775,71.72517931,56.40370441,142.286785
24,49,38389,24049,12109,38509,0.314445974,26,94,Comercio al por menor en ferreterías y tlapalerías | Comercio al por menor de vidrios y espejos | Comercio al por menor de artículos para la limpieza | Comercio al por menor de pisos y recubrimientos cerámicos,6.772773451,24.48618094,53.45976671,2465.416747
24,50,52912,24050,31205,53147,0.587145088,27,73,Comercio al por menor de vidrios y espejos | Comercio al por menor en ferreterías y tlapalerías | Comercio al por menor de pintura | Comercio al por menor de pisos y recubrimientos cerámicos | Comercio al por menor de artículos para la limpieza,5.102812217,13.79649229,54.98628147,1009.674033
24,51,15458,24051,12371,15513,0.797460195,10,54,Comercio al por menor en ferreterías y tlapalerías | Comercio al por menor de artículos para la limpieza | Comercio al por menor de vidrios y espejos,6.469142192,34.93336784,54.28928344,1480.618723
24,52,10304,24052,6816,10339,0.659251378,7,23,Comercio al por menor en ferreterías y tlapalerías | Comercio al por menor de vidrios y espejos,6.793478261,22.32142857,53.51827008,633.451768
24,53,32544,24053,24499,32704,0.749113258,31,101,Comercio al por menor en ferreterías y tlapalerías | Comercio al por menor de artículos para la limpieza | Comercio al por menor de pintura | Comercio al por menor de vidrios y espejos,9.525565388,31.03490659,54.47156155,189.3684448
24,54,49741,24054,43097,49826,0.864950026,24,71,Comercio al por menor en ferreterías y tlapalerías | Comercio al por menor de vidrios y espejos | Comercio al por menor de pintura | Comercio al por menor de artículos para la limpieza | Comercio al por menor de pisos y recubrimientos cerámicos,4.824993466,14.273939,50.85549849,394.830992
24,55,27386,24055,15961,27553,0.579283563,6,15,Comercio al por menor en ferreterías y tlapalerías | Comercio al por menor de artículos para la limpieza,2.19090046,5.47725115,54.64560289,607.9368018
24,56,17258,24056,8794,17388,0.505751093,29,72.5,Comercio al por menor de artículos para la limpieza | Comercio al por menor en ferreterías y tlapalerías | Comercio al por menor de pintura | Comercio al por menor de vidrios y espejos,16.80380114,42.00950284,54.64338576,580.5079209
24,57,28996,24057,22261,29014,0.767250293,20,61,Comercio al por menor en ferreterías y tlapalerías | Comercio al por menor de pisos y recubrimientos cerámicos | Comercio al por menor de pintura | Comercio al por menor de artículos para la limpieza | Comercio al por menor de artículos para albercas y otros artículos | Comercio al por menor de vidrios y espejos,6.897503104,21.03738447,52.26642144,116.0552676
24,58,20959,24058,9898,21095,0.469210713,18,56,Comercio al por menor en ferreterías y tlapalerías | Comercio al por menor de pintura | Comercio al por menor de artículos para la limpieza | Comercio al por menor de vidrios y espejos,8.588196002,26.71883201,56.47548947,812.620096
25,0,3026943,25000,0,27059,0,0,0,NA,0,0,NA,NA
25,1,459310,25001,84422,461094,0.18309065,422,2245.5,Comercio al por menor en ferreterías y tlapalerías | Comercio al por menor de pintura | Comercio al por menor de artículos para la limpieza | Comercio al por menor de vidrios y espejos | Comercio al por menor de pisos y recubrimientos cerámicos | Comercio al por menor de artículos para albercas y otros artículos | Comercio al por menor de materiales para la construcción en tiendas de autoservicio especializadas,9.187694585,48.88855022,58.66511047,3468.035281
25,2,44093,25002,26301,44439,0.591845001,27,96.5,Comercio al por menor de vidrios y espejos | Comercio al por menor en ferreterías y tlapalerías | Comercio al por menor de pintura | Comercio al por menor de artículos para la limpieza | Comercio al por menor de artículos para albercas y otros artículos,6.123420951,21.88556007,57.27675113,1888.873346
25,3,26542,25003,22348,27047,0.82626539,14,69.5,Comercio al por menor de vidrios y espejos | Comercio al por menor en ferreterías y tlapalerías | Comercio al por menor de materiales para la construcción en tiendas de autoservicio especializadas | Comercio al por menor de pintura | Comercio al por menor de artículos para albercas y otros artículos,5.274659031,26.18491448,51.19032174,4789.967104
25,4,24899,25004,15035,25213,0.596319359,11,56.5,Comercio al por menor en ferreterías y tlapalerías | Comercio al por menor de vidrios y espejos | Comercio al por menor de pintura,4.417848106,22.69167436,55.91430785,2143.745201
25,5,17012,25005,9124,17115,0.53309962,11,51,Comercio al por menor en ferreterías y tlapalerías | Comercio al por menor de vidrios y espejos | Comercio al por menor de pintura,6.466023983,29.97883847,54.73370721,2149.040859
25,6,1003530,25006,121273,1009937,0.120079767,884,5401.5,Comercio al por menor en ferreterías y tlapalerías | Comercio al por menor de vidrios y espejos | Comercio al por menor de materiales para la construcción en tiendas de autoservicio especializadas | Comercio al por menor de artículos para albercas y otros artículos | Comercio al por menor de pintura | Comercio al por menor de artículos para la limpieza | Comercio al por menor de pisos y recubrimientos cerámicos,8.808904567,53.82499776,59.64695606,5670.002561
25,7,29334,25007,19006,29898,0.635694695,18,50.5,Comercio al por menor de vidrios y espejos | Comercio al por menor en ferreterías y tlapalerías | Comercio al por menor de pintura | Comercio al por menor de artículos para la limpieza,6.136224177,17.21551783,53.3869684,3189.303539
25,8,55339,25008,32564,60051,0.542272402,47,163,Comercio al por menor en ferreterías y tlapalerías | Comercio al por menor de pisos y recubrimientos cerámicos | Comercio al por menor de vidrios y espejos | Comercio al por menor de artículos para la limpieza | Comercio al por menor de pintura | Comercio al por menor de artículos para albercas y otros artículos,8.493106128,29.45481487,55.81498471,1625.761413
25,9,59988,25009,13321,60245,0.221113785,59,158.5,Comercio al por menor en ferreterías y tlapalerías | Comercio al por menor de artículos para albercas y otros artículos | Comercio al por menor de vidrios y espejos | Comercio al por menor de pintura | Comercio al por menor de artículos para la limpieza | Comercio al por menor de pisos y recubrimientos cerámicos,9.835300393,26.42195106,56.43021279,1539.449272
25,10,96593,25010,57603,97112,0.593160475,51,174.5,Comercio al por menor de vidrios y espejos | Comercio al por menor de pintura | Comercio al por menor en ferreterías y tlapalerías | Comercio al por menor de pisos y recubrimientos cerámicos | Comercio al por menor de artículos para la limpieza,5.279885706,18.06549129,55.54283669,4060.648727
25,11,289370,25011,101724,291945,0.348435493,224,1199,Comercio al por menor de pintura | Comercio al por menor en ferreterías y tlapalerías | Comercio al por menor de artículos para albercas y otros artículos | Comercio al por menor de vidrios y espejos | Comercio al por menor de artículos para la limpieza | Comercio al por menor de materiales para la construcción en tiendas de autoservicio especializadas | Comercio al por menor de pisos y recubrimientos cerámicos,7.740954487,41.43484121,57.4289427,2751.493262
25,12,501441,25012,27229,503665,0.054061728,586,2973,Comercio al por menor de vidrios y espejos | Comercio al por menor en ferreterías y tlapalerías | Comercio al por menor de materiales para la construcción en tiendas de autoservicio especializadas | Comercio al por menor de artículos para albercas y otros artículos | Comercio al por menor de pisos y recubrimientos cerámicos | Comercio al por menor de artículos para la limpieza | Comercio al por menor de pintura,11.68632003,59.28912873,59.69996426,2506.364024
25,13,40358,25013,28188,40668,0.693124816,16,40,Comercio al por menor en ferreterías y tlapalerías | Comercio al por menor de pintura | Comercio al por menor de vidrios y espejos,3.964517568,9.911293919,55.29155962,2772.950371
25,14,52345,25014,30907,52756,0.585848055,35,158,Comercio al por menor en ferreterías y tlapalerías | Comercio al por menor de materiales para la construcción en tiendas de autoservicio especializadas | Comercio al por menor de artículos para la limpieza | Comercio al por menor de pintura | Comercio al por menor de vidrios y espejos,6.686407489,30.18435381,55.84904966,2607.305929
25,15,79492,25015,9061,79633,0.113784486,96,376.5,Comercio al por menor en ferreterías y tlapalerías | Comercio al por menor de vidrios y espejos | Comercio al por menor de artículos para la limpieza | Comercio al por menor de pintura | Comercio al por menor de pisos y recubrimientos cerámicos | Comercio al por menor de artículos para albercas y otros artículos,12.07668696,47.36325668,59.13579025,765.9640056
25,16,19505,25016,11045,19794,0.557997373,14,46,Comercio al por menor en ferreterías y tlapalerías | Comercio al por menor de pintura | Comercio al por menor de vidrios y espejos,7.177646757,23.58369649,54.62315087,5015.433279
25,17,78670,25017,64068,79552,0.805360016,25,62.5,Comercio al por menor en ferreterías y tlapalerías | Comercio al por menor de artículos para la limpieza | Comercio al por menor de pintura | Comercio al por menor de vidrios y espejos,3.177831448,7.94457862,53.48603043,6253.571322
25,18,149122,25018,61492,153838,0.399719185,66,279.5,Comercio al por menor de vidrios y espejos | Comercio al por menor de artículos para la limpieza | Comercio al por menor en ferreterías y tlapalerías | Comercio al por menor de pintura | Comercio al por menor de artículos para albercas y otros artículos | Comercio al por menor de pisos y recubrimientos cerámicos,4.425906305,18.74304261,56.69042426,2308.908233
26,0,2944840,26000,0,21970,0,0,0,NA,0,0,NA,NA
26,1,2563,26001,2563,2574,0.995726496,4,15.5,Comercio al por menor en ferreterías y tlapalerías,15.60671089,60.47600468,57.17587277,368.5837469
26,2,91929,26002,900,92209,0.009760436,100,406,Comercio al por menor de vidrios y espejos | Comercio al por menor de pintura | Comercio al por menor de pisos y recubrimientos cerámicos | Comercio al por menor en ferreterías y tlapalerías | Comercio al por menor de materiales para la construcción en tiendas de autoservicio especializadas | Comercio al por menor de artículos para la limpieza | Comercio al por menor de artículos para albercas y otros artículos,10.87796016,44.16451827,58.63212027,3973.425742
26,3,24976,26003,14015,25437,0.550969061,13,32.5,Comercio al por menor en ferreterías y tlapalerías | Comercio al por menor de pintura | Comercio al por menor de artículos para la limpieza | Comercio al por menor de artículos para albercas y otros artículos,5.204996797,13.01249199,53.43643186,6377.099845
26,4,9492,26004,1053,9725,0.108277635,9,102,Comercio al por menor en ferreterías y tlapalerías | Comercio al por menor de pintura | Comercio al por menor de artículos para la limpieza | Comercio al por menor de vidrios y espejos,9.481668774,107.4589128,57.25491611,4489.661377
26,5,1177,26005,1177,1179,0.998303647,2,5,Comercio al por menor en ferreterías y tlapalerías,16.99235344,42.4808836,56.7328167,724.7161562
26,6,2788,26006,2788,2904,0.960055096,3,7.5,Comercio al por menor en ferreterías y tlapalerías | Comercio al por menor de artículos para la limpieza,10.76040172,26.9010043,57.22584757,3083.21044
26,7,626,26007,626,640,0.978125,0,0,NA,0,0,57.67987902,302.0696132
26,8,979,26008,979,979,1,1,2.5,Comercio al por menor en ferreterías y tlapalerías,10.2145046,25.53626149,56.57577857,1067.407305
26,9,759,26009,759,785,0.966878981,0,0,NA,0,0,56.47377885,1126.537772
26,10,1221,26010,1221,1240,0.984677419,2,5,Comercio al por menor en ferreterías y tlapalerías,16.38001638,40.95004095,56.08340546,1348.937133
26,11,1475,26011,1475,1565,0.942492013,4,10,Comercio al por menor en ferreterías y tlapalerías | Comercio al por menor de pintura,27.11864407,67.79661017,57.22584106,1236.854812
26,12,23151,26012,8175,24003,0.340582427,14,58.5,Comercio al por menor en ferreterías y tlapalerías | Comercio al por menor de pintura | Comercio al por menor de artículos para la limpieza | Comercio al por menor de vidrios y espejos,6.047254978,25.26888687,55.85004691,1574.690312
26,13,1825,26013,1825,1866,0.978027867,1,20.5,Comercio al por menor en ferreterías y tlapalerías,5.479452055,112.3287671,58.3416456,809.8318558
26,14,3191,26014,3191,3222,0.990378647,5,18,Comercio al por menor en ferreterías y tlapalerías,15.66906926,56.40864933,57.69600534,842.9215967
26,15,1169,26015,1169,1171,0.998292058,0,0,NA,0,0,57.09094386,1729.523687
26,16,4988,26016,151,5052,0.029889153,4,15.5,Comercio al por menor en ferreterías y tlapalerías,8.019246191,31.07457899,57.40744071,1415.920404
26,17,89122,26017,16359,90361,0.181040493,82,442.5,Comercio al por menor en ferreterías y tlapalerías | Comercio al por menor de artículos para la limpieza | Comercio al por menor de pisos y recubrimientos cerámicos | Comercio al por menor de pintura | Comercio al por menor de vidrios y espejos | Comercio al por menor de artículos para albercas y otros artículos,9.200870717,49.65104015,57.93844846,10732.82417
26,18,436484,26018,30698,439239,0.069889058,390,2140.5,Comercio al por menor en ferreterías y tlapalerías | Comercio al por menor de pintura | Comercio al por menor de vidrios y espejos | Comercio al por menor de artículos para albercas y otros artículos | Comercio al por menor de pisos y recubrimientos cerámicos | Comercio al por menor de artículos para la limpieza | Comercio al por menor de materiales para la construcción en tiendas de autoservicio especializadas,8.935035419,49.03959824,59.6178883,4850.303817
26,19,39451,26019,1338,39569,0.03381435,36,352,Comercio al por menor en ferreterías y tlapalerías | Comercio al por menor de vidrios y espejos | Comercio al por menor de artículos para la limpieza | Comercio al por menor de pintura | Comercio al por menor de pisos y recubrimientos cerámicos,9.125243974,89.22460774,59.67506345,2330.687871
26,20,4946,26020,463,5159,0.089746075,1,2.5,Comercio al por menor de artículos para la limpieza,2.021835827,5.054589567,56.15363247,2583.964771
26,21,1848,26021,1848,2044,0.904109589,1,2.5,Comercio al por menor en ferreterías y tlapalerías,5.411255411,13.52813853,56.50228551,4111.067877
26,22,863,26022,863,1031,0.837051406,1,2.5,Comercio al por menor en ferreterías y tlapalerías,11.58748552,28.96871379,56.13481824,1583.654589
26,23,5829,26023,2895,5854,0.494533652,14,35,Comercio al por menor en ferreterías y tlapalerías | Comercio al por menor de vidrios y espejos,24.01784183,60.04460456,58.66222957,2014.49962
26,24,753,26024,753,753,1,0,0,NA,0,0,57.66895795,385.8667374
26,25,51431,26025,12545,52598,0.238507168,45,141.5,Comercio al por menor en ferreterías y tlapalerías | Comercio al por menor de pintura | Comercio al por menor de vidrios y espejos | Comercio al por menor de pisos y recubrimientos cerámicos | Comercio al por menor de materiales para la construcción en tiendas de autoservicio especializadas | Comercio al por menor de artículos para la limpieza,8.749586825,27.51258968,58.5098275,590.551577
26,26,61309,26026,29534,61834,0.477633664,25,86,Comercio al por menor de pintura | Comercio al por menor en ferreterías y tlapalerías | Comercio al por menor de materiales para la construcción en tiendas de autoservicio especializadas | Comercio al por menor de artículos para la limpieza | Comercio al por menor de vidrios y espejos,4.077704742,14.02730431,55.01033461,941.9489795
26,27,9041,26027,1801,9223,0.195272688,7,17.5,Comercio al por menor en ferreterías y tlapalerías | Comercio al por menor de vidrios y espejos,7.74250636,19.3562659,59.05135822,2631.023589
26,28,1009,26028,1009,1009,1,2,5,Comercio al por menor en ferreterías y tlapalerías | Comercio al por menor de vidrios y espejos,19.82160555,49.55401388,57.97045554,364.2505228
26,29,156863,26029,20666,157672,0.131069562,168,964,Comercio al por menor de artículos para albercas y otros artículos | Comercio al por menor en ferreterías y tlapalerías | Comercio al por menor de vidrios y espejos | Comercio al por menor de artículos para la limpieza | Comercio al por menor de pisos y recubrimientos cerámicos | Comercio al por menor de pintura | Comercio al por menor de materiales para la construcción en tiendas de autoservicio especializadas,10.7099826,61.45490014,58.51913291,7912.754993
26,30,936263,26030,31406,941285,0.033365028,779,5166.5,Comercio al por menor en ferreterías y tlapalerías | Comercio al por menor de pisos y recubrimientos cerámicos | Comercio al por menor de artículos para albercas y otros artículos | Comercio al por menor de artículos para la limpieza | Comercio al por menor de pintura | Comercio al por menor de vidrios y espejos | Comercio al por menor de materiales para la construcción en tiendas de autoservicio especializadas,8.320311707,55.18214433,60.44375386,16908.005
26,31,1186,26031,1186,1205,0.984232365,1,2.5,Comercio al por menor en ferreterías y tlapalerías,8.431703204,21.07925801,56.55340976,1200.482025
26,32,888,26032,888,889,0.998875141,1,20.5,Comercio al por menor en ferreterías y tlapalerías,11.26126126,230.8558559,58.08765525,823.2508942
26,33,77682,26033,38719,78056,0.496041304,60,188.5,Comercio al por menor en ferreterías y tlapalerías | Comercio al por menor de pintura | Comercio al por menor de pisos y recubrimientos cerámicos | Comercio al por menor de artículos para la limpieza | Comercio al por menor de vidrios y espejos,7.723797019,24.26559563,56.19929424,1828.31746
26,34,943,26034,943,950,0.992631579,1,2.5,Comercio al por menor de artículos para la limpieza,10.60445387,26.51113468,58.3401721,421.5127374
26,35,12536,26035,5612,13203,0.425054912,9,40.5,Comercio al por menor en ferreterías y tlapalerías | Comercio al por menor de vidrios y espejos | Comercio al por menor de pisos y recubrimientos cerámicos,7.179323548,32.30695597,57.83316989,2182.16992
26,36,33049,26036,2620,33415,0.078407901,29,107,Comercio al por menor en ferreterías y tlapalerías | Comercio al por menor de vidrios y espejos | Comercio al por menor de artículos para la limpieza | Comercio al por menor de pintura | Comercio al por menor de pisos y recubrimientos cerámicos,8.774849466,32.37616872,59.56835074,1245.71272
26,37,1101,26037,1101,1129,0.975199291,2,5,Comercio al por menor en ferreterías y tlapalerías,18.16530427,45.41326067,57.15254379,681.7079011
26,38,5173,26038,386,5184,0.074459877,4,33.5,Comercio al por menor en ferreterías y tlapalerías,7.732456988,64.75932728,58.62205378,1879.149199
26,39,5774,26039,289,5802,0.04981041,6,15,Comercio al por menor en ferreterías y tlapalerías | Comercio al por menor de pintura | Comercio al por menor de vidrios y espejos,10.39140977,25.97852442,58.4678342,1247.615395
26,40,1531,26040,1531,1547,0.989657401,1,2.5,Comercio al por menor en ferreterías y tlapalerías,6.531678641,16.3291966,54.84497563,2834.127647
26,41,14369,26041,1382,14483,0.095422219,17,48,Comercio al por menor en ferreterías y tlapalerías | Comercio al por menor de pintura | Comercio al por menor de vidrios y espejos,11.83102512,33.40524741,60.15600543,1738.201242
26,42,164387,26042,40793,165029,0.247186858,134,602,Comercio al por menor de artículos para albercas y otros artículos | Comercio al por menor de vidrios y espejos | Comercio al por menor en ferreterías y tlapalerías | Comercio al por menor de pisos y recubrimientos cerámicos | Comercio al por menor de artículos para la limpieza | Comercio al por menor de pintura | Comercio al por menor de materiales para la construcción en tiendas de autoservicio especializadas,8.151496165,36.62090068,57.94197484,2788.837516
26,43,264782,26043,3645,265225,0.013743048,158,973.5,Comercio al por menor de vidrios y espejos | Comercio al por menor en ferreterías y tlapalerías | Comercio al por menor de artículos para la limpieza | Comercio al por menor de pisos y recubrimientos cerámicos | Comercio al por menor de pintura | Comercio al por menor de artículos para albercas y otros artículos | Comercio al por menor de materiales para la construcción en tiendas de autoservicio especializadas,5.967172995,36.76609437,59.02241676,1769.33118
26,44,365,26044,365,380,0.960526316,0,0,NA,0,0,57.21117924,532.2830867
26,45,2438,26045,2438,2652,0.919306184,2,5,Comercio al por menor en ferreterías y tlapalerías,8.203445447,20.50861362,55.4563267,2228.852735
26,46,496,26046,496,518,0.957528958,0,0,NA,0,0,57.93451517,921.1580566
26,47,9122,26047,1233,9401,0.13115626,7,17.5,Comercio al por menor en ferreterías y tlapalerías | Comercio al por menor de vidrios y espejos,7.673755755,19.18438939,57.56640205,9839.776196
26,48,62689,26048,388,62785,0.00617982,92,467,Comercio al por menor de pisos y recubrimientos cerámicos | Comercio al por menor de artículos para la limpieza | Comercio al por menor de vidrios y espejos | Comercio al por menor de pintura | Comercio al por menor en ferreterías y tlapalerías | Comercio al por menor de artículos para albercas y otros artículos | Comercio al por menor de materiales para la construcción en tiendas de autoservicio especializadas,14.67562092,74.49472794,58.63921462,6250.024063
26,49,3090,26049,3090,3333,0.927092709,2,5,Comercio al por menor en ferreterías y tlapalerías,6.472491909,16.18122977,49.44108495,3758.167016
26,50,1496,26050,1496,1524,0.981627297,1,2.5,Comercio al por menor en ferreterías y tlapalerías,6.684491979,16.71122995,56.27904204,879.898132
26,51,4830,26051,1903,4970,0.382897384,4,10,Comercio al por menor en ferreterías y tlapalerías,8.281573499,20.70393375,54.34442347,3503.111138
26,52,5257,26052,1657,5305,0.312346843,7,23,Comercio al por menor en ferreterías y tlapalerías,13.31557923,43.75118889,56.52261407,4995.16398
26,53,369,26053,369,372,0.991935484,0,0,NA,0,0,57.98489908,151.5628618
26,54,537,26054,537,551,0.974591652,0,0,NA,0,0,57.53867648,534.3041679
26,55,199021,26055,11748,200395,0.058624217,193,978,Comercio al por menor de pisos y recubrimientos cerámicos | Comercio al por menor de artículos para la limpieza | Comercio al por menor en ferreterías y tlapalerías | Comercio al por menor de pintura | Comercio al por menor de vidrios y espejos | Comercio al por menor de artículos para albercas y otros artículos | Comercio al por menor de materiales para la construcción en tiendas de autoservicio especializadas,9.697469111,49.14054296,58.53364548,8986.136166
26,56,10729,26056,1287,10871,0.118388373,5,18,Comercio al por menor en ferreterías y tlapalerías | Comercio al por menor de artículos para la limpieza,4.660266567,16.77695964,54.11632547,1115.505468
26,57,1458,26057,1458,1521,0.958579882,2,5,Comercio al por menor en ferreterías y tlapalerías,13.71742112,34.29355281,56.60275644,2227.647612
26,58,16203,26058,3831,16437,0.233071728,20,97,Comercio al por menor de vidrios y espejos | Comercio al por menor en ferreterías y tlapalerías | Comercio al por menor de pintura | Comercio al por menor de pisos y recubrimientos cerámicos | Comercio al por menor de artículos para la limpieza,12.3433932,59.86545701,58.99520985,1482.243087
26,59,1835,26059,1835,1907,0.962244363,1,2.5,Comercio al por menor en ferreterías y tlapalerías,5.449591281,13.6239782,56.73901548,1008.42986
26,60,2058,26060,2058,2148,0.958100559,0,0,NA,0,0,55.37840923,1363.971224
26,61,1368,26061,1368,1448,0.944751381,0,0,NA,0,0,55.93018614,1712.531909
26,62,1114,26062,1114,1154,0.965337955,2,5,Comercio al por menor en ferreterías y tlapalerías,17.95332136,44.88330341,56.56874223,911.3900355
26,63,1178,26063,1178,1178,1,0,0,NA,0,0,57.21701998,778.5999874
26,64,1381,26064,1381,1477,0.935003385,1,2.5,Comercio al por menor en ferreterías y tlapalerías,7.241129616,18.10282404,56.44950537,3020.190602
26,65,1473,26065,1473,1563,0.942418426,0,0,NA,0,0,55.94143438,1735.694575
26,66,8548,26066,4929,8851,0.556886228,6,20.5,Comercio al por menor en ferreterías y tlapalerías | Comercio al por menor de vidrios y espejos,7.019185774,23.98221806,57.35413621,3086.301485
26,67,1429,26067,1429,1430,0.999300699,2,5,Comercio al por menor en ferreterías y tlapalerías,13.99580126,34.98950315,57.50087084,1480.244333
26,68,1043,26068,1043,1118,0.932915921,1,2.5,Comercio al por menor en ferreterías y tlapalerías,9.587727709,23.96931927,56.59460078,1121.585118
26,69,4793,26069,4793,4920,0.974186992,2,5,Comercio al por menor en ferreterías y tlapalerías,4.17275193,10.43187982,53.18762101,2658.000562
26,70,13627,26070,2187,13780,0.158708273,13,81.5,Comercio al por menor en ferreterías y tlapalerías | Comercio al por menor de pintura | Comercio al por menor de vidrios y espejos,9.539884054,59.80773464,57.53339376,3692.852038
26,71,21692,26071,5594,21887,0.255585507,18,50.5,Comercio al por menor de pintura | Comercio al por menor en ferreterías y tlapalerías | Comercio al por menor de vidrios y espejos,8.297990042,23.28047206,56.85479635,366.8652326
26,72,14279,26072,3153,14635,0.215442433,7,17.5,Comercio al por menor en ferreterías y tlapalerías,4.902304083,12.25576021,55.37436067,1238.134991
27,0,2402598,27000,0,1855,0,0,0,NA,0,0,NA,NA
27,1,58524,27001,38910,59351,0.655591313,39,130.5,Comercio al por menor de vidrios y espejos | Comercio al por menor de artículos para la limpieza | Comercio al por menor en ferreterías y tlapalerías | Comercio al por menor de pintura,6.663932746,22.29854419,53.96582007,3573.571037
27,2,243229,27002,92253,243275,0.379212825,231,849.5,Comercio al por menor de vidrios y espejos | Comercio al por menor de artículos para la limpieza | Comercio al por menor en ferreterías y tlapalerías | Comercio al por menor de pisos y recubrimientos cerámicos | Comercio al por menor de pintura | Comercio al por menor de artículos para albercas y otros artículos,9.497222782,34.925934,55.97417244,2045.46019
27,3,107731,27003,62380,107951,0.577854767,66,239.5,Comercio al por menor de vidrios y espejos | Comercio al por menor de pintura | Comercio al por menor en ferreterías y tlapalerías | Comercio al por menor de artículos para la limpieza,6.126370311,22.23129833,54.03598675,2690.704392
27,4,683607,27004,118085,683636,0.17273081,667,3732.5,Comercio al por menor de artículos para la limpieza | Comercio al por menor de pintura | Comercio al por menor de vidrios y espejos | Comercio al por menor en ferreterías y tlapalerías | Comercio al por menor de artículos para albercas y otros artículos | Comercio al por menor de pisos y recubrimientos cerámicos | Comercio al por menor de materiales para la construcción en tiendas de autoservicio especializadas,9.757068023,54.60008455,58.73058819,1714.767714
27,5,214877,27005,113784,214878,0.529528384,146,554,Comercio al por menor de vidrios y espejos | Comercio al por menor de artículos para la limpieza | Comercio al por menor en ferreterías y tlapalerías | Comercio al por menor de pintura | Comercio al por menor de pisos y recubrimientos cerámicos | Comercio al por menor de materiales para la construcción en tiendas de autoservicio especializadas | Comercio al por menor de artículos para albercas y otros artículos,6.794584809,25.78219167,56.32858257,766.1636377
27,6,137257,27006,86144,137257,0.627610978,66,248.5,Comercio al por menor de vidrios y espejos | Comercio al por menor de artículos para la limpieza | Comercio al por menor en ferreterías y tlapalerías | Comercio al por menor de pintura | Comercio al por menor de artículos para albercas y otros artículos,4.808497927,18.10472326,55.47096921,597.525973
27,7,32181,27007,6067,32313,0.187757249,34,101.5,Comercio al por menor de artículos para la limpieza | Comercio al por menor de pintura | Comercio al por menor en ferreterías y tlapalerías | Comercio al por menor de vidrios y espejos,10.56524036,31.5403499,57.27544943,591.887828
27,8,190885,27008,106149,191136,0.555358488,95,373.5,Comercio al por menor de vidrios y espejos | Comercio al por menor de pintura | Comercio al por menor de artículos para la limpieza | Comercio al por menor en ferreterías y tlapalerías | Comercio al por menor de pisos y recubrimientos cerámicos | Comercio al por menor de artículos para albercas y otros artículos,4.976818503,19.56675485,54.20232119,3713.500512
27,9,37749,27009,32748,37754,0.867404778,13,38,Comercio al por menor de pintura | Comercio al por menor de vidrios y espejos | Comercio al por menor en ferreterías y tlapalerías | Comercio al por menor de artículos para la limpieza,3.443799836,10.06649183,55.50791974,591.7984149
27,10,91185,27010,43590,91200,0.477960526,67,243.5,Comercio al por menor de artículos para la limpieza | Comercio al por menor en ferreterías y tlapalerías | Comercio al por menor de pisos y recubrimientos cerámicos | Comercio al por menor de pintura | Comercio al por menor de vidrios y espejos,7.347699731,26.7039535,56.33212084,368.7319717
27,11,30798,27011,23411,30973,0.755851871,8,20,Comercio al por menor en ferreterías y tlapalerías | Comercio al por menor de pintura | Comercio al por menor de vidrios y espejos,2.597571271,6.493928177,53.31799496,1641.522703
27,12,158601,27012,91019,158621,0.573814312,99,322,Comercio al por menor en ferreterías y tlapalerías | Comercio al por menor de artículos para la limpieza | Comercio al por menor de pisos y recubrimientos cerámicos | Comercio al por menor de pintura | Comercio al por menor de vidrios y espejos,6.24207918,20.30252016,54.32942388,2426.156823
27,13,150300,27013,48235,150303,0.320918411,103,391.5,Comercio al por menor de vidrios y espejos | Comercio al por menor de artículos para la limpieza | Comercio al por menor de pintura | Comercio al por menor en ferreterías y tlapalerías | Comercio al por menor de pisos y recubrimientos cerámicos | Comercio al por menor de materiales para la construcción en tiendas de autoservicio especializadas,6.852960745,26.04790419,57.7795397,534.0750704
27,14,96741,27014,43350,96741,0.4481037,73,303.5,Comercio al por menor de vidrios y espejos | Comercio al por menor de artículos para la limpieza | Comercio al por menor de pintura | Comercio al por menor en ferreterías y tlapalerías | Comercio al por menor de artículos para albercas y otros artículos,7.545921584,31.37242741,57.57745107,407.3704162
27,15,47905,27015,37100,47927,0.774093935,20,73.5,Comercio al por menor en ferreterías y tlapalerías | Comercio al por menor de vidrios y espejos | Comercio al por menor de artículos para la limpieza | Comercio al por menor de pintura,4.174929548,15.34286609,54.32755676,734.5255274
27,16,58718,27016,25498,58741,0.434075007,34,161,Comercio al por menor de artículos para la limpieza | Comercio al por menor de vidrios y espejos | Comercio al por menor de pintura | Comercio al por menor en ferreterías y tlapalerías,5.790387956,27.41919003,55.54970622,420.6247534
27,17,62310,27017,27364,62396,0.438553753,53,190.5,Comercio al por menor en ferreterías y tlapalerías | Comercio al por menor de vidrios y espejos | Comercio al por menor de artículos para la limpieza | Comercio al por menor de materiales para la construcción en tiendas de autoservicio especializadas | Comercio al por menor de pintura | Comercio al por menor de artículos para albercas y otros artículos,8.505857808,30.57294174,54.73495845,1882.857065
28,0,3527735,28000,0,14528,0,0,0,NA,0,0,NA,NA
28,1,9822,28001,4567,9878,0.462340555,6,15,Comercio al por menor de vidrios y espejos | Comercio al por menor en ferreterías y tlapalerías,6.108735492,15.27183873,56.32805045,1838.876973
28,2,28725,28002,14391,29443,0.488774921,34,96,Comercio al por menor de artículos para la limpieza | Comercio al por menor en ferreterías y tlapalerías | Comercio al por menor de pisos y recubrimientos cerámicos | Comercio al por menor de pintura | Comercio al por menor de artículos para albercas y otros artículos | Comercio al por menor de vidrios y espejos,11.83637946,33.42036554,56.15519175,3780.888972
28,3,269790,28003,22390,271196,0.082560215,240,771,Comercio al por menor en ferreterías y tlapalerías | Comercio al por menor de vidrios y espejos | Comercio al por menor de artículos para la limpieza | Comercio al por menor de pintura | Comercio al por menor de materiales para la construcción en tiendas de autoservicio especializadas | Comercio al por menor de pisos y recubrimientos cerámicos | Comercio al por menor de artículos para albercas y otros artículos,8.895807851,28.57778272,58.987793,1643.689908
28,4,8850,28004,5362,9060,0.59183223,4,15.5,Comercio al por menor en ferreterías y tlapalerías,4.519774011,17.51412429,54.49283969,576.0844847
28,5,4256,28005,4256,4455,0.955331089,5,18,Comercio al por menor en ferreterías y tlapalerías | Comercio al por menor de artículos para la limpieza | Comercio al por menor de vidrios y espejos,11.7481203,42.29323308,55.06290007,1885.43001
28,6,7542,28006,7542,7548,0.999205087,2,5,Comercio al por menor en ferreterías y tlapalerías,2.651816494,6.629541236,48.44442173,1434.404419
28,7,16546,28007,7173,16874,0.425091857,11,27.5,Comercio al por menor de pisos y recubrimientos cerámicos | Comercio al por menor en ferreterías y tlapalerías | Comercio al por menor de pintura | Comercio al por menor de vidrios y espejos,6.648132479,16.6203312,57.28344793,922.2767853
28,8,4143,28008,4143,4418,0.93775464,0,0,NA,0,0,51.77997559,2981.276447
28,9,205933,28009,0,205933,0,196,773.5,Comercio al por menor en ferreterías y tlapalerías | Comercio al por menor de artículos para albercas y otros artículos | Comercio al por menor de vidrios y espejos | Comercio al por menor de artículos para la limpieza | Comercio al por menor de pisos y recubrimientos cerámicos | Comercio al por menor de pintura | Comercio al por menor de materiales para la construcción en tiendas de autoservicio especializadas,9.517658656,37.56076005,60.45927865,48.02457778
28,10,1671,28010,1671,1764,0.947278912,2,5,Comercio al por menor en ferreterías y tlapalerías,11.96888091,29.92220227,54.32848922,1869.583442
28,11,8288,28011,8288,8483,0.977012849,2,5,Comercio al por menor en ferreterías y tlapalerías,2.413127413,6.032818533,54.975243,722.4358117
28,12,41470,28012,14145,41971,0.337018417,47,150.5,Comercio al por menor de vidrios y espejos | Comercio al por menor en ferreterías y tlapalerías | Comercio al por menor de artículos para la limpieza | Comercio al por menor de pintura,11.33349409,36.29129491,55.67004334,3207.913063
28,13,15032,28013,15032,15349,0.979347189,5,12.5,Comercio al por menor en ferreterías y tlapalerías | Comercio al por menor de artículos para la limpieza | Comercio al por menor de vidrios y espejos,3.32623736,8.315593401,55.03965089,1196.24977
28,14,3803,28014,352,4090,0.08606357,4,10,Comercio al por menor en ferreterías y tlapalerías | Comercio al por menor de vidrios y espejos,10.5180121,26.29503024,55.85986715,2423.394368
28,15,15677,28015,3610,15814,0.22827874,16,69,Comercio al por menor de vidrios y espejos | Comercio al por menor de artículos para la limpieza | Comercio al por menor en ferreterías y tlapalerías,10.20603432,44.013523,57.42901879,428.6621531
28,16,17012,28016,7597,17203,0.441609022,6,15,Comercio al por menor en ferreterías y tlapalerías | Comercio al por menor de vidrios y espejos,3.526922173,8.817305431,55.65651814,2113.151872
28,17,15994,28017,9708,16093,0.603243646,13,32.5,Comercio al por menor en ferreterías y tlapalerías | Comercio al por menor de pintura | Comercio al por menor de artículos para la limpieza | Comercio al por menor de vidrios y espejos,8.128048018,20.32012005,55.32066394,2634.416043
28,18,6375,28018,2007,6419,0.312665524,3,7.5,Comercio al por menor en ferreterías y tlapalerías | Comercio al por menor de vidrios y espejos,4.705882353,11.76470588,56.075429,1651.734726
28,19,14645,28019,10966,15022,0.729996006,9,22.5,Comercio al por menor de artículos para la limpieza | Comercio al por menor en ferreterías y tlapalerías | Comercio al por menor de vidrios y espejos,6.14544213,15.36360533,54.39371286,2540.737795
28,20,2048,28020,2048,2129,0.961953969,0,0,NA,0,0,55.35175695,360.3873559
28,21,106144,28021,24112,106485,0.226435648,113,431.5,Comercio al por menor en ferreterías y tlapalerías | Comercio al por menor de vidrios y espejos | Comercio al por menor de artículos para la limpieza | Comercio al por menor de pisos y recubrimientos cerámicos | Comercio al por menor de pintura | Comercio al por menor de artículos para albercas y otros artículos,10.64591498,40.65232137,58.01498497,1619.895804
28,22,541979,28022,25904,543427,0.047667856,522,2187,Comercio al por menor de artículos para albercas y otros artículos | Comercio al por menor en ferreterías y tlapalerías | Comercio al por menor de vidrios y espejos | Comercio al por menor de artículos para la limpieza | Comercio al por menor de pintura | Comercio al por menor de pisos y recubrimientos cerámicos | Comercio al por menor de materiales para la construcción en tiendas de autoservicio especializadas,9.631369481,40.35211696,58.26485853,4599.046155
28,23,4280,28023,4280,4580,0.934497817,2,5,Comercio al por menor en ferreterías y tlapalerías,4.672897196,11.68224299,53.70193721,2507.734153
28,24,6385,28024,324,6487,0.049946046,3,7.5,Comercio al por menor en ferreterías y tlapalerías,4.698512138,11.74628034,58.58503035,915.1757858
28,25,26237,28025,3231,26451,0.122150391,26,106.5,Comercio al por menor en ferreterías y tlapalerías | Comercio al por menor de vidrios y espejos | Comercio al por menor de artículos para albercas y otros artículos | Comercio al por menor de pintura | Comercio al por menor de pisos y recubrimientos cerámicos | Comercio al por menor de artículos para la limpieza,9.909669551,40.59153104,58.386464,633.3296086
28,26,3704,28026,3704,3726,0.994095545,3,7.5,Comercio al por menor en ferreterías y tlapalerías | Comercio al por menor de artículos para la limpieza,8.099352052,20.24838013,50.62351346,875.7584126
28,27,425058,28027,1228,425115,0.00288863,228,1209.5,Comercio al por menor de materiales para la construcción en tiendas de autoservicio especializadas | Comercio al por menor en ferreterías y tlapalerías | Comercio al por menor de vidrios y espejos | Comercio al por menor de artículos para la limpieza | Comercio al por menor de pintura | Comercio al por menor de pisos y recubrimientos cerámicos | Comercio al por menor de artículos para albercas y otros artículos,5.363973858,28.45494027,58.93668254,1216.470586
28,28,3810,28028,1052,3893,0.270228615,3,7.5,Comercio al por menor en ferreterías y tlapalerías | Comercio al por menor de artículos para la limpieza,7.874015748,19.68503937,55.75647814,299.8283358
28,29,13190,28029,7734,13393,0.57746584,11,27.5,Comercio al por menor en ferreterías y tlapalerías | Comercio al por menor de artículos para la limpieza | Comercio al por menor de vidrios y espejos,8.339651251,20.84912813,55.28707202,1461.323792
28,30,13618,28030,5005,13804,0.362576065,15,37.5,Comercio al por menor de artículos para la limpieza | Comercio al por menor en ferreterías y tlapalerías | Comercio al por menor de materiales para la construcción en tiendas de autoservicio especializadas | Comercio al por menor de vidrios y espejos,11.01483331,27.53708327,56.48472401,1344.262829
28,31,1917,28031,1917,1958,0.979060266,4,10,Comercio al por menor en ferreterías y tlapalerías,20.86593636,52.1648409,53.82771641,474.791637
28,32,704767,28032,13210,706378,0.018701035,577,2439.5,Comercio al por menor en ferreterías y tlapalerías | Comercio al por menor de pintura | Comercio al por menor de artículos para la limpieza | Comercio al por menor de artículos para albercas y otros artículos | Comercio al por menor de vidrios y espejos | Comercio al por menor de pisos y recubrimientos cerámicos | Comercio al por menor de materiales para la construcción en tiendas de autoservicio especializadas,8.187102972,34.61427678,58.77434593,3117.631655
28,33,132484,28033,10898,133534,0.081612174,128,408.5,Comercio al por menor de artículos para albercas y otros artículos | Comercio al por menor de pintura | Comercio al por menor de pisos y recubrimientos cerámicos | Comercio al por menor en ferreterías y tlapalerías | Comercio al por menor de vidrios y espejos | Comercio al por menor de artículos para la limpieza,9.661544036,30.83391202,57.68039589,1568.816705
28,34,7411,28034,7411,7666,0.966736238,3,7.5,Comercio al por menor en ferreterías y tlapalerías,4.048036702,10.12009176,52.93247014,2884.190721
28,35,51405,28035,17438,51914,0.335901684,52,152,Comercio al por menor de artículos para la limpieza | Comercio al por menor en ferreterías y tlapalerías | Comercio al por menor de pintura | Comercio al por menor de pisos y recubrimientos cerámicos | Comercio al por menor de vidrios y espejos,10.1157475,29.56910806,56.34894408,6851.190024
28,36,926,28036,926,949,0.975763962,0,0,NA,0,0,43.87734085,538.932112
28,37,23673,28037,12362,24449,0.505623952,18,68.5,Comercio al por menor en ferreterías y tlapalerías | Comercio al por menor de pintura | Comercio al por menor de artículos para la limpieza | Comercio al por menor de vidrios y espejos,7.603599037,28.93591856,55.07405399,6648.031932
28,38,297562,28038,189,297572,6.35E-04,427,2426,Comercio al por menor en ferreterías y tlapalerías | Comercio al por menor de vidrios y espejos | Comercio al por menor de artículos para albercas y otros artículos | Comercio al por menor de artículos para la limpieza | Comercio al por menor de pintura | Comercio al por menor de materiales para la construcción en tiendas de autoservicio especializadas | Comercio al por menor de pisos y recubrimientos cerámicos,14.3499506,81.52922752,60.11114213,113.3225521
28,39,28230,28039,17253,28334,0.608915084,25,68,Comercio al por menor de vidrios y espejos | Comercio al por menor en ferreterías y tlapalerías | Comercio al por menor de pintura | Comercio al por menor de artículos para la limpieza,8.855827134,24.08784981,53.70815413,3042.90843
28,40,60055,28040,5622,60590,0.092787589,76,242.5,Comercio al por menor de artículos para la limpieza | Comercio al por menor de pintura | Comercio al por menor en ferreterías y tlapalerías | Comercio al por menor de vidrios y espejos | Comercio al por menor de pisos y recubrimientos cerámicos | Comercio al por menor de artículos para albercas y otros artículos,12.65506619,40.37965199,57.53907071,891.2372243
28,41,349688,28041,17588,350351,0.050201084,332,1713,Comercio al por menor en ferreterías y tlapalerías | Comercio al por menor de vidrios y espejos | Comercio al por menor de pisos y recubrimientos cerámicos | Comercio al por menor de artículos para la limpieza | Comercio al por menor de pintura | Comercio al por menor de artículos para albercas y otros artículos | Comercio al por menor de materiales para la construcción en tiendas de autoservicio especializadas,9.494177667,48.98652513,59.5270115,1447.67729
28,42,5361,28042,5361,5580,0.960752688,4,15.5,Comercio al por menor en ferreterías y tlapalerías,7.461294535,28.91251632,54.69354886,1274.650092
28,43,22229,28043,11902,22485,0.529330665,17,48,Comercio al por menor en ferreterías y tlapalerías | Comercio al por menor de artículos para la limpieza | Comercio al por menor de vidrios y espejos,7.647667461,21.59341401,57.33519582,861.3467674
29,0,1342977,29000,0,2288,0,0,0,NA,0,0,NA,NA
29,1,11403,29001,986,11417,0.086362442,27,84,Comercio al por menor de vidrios y espejos | Comercio al por menor de pintura | Comercio al por menor en ferreterías y tlapalerías | Comercio al por menor de artículos para la limpieza,23.67797948,73.66482505,58.89170256,11.10520373
29,2,16003,29002,1244,16003,0.077735425,31,168.5,Comercio al por menor de artículos para la limpieza | Comercio al por menor en ferreterías y tlapalerías | Comercio al por menor de pintura | Comercio al por menor de materiales para la construcción en tiendas de autoservicio especializadas | Comercio al por menor de artículos para albercas y otros artículos | Comercio al por menor de vidrios y espejos,19.37136787,105.2927576,57.89332084,11.55126776
29,3,7087,29003,7087,7251,0.97738243,2,5,Comercio al por menor de artículos para la limpieza | Comercio al por menor en ferreterías y tlapalerías,2.822068576,7.055171441,55.0604291,106.6327635
29,4,18111,29004,10879,18167,0.598833049,21,76,Comercio al por menor de artículos para la limpieza | Comercio al por menor en ferreterías y tlapalerías | Comercio al por menor de pintura | Comercio al por menor de vidrios y espejos,11.59516316,41.96344763,54.63318872,188.7236999
29,5,80725,29005,2972,80754,0.03680313,319,1077,Comercio al por menor de vidrios y espejos | Comercio al por menor de artículos para la limpieza | Comercio al por menor de pisos y recubrimientos cerámicos | Comercio al por menor en ferreterías y tlapalerías | Comercio al por menor de artículos para albercas y otros artículos | Comercio al por menor de pintura | Comercio al por menor de materiales para la construcción en tiendas de autoservicio especializadas,39.51687829,133.4159182,59.41465983,43.3942387
29,6,51172,29006,10348,51349,0.201522912,100,284.5,Comercio al por menor de artículos para albercas y otros artículos | Comercio al por menor de artículos para la limpieza | Comercio al por menor en ferreterías y tlapalerías | Comercio al por menor de pisos y recubrimientos cerámicos | Comercio al por menor de pintura | Comercio al por menor de vidrios y espejos,19.541937,55.59681076,57.81794195,252.3890893
29,7,17332,29007,3328,17337,0.191959393,36,101,Comercio al por menor de materiales para la construcción en tiendas de autoservicio especializadas | Comercio al por menor en ferreterías y tlapalerías | Comercio al por menor de pintura | Comercio al por menor de artículos para la limpieza | Comercio al por menor de vidrios y espejos,20.77082853,58.27371336,55.21145992,58.10645726
29,8,16222,29008,6152,16292,0.377608642,46,126,Comercio al por menor en ferreterías y tlapalerías | Comercio al por menor de artículos para la limpieza | Comercio al por menor de vidrios y espejos | Comercio al por menor de pintura | Comercio al por menor de artículos para albercas y otros artículos,28.35655283,77.67229688,56.47602471,82.16395094
29,9,5928,29009,2715,5928,0.457995951,10,25,Comercio al por menor de artículos para la limpieza | Comercio al por menor en ferreterías y tlapalerías | Comercio al por menor de pintura | Comercio al por menor de vidrios y espejos,16.86909582,42.17273954,56.46191933,16.97530385
29,10,73215,29010,4349,73227,0.059390662,263,764.5,Comercio al por menor en ferreterías y tlapalerías | Comercio al por menor de artículos para la limpieza | Comercio al por menor de pintura | Comercio al por menor de artículos para albercas y otros artículos | Comercio al por menor de vidrios y espejos | Comercio al por menor de pisos y recubrimientos cerámicos | Comercio al por menor de materiales para la construcción en tiendas de autoservicio especializadas,35.92160076,104.4184935,58.27347058,76.46799345
29,11,4755,29011,4755,4812,0.988154613,11,27.5,Comercio al por menor de vidrios y espejos | Comercio al por menor en ferreterías y tlapalerías | Comercio al por menor de artículos para la limpieza | Comercio al por menor de pintura | Comercio al por menor de artículos para albercas y otros artículos,23.13354364,57.8338591,56.54388197,36.17096174
29,12,9416,29012,6297,9430,0.66776246,10,25,Comercio al por menor de artículos para la limpieza | Comercio al por menor en ferreterías y tlapalerías | Comercio al por menor de artículos para albercas y otros artículos | Comercio al por menor de vidrios y espejos,10.6202209,26.55055225,55.64133154,138.875676
29,13,98764,29013,18179,98961,0.183698629,216,585.5,Comercio al por menor en ferreterías y tlapalerías | Comercio al por menor de vidrios y espejos | Comercio al por menor de artículos para la limpieza | Comercio al por menor de artículos para albercas y otros artículos | Comercio al por menor de pisos y recubrimientos cerámicos | Comercio al por menor de pintura | Comercio al por menor de materiales para la construcción en tiendas de autoservicio especializadas,21.87031712,59.2827346,57.07895672,343.6199207
29,14,15190,29014,6464,15219,0.424732243,30,75,Comercio al por menor de artículos para la limpieza | Comercio al por menor en ferreterías y tlapalerías | Comercio al por menor de pintura | Comercio al por menor de vidrios y espejos,19.74983542,49.37458855,56.57192727,174.9378212
29,15,38970,29015,11681,39058,0.299068053,83,207.5,Comercio al por menor de artículos para la limpieza | Comercio al por menor de artículos para albercas y otros artículos | Comercio al por menor en ferreterías y tlapalerías | Comercio al por menor de vidrios y espejos | Comercio al por menor de pisos y recubrimientos cerámicos | Comercio al por menor de pintura,21.29843469,53.24608673,56.91707184,160.5801491
29,16,7504,29016,68,7539,0.009019764,28,70,Comercio al por menor de artículos para la limpieza | Comercio al por menor en ferreterías y tlapalerías | Comercio al por menor de pintura | Comercio al por menor de materiales para la construcción en tiendas de autoservicio especializadas | Comercio al por menor de vidrios y espejos,37.31343284,93.28358209,57.53890753,44.16098769
29,17,11592,29017,12,11604,0.001034126,22,55,Comercio al por menor en ferreterías y tlapalerías | Comercio al por menor de pintura | Comercio al por menor de artículos para la limpieza | Comercio al por menor de vidrios y espejos,18.97860594,47.44651484,56.17888516,14.56551637
29,18,38579,29018,5255,38579,0.136214002,102,266,Comercio al por menor de vidrios y espejos | Comercio al por menor de artículos para la limpieza | Comercio al por menor en ferreterías y tlapalerías | Comercio al por menor de pintura | Comercio al por menor de materiales para la construcción en tiendas de autoservicio especializadas | Comercio al por menor de pisos y recubrimientos cerámicos | Comercio al por menor de artículos para albercas y otros artículos,26.43925452,68.94942845,57.35456929,26.00408004
29,19,22274,29019,511,22275,0.022940516,68,181,Comercio al por menor de vidrios y espejos | Comercio al por menor de artículos para la limpieza | Comercio al por menor de artículos para albercas y otros artículos | Comercio al por menor en ferreterías y tlapalerías | Comercio al por menor de pisos y recubrimientos cerámicos | Comercio al por menor de pintura,30.52886774,81.26066266,57.93840345,22.98210698
29,20,9432,29020,1025,9480,0.108122363,22,55,Comercio al por menor de artículos para la limpieza | Comercio al por menor en ferreterías y tlapalerías | Comercio al por menor de vidrios y espejos,23.32485157,58.31212892,57.21796346,98.31550995
29,21,18686,29021,5285,18783,0.281371453,43,118.5,Comercio al por menor de vidrios y espejos | Comercio al por menor de artículos para la limpieza | Comercio al por menor de pintura | Comercio al por menor en ferreterías y tlapalerías | Comercio al por menor de pisos y recubrimientos cerámicos,23.01188055,63.41646152,57.33133279,107.5809507
29,22,6432,29022,6432,6432,1,2,5,Comercio al por menor en ferreterías y tlapalerías,3.109452736,7.773631841,56.96652405,14.91122393
29,23,26309,29023,13419,26337,0.509511334,59,164,Comercio al por menor de vidrios y espejos | Comercio al por menor en ferreterías y tlapalerías | Comercio al por menor de pintura | Comercio al por menor de artículos para albercas y otros artículos | Comercio al por menor de artículos para la limpieza,22.42578585,62.33608271,56.11351609,52.21787292
29,24,28357,29024,11133,28362,0.392532261,46,115,Comercio al por menor de vidrios y espejos | Comercio al por menor de artículos para la limpieza | Comercio al por menor en ferreterías y tlapalerías | Comercio al por menor de pintura,16.22174419,40.55436048,57.94610546,60.61160986
29,25,82688,29025,988,82731,0.011942319,197,527,Comercio al por menor de pintura | Comercio al por menor de artículos para albercas y otros artículos | Comercio al por menor de vidrios y espejos | Comercio al por menor de materiales para la construcción en tiendas de autoservicio especializadas | Comercio al por menor en ferreterías y tlapalerías | Comercio al por menor de artículos para la limpieza | Comercio al por menor de pisos y recubrimientos cerámicos,23.8244969,63.73355263,56.94658892,59.3454186
29,26,24116,29026,1588,24124,0.065826563,52,130,Comercio al por menor de artículos para la limpieza | Comercio al por menor en ferreterías y tlapalerías | Comercio al por menor de pintura | Comercio al por menor de pisos y recubrimientos cerámicos | Comercio al por menor de artículos para albercas y otros artículos | Comercio al por menor de vidrios y espejos,21.56244817,53.90612042,58.09290394,25.74313322
29,27,12974,29027,82,12975,0.006319846,42,110.5,Comercio al por menor de artículos para albercas y otros artículos | Comercio al por menor en ferreterías y tlapalerías | Comercio al por menor de artículos para la limpieza | Comercio al por menor de pintura | Comercio al por menor de vidrios y espejos,32.37243718,85.17034068,57.54641787,12.46048529
29,28,25257,29028,911,25297,0.036012175,72,203.5,Comercio al por menor de vidrios y espejos | Comercio al por menor de artículos para la limpieza | Comercio al por menor en ferreterías y tlapalerías | Comercio al por menor de pintura | Comercio al por menor de materiales para la construcción en tiendas de autoservicio especializadas | Comercio al por menor de artículos para albercas y otros artículos,28.50694857,80.57172269,57.35282864,76.11912948
29,29,13328,29029,6696,13331,0.5022879,12,30,Comercio al por menor en ferreterías y tlapalerías | Comercio al por menor de artículos para la limpieza | Comercio al por menor de vidrios y espejos,9.003601441,22.5090036,57.10560716,16.40750709
29,30,15475,29030,6173,15582,0.396162238,27,91,Comercio al por menor de vidrios y espejos | Comercio al por menor de pintura | Comercio al por menor en ferreterías y tlapalerías | Comercio al por menor de artículos para la limpieza,17.44749596,58.80452342,55.41805849,153.7459147
29,31,35284,29031,4165,35446,0.11750268,83,224,Comercio al por menor en ferreterías y tlapalerías | Comercio al por menor de vidrios y espejos | Comercio al por menor de artículos para la limpieza | Comercio al por menor de pintura | Comercio al por menor de artículos para albercas y otros artículos | Comercio al por menor de pisos y recubrimientos cerámicos,23.52341004,63.48486566,58.26009397,168.8029245
29,32,13561,29032,4876,13579,0.35908388,15,37.5,Comercio al por menor en ferreterías y tlapalerías | Comercio al por menor de artículos para la limpieza | Comercio al por menor de vidrios y espejos,11.06113119,27.65282796,56.92110039,25.99991355
29,33,99896,29033,2188,99918,0.021897956,267,820.5,Comercio al por menor en ferreterías y tlapalerías | Comercio al por menor de vidrios y espejos | Comercio al por menor de pintura | Comercio al por menor de artículos para la limpieza | Comercio al por menor de artículos para albercas y otros artículos | Comercio al por menor de pisos y recubrimientos cerámicos | Comercio al por menor de materiales para la construcción en tiendas de autoservicio especializadas,26.72779691,82.13542084,60.16439803,51.65837721
29,34,45438,29034,15974,45754,0.349127945,95,248.5,Comercio al por menor de vidrios y espejos | Comercio al por menor de artículos para la limpieza | Comercio al por menor en ferreterías y tlapalerías | Comercio al por menor de pisos y recubrimientos cerámicos | Comercio al por menor de pintura | Comercio al por menor de artículos para albercas y otros artículos,20.90761037,54.68990713,55.67877649,571.953252
29,35,6294,29035,64,6306,0.010149064,15,37.5,Comercio al por menor de artículos para la limpieza | Comercio al por menor en ferreterías y tlapalerías | Comercio al por menor de vidrios y espejos,23.83222116,59.58055291,57.77178405,14.17057874
29,36,22529,29036,9592,22529,0.425762351,57,148,Comercio al por menor en ferreterías y tlapalerías | Comercio al por menor de vidrios y espejos | Comercio al por menor de artículos para la limpieza | Comercio al por menor de artículos para albercas y otros artículos | Comercio al por menor de pintura | Comercio al por menor de pisos y recubrimientos cerámicos,25.30072351,65.69310666,58.46278847,13.76619979
29,37,9207,29037,2281,9220,0.247396963,18,45,Comercio al por menor de pintura | Comercio al por menor en ferreterías y tlapalerías | Comercio al por menor de artículos para la limpieza | Comercio al por menor de vidrios y espejos,19.55034213,48.87585533,54.39490113,76.68449941
29,38,18006,29038,5378,18033,0.298231021,32,80,Comercio al por menor de artículos para la limpieza | Comercio al por menor de artículos para albercas y otros artículos | Comercio al por menor en ferreterías y tlapalerías | Comercio al por menor de vidrios y espejos,17.77185383,44.42963457,58.10912106,38.18370867
29,39,25607,29039,2982,25650,0.11625731,86,215,Comercio al por menor de vidrios y espejos | Comercio al por menor de artículos para albercas y otros artículos | Comercio al por menor en ferreterías y tlapalerías | Comercio al por menor de pintura | Comercio al por menor de artículos para la limpieza,33.58456672,83.9614168,57.14982575,41.27128154
29,40,10601,29040,7384,10654,0.693073024,10,25,Comercio al por menor en ferreterías y tlapalerías | Comercio al por menor de artículos para la limpieza | Comercio al por menor de vidrios y espejos,9.433072352,23.58268088,56.13428706,102.2030193
29,41,33499,29041,220,33517,0.006563833,86,249.5,Comercio al por menor de vidrios y espejos | Comercio al por menor de artículos para la limpieza | Comercio al por menor de pisos y recubrimientos cerámicos | Comercio al por menor de artículos para albercas y otros artículos | Comercio al por menor en ferreterías y tlapalerías | Comercio al por menor de pintura | Comercio al por menor de materiales para la construcción en tiendas de autoservicio especializadas,25.67240813,74.47983522,58.08673886,22.668506
29,42,14197,29042,0,14197,0,56,156.5,Comercio al por menor de artículos para la limpieza | Comercio al por menor de vidrios y espejos | Comercio al por menor en ferreterías y tlapalerías | Comercio al por menor de pintura | Comercio al por menor de artículos para albercas y otros artículos,39.44495316,110.2345566,58.96333807,7.739745426
29,43,42242,29043,6056,42272,0.14326268,80,223.5,Comercio al por menor de vidrios y espejos | Comercio al por menor de artículos para la limpieza | Comercio al por menor de pisos y recubrimientos cerámicos | Comercio al por menor en ferreterías y tlapalerías | Comercio al por menor de artículos para albercas y otros artículos | Comercio al por menor de materiales para la construcción en tiendas de autoservicio especializadas | Comercio al por menor de pintura,18.93849723,52.90942664,58.81167002,37.17953679
29,44,45717,29044,130,45722,0.00284327,145,391.5,Comercio al por menor de artículos para la limpieza | Comercio al por menor de vidrios y espejos | Comercio al por menor de artículos para albercas y otros artículos | Comercio al por menor en ferreterías y tlapalerías | Comercio al por menor de pisos y recubrimientos cerámicos | Comercio al por menor de pintura,31.71686681,85.63554039,58.37060591,29.34320424
29,45,6211,29045,26,6222,0.004178721,20,68,Comercio al por menor en ferreterías y tlapalerías | Comercio al por menor de artículos para la limpieza | Comercio al por menor de vidrios y espejos,32.20093383,109.483175,58.14928937,25.7680477
29,46,4951,29046,1587,5003,0.317209674,8,20,Comercio al por menor en ferreterías y tlapalerías | Comercio al por menor de artículos para la limpieza | Comercio al por menor de vidrios y espejos,16.15835185,40.39587962,54.50665942,49.78202171
29,47,3534,29047,417,3559,0.117167744,10,30.5,Comercio al por menor en ferreterías y tlapalerías | Comercio al por menor de artículos para la limpieza | Comercio al por menor de vidrios y espejos,28.29654782,86.30447085,55.74080153,25.28810791
29,48,19036,29048,0,19036,0,59,158.5,Comercio al por menor de materiales para la construcción en tiendas de autoservicio especializadas | Comercio al por menor de artículos para la limpieza | Comercio al por menor de pisos y recubrimientos cerámicos | Comercio al por menor en ferreterías y tlapalerías | Comercio al por menor de artículos para albercas y otros artículos | Comercio al por menor de pintura | Comercio al por menor de vidrios y espejos,30.99390628,83.26329061,58.75720098,11.76404047
29,49,5884,29049,52,5894,0.008822531,20,50,Comercio al por menor de vidrios y espejos | Comercio al por menor en ferreterías y tlapalerías | Comercio al por menor de artículos para la limpieza | Comercio al por menor de pintura,33.99048266,84.97620666,59.05397274,10.15175709
29,50,11761,29050,15,11776,0.001273777,29,72.5,Comercio al por menor de vidrios y espejos | Comercio al por menor de artículos para la limpieza | Comercio al por menor de pisos y recubrimientos cerámicos | Comercio al por menor de pintura | Comercio al por menor en ferreterías y tlapalerías,24.6577672,61.64441799,57.65329022,41.66681237
29,51,4092,29051,31,4097,0.007566512,7,17.5,Comercio al por menor en ferreterías y tlapalerías | Comercio al por menor de artículos para la limpieza | Comercio al por menor de materiales para la construcción en tiendas de autoservicio especializadas | Comercio al por menor de vidrios y espejos,17.10654936,42.76637341,57.11901603,7.744235286
29,52,6436,29052,258,6477,0.039833256,13,32.5,Comercio al por menor en ferreterías y tlapalerías | Comercio al por menor de artículos para la limpieza | Comercio al por menor de vidrios y espejos,20.19888129,50.49720323,56.81163964,36.57878436
29,53,7688,29053,9,7697,0.001169287,11,27.5,Comercio al por menor de vidrios y espejos | Comercio al por menor en ferreterías y tlapalerías | Comercio al por menor de artículos para la limpieza | Comercio al por menor de pintura,14.30801249,35.77003122,58.34220322,4.534349405
29,54,5689,29054,5,5694,8.78E-04,11,27.5,Comercio al por menor en ferreterías y tlapalerías | Comercio al por menor de artículos para la limpieza | Comercio al por menor de vidrios y espejos,19.33555985,48.33889963,59.00895917,4.472528537
29,55,3077,29055,185,3115,0.059390048,4,10,Comercio al por menor en ferreterías y tlapalerías | Comercio al por menor de artículos para la limpieza | Comercio al por menor de vidrios y espejos,12.99967501,32.49918752,56.32195713,28.6300968
29,56,7952,29056,1,7953,1.26E-04,27,73,Comercio al por menor en ferreterías y tlapalerías | Comercio al por menor de artículos para la limpieza | Comercio al por menor de pintura | Comercio al por menor de vidrios y espejos,33.95372233,91.80080483,58.15592359,9.148500486
29,57,4636,29057,12,4648,0.002581756,19,47.5,Comercio al por menor en ferreterías y tlapalerías | Comercio al por menor de artículos para la limpieza | Comercio al por menor de pisos y recubrimientos cerámicos | Comercio al por menor de pintura | Comercio al por menor de artículos para albercas y otros artículos | Comercio al por menor de vidrios y espejos,40.98360656,102.4590164,57.04833461,7.923508197
29,58,9463,29058,5,9463,5.28E-04,19,47.5,Comercio al por menor en ferreterías y tlapalerías | Comercio al por menor de artículos para la limpieza | Comercio al por menor de vidrios y espejos,20.0781993,50.19549826,58.19528276,10.03667642
29,59,7750,29059,2193,7755,0.2827853,22,55,Comercio al por menor en ferreterías y tlapalerías | Comercio al por menor de artículos para la limpieza | Comercio al por menor de pintura | Comercio al por menor de vidrios y espejos,28.38709677,70.96774194,57.43555583,5.408105428
29,60,5443,29060,0,5443,0,14,35,Comercio al por menor en ferreterías y tlapalerías | Comercio al por menor de vidrios y espejos,25.72110968,64.30277421,58.53915239,5.999130811
30,0,8062579,30000,0,35423,0,0,0,NA,0,0,NA,NA
30,1,9701,30001,9701,9748,0.995178498,7,23,Comercio al por menor de pintura | Comercio al por menor en ferreterías y tlapalerías | Comercio al por menor de artículos para la limpieza,7.215750954,23.70889599,53.0621822,97.13439559
30,2,3441,30002,188,3450,0.054492754,4,10,Comercio al por menor en ferreterías y tlapalerías | Comercio al por menor de artículos para la limpieza,11.62452775,29.06131938,54.38113068,18.15137556
30,3,80815,30003,25458,81489,0.312410264,99,318,Comercio al por menor de pisos y recubrimientos cerámicos | Comercio al por menor de vidrios y espejos | Comercio al por menor de artículos para la limpieza | Comercio al por menor en ferreterías y tlapalerías | Comercio al por menor de pintura | Comercio al por menor de artículos para albercas y otros artículos,12.25020108,39.34913073,54.97172453,654.4678798
30,4,41742,30004,33806,42036,0.804215434,15,37.5,Comercio al por menor en ferreterías y tlapalerías | Comercio al por menor de pintura | Comercio al por menor de artículos para la limpieza | Comercio al por menor de vidrios y espejos,3.593502947,8.983757367,54.98643493,854.8418389
30,5,5253,30005,2492,5285,0.471523179,4,10,Comercio al por menor de vidrios y espejos | Comercio al por menor en ferreterías y tlapalerías | Comercio al por menor de artículos para la limpieza,7.614696364,19.03674091,51.8152532,194.3479957
30,6,23100,30006,15327,23117,0.663018558,5,23.5,Comercio al por menor en ferreterías y tlapalerías | Comercio al por menor de artículos para la limpieza,2.164502165,10.17316017,51.15897619,168.236145
30,7,6538,30007,6538,6573,0.994675186,2,5,Comercio al por menor en ferreterías y tlapalerías,3.059039462,7.647598654,53.05883717,123.4788049
30,8,10338,30008,10338,10338,1,2,5,Comercio al por menor en ferreterías y tlapalerías,1.934610176,4.83652544,51.46288085,70.52675938
30,9,28184,30009,16280,28335,0.574554438,29,78,Comercio al por menor de vidrios y espejos | Comercio al por menor de artículos para la limpieza | Comercio al por menor en ferreterías y tlapalerías | Comercio al por menor de pintura | Comercio al por menor de pisos y recubrimientos cerámicos,10.28952597,27.67527675,54.63709168,644.0418131
30,10,64234,30010,36611,64274,0.56960824,50,154,Comercio al por menor de vidrios y espejos | Comercio al por menor de artículos para la limpieza | Comercio al por menor en ferreterías y tlapalerías | Comercio al por menor de artículos para albercas y otros artículos | Comercio al por menor de pintura | Comercio al por menor de pisos y recubrimientos cerámicos,7.784039605,23.97484198,53.0061861,326.299816
30,11,57035,30011,29954,57336,0.522429189,39,137.5,Comercio al por menor de vidrios y espejos | Comercio al por menor de artículos para la limpieza | Comercio al por menor en ferreterías y tlapalerías | Comercio al por menor de pisos y recubrimientos cerámicos | Comercio al por menor de pintura,6.837906549,24.10800386,57.56045973,824.6899449
30,12,7866,30012,7866,7877,0.998603529,1,2.5,Comercio al por menor en ferreterías y tlapalerías,1.271294177,3.178235444,53.20763497,134.6479012
30,13,26843,30013,7571,27017,0.280230966,45,165,Comercio al por menor de artículos para la limpieza | Comercio al por menor de vidrios y espejos | Comercio al por menor en ferreterías y tlapalerías | Comercio al por menor de pisos y recubrimientos cerámicos | Comercio al por menor de pintura,16.76414708,61.46853928,56.96756329,134.6775776
30,14,46955,30014,22798,48006,0.474898971,27,67.5,Comercio al por menor en ferreterías y tlapalerías | Comercio al por menor de vidrios y espejos | Comercio al por menor de artículos para la limpieza | Comercio al por menor de pintura,5.750186349,14.37546587,55.48330272,150.78339
30,15,33839,30015,20614,34088,0.604728937,30,80.5,Comercio al por menor de artículos para la limpieza | Comercio al por menor en ferreterías y tlapalerías | Comercio al por menor de vidrios y espejos | Comercio al por menor de pintura | Comercio al por menor de artículos para albercas y otros artículos | Comercio al por menor de pisos y recubrimientos cerámicos,8.86551021,23.78911906,53.90989813,429.1543859
30,16,28682,30016,8517,28725,0.296501305,53,367.5,Comercio al por menor de artículos para la limpieza | Comercio al por menor de pisos y recubrimientos cerámicos | Comercio al por menor de pintura | Comercio al por menor de vidrios y espejos | Comercio al por menor en ferreterías y tlapalerías,18.47848825,128.1291402,57.84293255,131.1254031
30,17,4709,30017,4709,4711,0.999575462,0,0,NA,0,0,55.69399239,67.30827444
30,18,1978,30018,1978,1978,1,0,0,NA,0,0,49.78171156,20.60243199
30,19,6909,30019,6909,6909,1,9,28,Comercio al por menor en ferreterías y tlapalerías | Comercio al por menor de artículos para la limpieza,13.02648719,40.52684904,49.16951246,29.73309351
30,20,11577,30020,11577,11577,1,8,38,Comercio al por menor de vidrios y espejos | Comercio al por menor de artículos para la limpieza | Comercio al por menor en ferreterías y tlapalerías,6.910253088,32.82370217,48.28134151,61.94941456
30,21,23461,30021,6353,23596,0.269240549,18,50.5,Comercio al por menor de vidrios y espejos | Comercio al por menor en ferreterías y tlapalerías | Comercio al por menor de artículos para la limpieza | Comercio al por menor de pintura,7.672307233,21.52508418,55.03746152,122.2870828
30,22,22651,30022,7281,22657,0.321357638,19,47.5,Comercio al por menor de vidrios y espejos | Comercio al por menor en ferreterías y tlapalerías | Comercio al por menor de artículos para la limpieza,8.388150634,20.97037658,53.15835085,65.06928147
30,23,49180,30023,42481,49268,0.862243241,16,40,Comercio al por menor en ferreterías y tlapalerías | Comercio al por menor de vidrios y espejos | Comercio al por menor de pintura | Comercio al por menor de artículos para la limpieza,3.253355022,8.133387556,51.58128145,518.3060454
30,24,16485,30024,10799,16499,0.654524517,13,43.5,Comercio al por menor en ferreterías y tlapalerías | Comercio al por menor de artículos para la limpieza | Comercio al por menor de pintura | Comercio al por menor de vidrios y espejos,7.885956931,26.38762511,53.01802648,276.2825152
30,25,27217,30025,19838,27222,0.728748806,9,28,Comercio al por menor de vidrios y espejos | Comercio al por menor en ferreterías y tlapalerías | Comercio al por menor de pisos y recubrimientos cerámicos | Comercio al por menor de pintura | Comercio al por menor de artículos para la limpieza,3.306756806,10.28768784,49.62229284,172.0245434
30,26,25993,30026,3233,26043,0.124140844,40,111,Comercio al por menor en ferreterías y tlapalerías | Comercio al por menor de pintura | Comercio al por menor de artículos para la limpieza | Comercio al por menor de vidrios y espejos,15.38875851,42.70380487,58.39170628,19.67508017
30,27,16120,30027,16120,16167,0.997092843,2,5,Comercio al por menor en ferreterías y tlapalerías,1.240694789,3.101736973,48.9790002,230.6036031
30,28,144550,30028,2551,144566,0.01764592,232,1011,Comercio al por menor de artículos para albercas y otros artículos | Comercio al por menor en ferreterías y tlapalerías | Comercio al por menor de vidrios y espejos | Comercio al por menor de artículos para la limpieza | Comercio al por menor de pintura | Comercio al por menor de pisos y recubrimientos cerámicos | Comercio al por menor de materiales para la construcción en tiendas de autoservicio especializadas,16.04980975,69.94119682,59.9383548,37.9574659
30,29,13701,30029,13701,13701,1,5,23.5,Comercio al por menor en ferreterías y tlapalerías | Comercio al por menor de artículos para la limpieza,3.649368659,17.1520327,50.29822672,133.4034258
30,30,41835,30030,3572,41835,0.085383052,64,189,Comercio al por menor de vidrios y espejos | Comercio al por menor de artículos para la limpieza | Comercio al por menor de pintura | Comercio al por menor en ferreterías y tlapalerías | Comercio al por menor de pisos y recubrimientos cerámicos,15.29819529,45.17748297,55.9229699,20.81636446
30,31,18888,30031,18888,18939,0.997307144,3,7.5,Comercio al por menor de materiales para la construcción en tiendas de autoservicio especializadas | Comercio al por menor de artículos para la limpieza | Comercio al por menor en ferreterías y tlapalerías,1.588310038,3.970775095,50.70520312,248.6084941
30,32,49451,30032,20796,50170,0.414510664,35,134.5,Comercio al por menor en ferreterías y tlapalerías | Comercio al por menor de pintura | Comercio al por menor de vidrios y espejos | Comercio al por menor de artículos para la limpieza | Comercio al por menor de pisos y recubrimientos cerámicos,7.077713292,27.19864108,54.13134228,657.1474349
30,33,24421,30033,19648,24471,0.802909566,8,20,Comercio al por menor en ferreterías y tlapalerías | Comercio al por menor de pintura | Comercio al por menor de vidrios y espejos | Comercio al por menor de artículos para la limpieza,3.275869129,8.189672823,51.74666957,270.037823
30,34,25011,30034,3693,25054,0.147401613,19,53,Comercio al por menor en ferreterías y tlapalerías | Comercio al por menor de pintura | Comercio al por menor de vidrios y espejos,7.596657471,21.1906761,57.3423393,90.1759707
30,35,11165,30035,6095,11176,0.545365068,19,53,Comercio al por menor en ferreterías y tlapalerías | Comercio al por menor de pintura | Comercio al por menor de vidrios y espejos | Comercio al por menor de artículos para la limpieza,17.01746529,47.46977161,53.19680084,80.4860868
30,36,11018,30036,3041,11025,0.275827664,22,55,Comercio al por menor de vidrios y espejos | Comercio al por menor en ferreterías y tlapalerías | Comercio al por menor de artículos para la limpieza | Comercio al por menor de pintura,19.96732619,49.91831548,54.86330379,43.66195045
30,37,8176,30037,2276,8202,0.277493294,5,12.5,Comercio al por menor en ferreterías y tlapalerías | Comercio al por menor de vidrios y espejos,6.115459883,15.28864971,49.3695835,41.44255342
30,38,93911,30038,21106,94183,0.224095644,128,400,Comercio al por menor de vidrios y espejos | Comercio al por menor en ferreterías y tlapalerías | Comercio al por menor de artículos para la limpieza | Comercio al por menor de pintura | Comercio al por menor de pisos y recubrimientos cerámicos | Comercio al por menor de materiales para la construcción en tiendas de autoservicio especializadas | Comercio al por menor de artículos para albercas y otros artículos,13.62992621,42.5935194,57.65735202,201.1303275
30,39,310698,30039,8846,312200,0.028334401,391,1885.5,Comercio al por menor en ferreterías y tlapalerías | Comercio al por menor de artículos para albercas y otros artículos | Comercio al por menor de vidrios y espejos | Comercio al por menor de artículos para la limpieza | Comercio al por menor de pintura | Comercio al por menor de pisos y recubrimientos cerámicos | Comercio al por menor de materiales para la construcción en tiendas de autoservicio especializadas,12.58456765,60.6859394,58.7811577,311.2606571
30,40,55016,30040,17823,55192,0.322927236,28,81,Comercio al por menor en ferreterías y tlapalerías | Comercio al por menor de pintura | Comercio al por menor de artículos para la limpieza | Comercio al por menor de vidrios y espejos,5.08942853,14.72298968,57.05676989,275.4517732
30,41,2355,30041,2355,2364,0.996192893,5,12.5,Comercio al por menor de artículos para la limpieza | Comercio al por menor en ferreterías y tlapalerías,21.23142251,53.07855626,47.74511256,9.401793975
30,42,5743,30042,5743,5788,0.992225294,4,15.5,Comercio al por menor en ferreterías y tlapalerías | Comercio al por menor de artículos para la limpieza | Comercio al por menor de vidrios y espejos,6.965000871,26.98937837,51.45201401,129.5020875
30,43,19876,30043,14698,19940,0.737111334,19,53,Comercio al por menor en ferreterías y tlapalerías | Comercio al por menor de artículos para la limpieza | Comercio al por menor de pintura | Comercio al por menor de vidrios y espejos,9.559267458,26.66532502,50.14579715,309.3326391
30,44,204721,30044,37262,204744,0.181993123,383,1513.5,Comercio al por menor en ferreterías y tlapalerías | Comercio al por menor de pintura | Comercio al por menor de artículos para la limpieza | Comercio al por menor de vidrios y espejos | Comercio al por menor de artículos para albercas y otros artículos | Comercio al por menor de pisos y recubrimientos cerámicos | Comercio al por menor de materiales para la construcción en tiendas de autoservicio especializadas,18.70838849,73.92988506,57.73415822,159.1286314
30,45,54737,30045,17942,54880,0.326931487,80,263.5,Comercio al por menor en ferreterías y tlapalerías | Comercio al por menor de vidrios y espejos | Comercio al por menor de artículos para la limpieza | Comercio al por menor de pisos y recubrimientos cerámicos | Comercio al por menor de pintura,14.61534246,48.13928421,55.86502235,517.7361556
30,46,16167,30046,11399,16181,0.704468203,8,25.5,Comercio al por menor de pintura | Comercio al por menor en ferreterías y tlapalerías | Comercio al por menor de artículos para la limpieza | Comercio al por menor de vidrios y espejos,4.94835158,15.77287066,52.83148914,76.1686297
30,47,59471,30047,26234,59489,0.44098909,56,180,Comercio al por menor de vidrios y espejos | Comercio al por menor de artículos para la limpieza | Comercio al por menor en ferreterías y tlapalerías | Comercio al por menor de pisos y recubrimientos cerámicos | Comercio al por menor de pintura,9.416354189,30.26685275,52.61097513,157.3364742
30,48,130903,30048,28523,131052,0.21764643,113,315.5,Comercio al por menor de vidrios y espejos | Comercio al por menor de artículos para la limpieza | Comercio al por menor en ferreterías y tlapalerías | Comercio al por menor de pintura | Comercio al por menor de pisos y recubrimientos cerámicos,8.632346088,24.10181585,56.70425278,276.3425527
30,49,22050,30049,22050,22328,0.987549265,8,20,Comercio al por menor en ferreterías y tlapalerías | Comercio al por menor de pintura | Comercio al por menor de vidrios y espejos | Comercio al por menor de artículos para la limpieza,3.628117914,9.070294785,53.54980894,534.9922648
30,50,16333,30050,11772,16336,0.720617042,4,10,Comercio al por menor de pintura | Comercio al por menor en ferreterías y tlapalerías | Comercio al por menor de vidrios y espejos,2.449029572,6.12257393,47.09405154,79.65697304
30,51,23096,30051,13983,23123,0.604722571,29,96,Comercio al por menor en ferreterías y tlapalerías | Comercio al por menor de artículos para la limpieza | Comercio al por menor de pisos y recubrimientos cerámicos | Comercio al por menor de pintura | Comercio al por menor de vidrios y espejos,12.5562868,41.56563907,50.95030674,232.2137853
30,52,11869,30052,5142,11873,0.433083467,11,27.5,Comercio al por menor de vidrios y espejos | Comercio al por menor en ferreterías y tlapalerías | Comercio al por menor de artículos para la limpieza,9.267840593,23.16960148,54.50674014,34.57147855
30,53,28075,30053,13771,28161,0.489009623,29,78,Comercio al por menor de vidrios y espejos | Comercio al por menor de artículos para la limpieza | Comercio al por menor en ferreterías y tlapalerías | Comercio al por menor de pintura | Comercio al por menor de pisos y recubrimientos cerámicos | Comercio al por menor de artículos para albercas y otros artículos,10.32947462,27.78272484,56.06129899,149.7046114
30,54,11461,30054,7606,11552,0.658414127,2,5,Comercio al por menor de vidrios y espejos | Comercio al por menor en ferreterías y tlapalerías,1.745048425,4.362621063,53.85432749,289.7628512
30,55,13527,30055,10728,13607,0.788417726,6,20.5,Comercio al por menor de artículos para la limpieza | Comercio al por menor en ferreterías y tlapalerías,4.435573298,15.15487543,50.65194704,150.5961976
30,56,6610,30056,6610,6703,0.986125615,0,0,NA,0,0,50.3500133,91.77714825
30,57,13881,30057,10381,13935,0.744958737,12,30,Comercio al por menor de artículos para la limpieza | Comercio al por menor de vidrios y espejos | Comercio al por menor en ferreterías y tlapalerías | Comercio al por menor de pintura,8.644910309,21.61227577,51.00616717,132.8476361
30,58,53858,30058,49035,54027,0.907601755,11,51,Comercio al por menor de vidrios y espejos | Comercio al por menor en ferreterías y tlapalerías | Comercio al por menor de pintura | Comercio al por menor de artículos para la limpieza,2.042407813,9.469345315,52.07798265,928.0891034
30,59,22638,30059,8664,22897,0.378390182,12,30,Comercio al por menor de vidrios y espejos | Comercio al por menor en ferreterías y tlapalerías | Comercio al por menor de pintura | Comercio al por menor de pisos y recubrimientos cerámicos | Comercio al por menor de artículos para la limpieza,5.300821627,13.25205407,54.17653476,174.1407244
30,60,16283,30060,7113,16392,0.433931186,8,20,Comercio al por menor en ferreterías y tlapalerías,4.913099552,12.28274888,52.10240649,138.8827494
30,61,81080,30061,34171,82655,0.413417216,66,210.5,Comercio al por menor de artículos para la limpieza | Comercio al por menor en ferreterías y tlapalerías | Comercio al por menor de vidrios y espejos | Comercio al por menor de pintura | Comercio al por menor de pisos y recubrimientos cerámicos | Comercio al por menor de artículos para albercas y otros artículos,8.140108535,25.96201283,52.46869538,3508.468624
30,62,20839,30062,5734,20845,0.275077956,15,48.5,Comercio al por menor de vidrios y espejos | Comercio al por menor de pintura | Comercio al por menor en ferreterías y tlapalerías | Comercio al por menor de pisos y recubrimientos cerámicos | Comercio al por menor de artículos para la limpieza,7.198042133,23.27366956,53.88009072,44.10841005
30,63,13359,30063,13359,13519,0.988164805,9,33.5,Comercio al por menor en ferreterías y tlapalerías | Comercio al por menor de artículos para la limpieza,6.737031215,25.0767273,52.29702942,386.7881356
30,64,4008,30064,4008,4008,1,1,2.5,Comercio al por menor en ferreterías y tlapalerías,2.49500998,6.23752495,45.94468276,22.81779684
30,65,85489,30065,36133,85655,0.421843442,102,385.5,Comercio al por menor de vidrios y espejos | Comercio al por menor de pintura | Comercio al por menor de artículos para la limpieza | Comercio al por menor de pisos y recubrimientos cerámicos | Comercio al por menor de artículos para albercas y otros artículos | Comercio al por menor en ferreterías y tlapalerías,11.93135959,45.0935208,57.91809846,413.3542354
30,66,26830,30066,20252,26925,0.752163417,15,37.5,Comercio al por menor en ferreterías y tlapalerías | Comercio al por menor de vidrios y espejos | Comercio al por menor de pintura | Comercio al por menor de artículos para la limpieza,5.590756616,13.97689154,50.94057573,239.0499012
30,67,19179,30067,3762,19208,0.195855893,18,56,Comercio al por menor en ferreterías y tlapalerías | Comercio al por menor de artículos para la limpieza | Comercio al por menor de pintura | Comercio al por menor de vidrios y espejos,9.385265134,29.19860264,48.85444404,42.96601392
30,68,66372,30068,21708,66422,0.326819427,85,241.5,Comercio al por menor de vidrios y espejos | Comercio al por menor de artículos para la limpieza | Comercio al por menor en ferreterías y tlapalerías | Comercio al por menor de pintura,12.80660519,36.38582535,57.60261043,60.91356794
30,69,24085,30069,10119,24178,0.418520969,21,58,Comercio al por menor en ferreterías y tlapalerías | Comercio al por menor de vidrios y espejos | Comercio al por menor de materiales para la construcción en tiendas de autoservicio especializadas | Comercio al por menor de pintura | Comercio al por menor de artículos para la limpieza,8.719119784,24.08137845,54.86752352,178.0270829
30,70,18275,30070,14169,18651,0.759691169,13,38,Comercio al por menor en ferreterías y tlapalerías | Comercio al por menor de vidrios y espejos | Comercio al por menor de artículos para la limpieza,7.113543092,20.79343365,49.70196568,1010.759649
30,71,59920,30071,26518,59970,0.442187761,92,270,Comercio al por menor en ferreterías y tlapalerías | Comercio al por menor de vidrios y espejos | Comercio al por menor de pisos y recubrimientos cerámicos | Comercio al por menor de pintura | Comercio al por menor de artículos para la limpieza,15.35380507,45.06008011,54.86561465,201.8777164
30,72,21796,30072,15683,21859,0.717461915,20,50,Comercio al por menor de vidrios y espejos | Comercio al por menor de pintura | Comercio al por menor en ferreterías y tlapalerías | Comercio al por menor de artículos para la limpieza,9.175995596,22.93998899,52.33859527,518.0208142
30,73,41670,30073,28941,41772,0.692832519,23,63,Comercio al por menor de artículos para la limpieza | Comercio al por menor en ferreterías y tlapalerías | Comercio al por menor de pintura | Comercio al por menor de vidrios y espejos | Comercio al por menor de pisos y recubrimientos cerámicos,5.519558435,15.1187905,52.47860684,708.2716511
30,74,7293,30074,3023,7293,0.414507062,5,18,Comercio al por menor en ferreterías y tlapalerías | Comercio al por menor de artículos para la limpieza,6.855889209,24.68120115,55.61901033,18.64262673
30,75,16525,30075,11871,16554,0.717107648,14,40.5,Comercio al por menor de pintura | Comercio al por menor de vidrios y espejos | Comercio al por menor en ferreterías y tlapalerías | Comercio al por menor de artículos para la limpieza,8.472012103,24.50832073,51.60372421,395.4172491
30,76,13377,30076,13377,13377,1,2,5,Comercio al por menor en ferreterías y tlapalerías,1.495103536,3.73775884,45.6066668,153.9999413
30,77,42807,30077,17199,43671,0.393831147,45,141.5,Comercio al por menor de pintura | Comercio al por menor de vidrios y espejos | Comercio al por menor en ferreterías y tlapalerías | Comercio al por menor de artículos para la limpieza | Comercio al por menor de artículos para albercas y otros artículos | Comercio al por menor de pisos y recubrimientos cerámicos,10.51229939,33.05534142,55.04260454,925.0280715
30,78,12379,30078,8210,12399,0.662150173,7,17.5,Comercio al por menor en ferreterías y tlapalerías | Comercio al por menor de artículos para la limpieza | Comercio al por menor de vidrios y espejos,5.654737863,14.13684466,50.87360371,175.2114119
30,79,11387,30079,8695,11410,0.762050833,6,15,Comercio al por menor de artículos para la limpieza | Comercio al por menor en ferreterías y tlapalerías,5.269166593,13.17291648,52.16144536,148.9792532
30,80,23132,30080,13115,23148,0.566571626,14,40.5,Comercio al por menor de artículos para la limpieza | Comercio al por menor de vidrios y espejos | Comercio al por menor en ferreterías y tlapalerías | Comercio al por menor de pintura,6.05222203,17.50821373,53.3038973,128.7666446
30,81,27295,30081,3899,27295,0.142846675,27,85.5,Comercio al por menor en ferreterías y tlapalerías | Comercio al por menor de pisos y recubrimientos cerámicos | Comercio al por menor de artículos para la limpieza | Comercio al por menor de vidrios y espejos,9.891921597,31.32441839,55.23277395,52.14460687
30,82,15831,30082,5399,15926,0.3390054,18,50.5,Comercio al por menor de artículos para la limpieza | Comercio al por menor de vidrios y espejos | Comercio al por menor en ferreterías y tlapalerías | Comercio al por menor de pintura,11.37009665,31.89943781,55.0801602,156.4504849
30,83,50836,30083,45128,50994,0.884966859,8,20,Comercio al por menor en ferreterías y tlapalerías | Comercio al por menor de vidrios y espejos | Comercio al por menor de pintura,1.573687938,3.934219844,49.87637966,663.4757289
30,84,5574,30084,5574,5735,0.971926765,2,5,Comercio al por menor en ferreterías y tlapalerías | Comercio al por menor de artículos para la limpieza,3.588087549,8.970218873,52.85177443,346.1376304
30,85,74004,30085,18094,74017,0.244457354,87,270,Comercio al por menor de vidrios y espejos | Comercio al por menor de artículos para la limpieza | Comercio al por menor en ferreterías y tlapalerías | Comercio al por menor de pintura | Comercio al por menor de artículos para albercas y otros artículos,11.75612129,36.48451435,56.72869612,136.7732532
30,86,46794,30086,22681,46803,0.484605688,20,55.5,Comercio al por menor en ferreterías y tlapalerías | Comercio al por menor de pintura | Comercio al por menor de artículos para la limpieza | Comercio al por menor de vidrios y espejos,4.274052229,11.86049494,53.20189097,206.7143579
30,87,488531,30087,11942,488642,0.02443916,827,3035,Comercio al por menor de vidrios y espejos | Comercio al por menor en ferreterías y tlapalerías | Comercio al por menor de pintura | Comercio al por menor de artículos para albercas y otros artículos | Comercio al por menor de artículos para la limpieza | Comercio al por menor de pisos y recubrimientos cerámicos | Comercio al por menor de materiales para la construcción en tiendas de autoservicio especializadas,16.92830138,62.1250238,59.30883457,123.8745147
30,88,5054,30088,1904,5054,0.376731302,6,38.5,Comercio al por menor de pintura | Comercio al por menor en ferreterías y tlapalerías | Comercio al por menor de artículos para la limpieza,11.87178472,76.17728532,54.0916139,72.31129407
30,89,38669,30089,6813,38949,0.174921051,48,136.5,Comercio al por menor de vidrios y espejos | Comercio al por menor en ferreterías y tlapalerías | Comercio al por menor de artículos para la limpieza | Comercio al por menor de pintura,12.41304404,35.29959399,55.31515139,316.4226122
30,90,11132,30090,6472,11155,0.580188256,11,27.5,Comercio al por menor en ferreterías y tlapalerías | Comercio al por menor de pintura | Comercio al por menor de artículos para la limpieza,9.881422925,24.70355731,54.41431808,131.5038403
30,91,28524,30091,18336,29188,0.628203371,17,53.5,Comercio al por menor en ferreterías y tlapalerías | Comercio al por menor de pintura | Comercio al por menor de vidrios y espejos | Comercio al por menor de artículos para la limpieza,5.959893423,18.75613518,51.96864383,1413.452025
30,92,39623,30092,10300,39742,0.259171657,63,163,Comercio al por menor de artículos para la limpieza | Comercio al por menor en ferreterías y tlapalerías | Comercio al por menor de materiales para la construcción en tiendas de autoservicio especializadas | Comercio al por menor de pintura | Comercio al por menor de vidrios y espejos,15.89985614,41.13772304,55.30593003,177.9835563
30,93,16585,30093,8569,16606,0.516018307,15,37.5,Comercio al por menor de artículos para la limpieza | Comercio al por menor de pintura | Comercio al por menor en ferreterías y tlapalerías | Comercio al por menor de vidrios y espejos,9.044317154,22.61079289,54.74238565,55.92864864
30,94,38367,30094,19014,38750,0.490683871,35,98.5,Comercio al por menor de vidrios y espejos | Comercio al por menor en ferreterías y tlapalerías | Comercio al por menor de pisos y recubrimientos cerámicos | Comercio al por menor de artículos para la limpieza | Comercio al por menor de pintura,9.122422916,25.67310449,54.19228298,990.4691568
30,95,15059,30095,12440,15171,0.819985499,21,52.5,Comercio al por menor de pisos y recubrimientos cerámicos | Comercio al por menor en ferreterías y tlapalerías | Comercio al por menor de vidrios y espejos | Comercio al por menor de artículos para la limpieza | Comercio al por menor de pintura,13.94514908,34.8628727,52.47031548,186.5503327
30,96,1543,30096,1543,1543,1,1,2.5,Comercio al por menor en ferreterías y tlapalerías,6.4808814,16.2022035,54.55347285,17.49312871
30,97,19123,30097,1396,19189,0.072750013,21,58,Comercio al por menor en ferreterías y tlapalerías | Comercio al por menor de vidrios y espejos | Comercio al por menor de pintura | Comercio al por menor de artículos para la limpieza,10.98154055,30.32996915,57.56790647,83.71025402
30,98,3299,30098,3299,3299,1,0,0,NA,0,0,52.11368959,13.71031337
30,99,18327,30099,5121,18343,0.279180069,18,45,Comercio al por menor de vidrios y espejos | Comercio al por menor en ferreterías y tlapalerías | Comercio al por menor de pintura | Comercio al por menor de artículos para la limpieza,9.821574726,24.55393681,52.94470968,110.1176593
30,100,23918,30100,17842,23985,0.743881593,9,22.5,Comercio al por menor de vidrios y espejos | Comercio al por menor de materiales para la construcción en tiendas de autoservicio especializadas | Comercio al por menor en ferreterías y tlapalerías | Comercio al por menor de pintura | Comercio al por menor de artículos para la limpieza,3.762856426,9.407141065,55.40088447,245.9108755
30,101,38670,30101,16935,38688,0.43773263,18,45,Comercio al por menor en ferreterías y tlapalerías | Comercio al por menor de vidrios y espejos | Comercio al por menor de artículos para la limpieza | Comercio al por menor de pintura | Comercio al por menor de pisos y recubrimientos cerámicos,4.65477114,11.63692785,54.77139172,69.20619482
30,102,108842,30102,23726,109244,0.217183552,127,546.5,Comercio al por menor de vidrios y espejos | Comercio al por menor de artículos para la limpieza | Comercio al por menor en ferreterías y tlapalerías | Comercio al por menor de pisos y recubrimientos cerámicos | Comercio al por menor de pintura | Comercio al por menor de materiales para la construcción en tiendas de autoservicio especializadas | Comercio al por menor de artículos para albercas y otros artículos,11.66828981,50.21039672,55.96173219,395.7062055
30,103,12799,30103,7150,12799,0.558637394,4,10,Comercio al por menor en ferreterías y tlapalerías | Comercio al por menor de vidrios y espejos,3.12524416,7.813110399,47.85486945,43.29328692
30,104,17134,30104,8162,17302,0.471737371,11,27.5,Comercio al por menor en ferreterías y tlapalerías,6.419983658,16.04995915,50.69202193,295.8453377
30,105,95202,30105,24324,95404,0.254957863,76,235.5,Comercio al por menor de vidrios y espejos | Comercio al por menor de artículos para la limpieza | Comercio al por menor en ferreterías y tlapalerías | Comercio al por menor de pintura,7.983025567,24.73687528,58.27676168,395.478934
30,106,4841,30106,1174,4846,0.242261659,8,25.5,Comercio al por menor en ferreterías y tlapalerías | Comercio al por menor de artículos para la limpieza | Comercio al por menor de vidrios y espejos,16.52551126,52.67506713,53.83207731,29.28051978
30,107,2934,30107,2934,2934,1,0,0,NA,0,0,51.39900814,50.43979795
30,108,144776,30108,39559,145114,0.272606365,163,769,Comercio al por menor de vidrios y espejos | Comercio al por menor de artículos para la limpieza | Comercio al por menor en ferreterías y tlapalerías | Comercio al por menor de pintura | Comercio al por menor de pisos y recubrimientos cerámicos | Comercio al por menor de artículos para albercas y otros artículos,11.25877217,53.11653865,56.57399423,2116.482896
30,109,65761,30109,35529,65998,0.538334495,50,159.5,Comercio al por menor en ferreterías y tlapalerías | Comercio al por menor de pisos y recubrimientos cerámicos | Comercio al por menor de vidrios y espejos | Comercio al por menor de artículos para la limpieza | Comercio al por menor de materiales para la construcción en tiendas de autoservicio especializadas | Comercio al por menor de pintura,7.603290704,24.25449735,55.44292696,519.7112294
30,110,12125,30110,12125,12128,0.999752639,3,7.5,Comercio al por menor en ferreterías y tlapalerías | Comercio al por menor de artículos para la limpieza,2.474226804,6.18556701,40.899829,66.27142099
30,111,16493,30111,8254,16774,0.492071062,9,33.5,Comercio al por menor en ferreterías y tlapalerías | Comercio al por menor de pisos y recubrimientos cerámicos | Comercio al por menor de pintura,5.456860486,20.31164737,55.04054814,249.1760447
30,112,22835,30112,13281,22858,0.581021962,22,60.5,Comercio al por menor de pintura | Comercio al por menor en ferreterías y tlapalerías | Comercio al por menor de pisos y recubrimientos cerámicos | Comercio al por menor de artículos para la limpieza | Comercio al por menor de vidrios y espejos,9.63433326,26.49441647,55.6844299,107.725268
30,113,4614,30113,4614,4619,0.998917515,3,7.5,Comercio al por menor de artículos para la limpieza | Comercio al por menor en ferreterías y tlapalerías,6.501950585,16.25487646,52.20200672,18.51251332
30,114,10130,30114,6819,10380,0.656936416,5,23.5,Comercio al por menor en ferreterías y tlapalerías | Comercio al por menor de vidrios y espejos,4.935834156,23.19842053,54.29167326,352.9618974
30,115,37314,30115,11925,37314,0.319585142,33,82.5,Comercio al por menor de vidrios y espejos | Comercio al por menor en ferreterías y tlapalerías | Comercio al por menor de artículos para la limpieza | Comercio al por menor de pintura,8.843865573,22.10966393,55.8553562,64.17593295
30,116,17027,30116,3032,17244,0.175829274,20,50,Comercio al por menor de vidrios y espejos | Comercio al por menor en ferreterías y tlapalerías | Comercio al por menor de artículos para la limpieza | Comercio al por menor de pintura,11.74605039,29.36512598,54.80780886,77.90675647
30,117,23773,30117,20058,23813,0.842313022,12,30,Comercio al por menor en ferreterías y tlapalerías | Comercio al por menor de pintura | Comercio al por menor de artículos para la limpieza | Comercio al por menor de vidrios y espejos,5.047743238,12.6193581,52.82408467,212.9688264
30,118,123182,30118,85,123188,6.90E-04,278,997.5,Comercio al por menor de artículos para la limpieza | Comercio al por menor de pintura | Comercio al por menor de vidrios y espejos | Comercio al por menor de artículos para albercas y otros artículos | Comercio al por menor en ferreterías y tlapalerías | Comercio al por menor de pisos y recubrimientos cerámicos,22.56823237,80.97774025,59.54466923,27.56480327
30,119,5651,30119,591,5695,0.103775241,4,10,Comercio al por menor en ferreterías y tlapalerías | Comercio al por menor de artículos para la limpieza,7.078393205,17.69598301,55.54650075,49.72357332
30,120,10343,30120,0,10343,0,16,45.5,Comercio al por menor en ferreterías y tlapalerías | Comercio al por menor de pintura | Comercio al por menor de artículos para la limpieza | Comercio al por menor de vidrios y espejos | Comercio al por menor de artículos para albercas y otros artículos,15.46939959,43.9911051,54.90023825,22.29178833
30,121,22756,30121,18439,25260,0.729968329,9,28,Comercio al por menor de vidrios y espejos | Comercio al por menor de artículos para la limpieza | Comercio al por menor en ferreterías y tlapalerías | Comercio al por menor de pintura,3.955000879,12.30444718,50.49407222,2367.962265
30,122,18051,30122,7895,18096,0.436284262,16,105,Comercio al por menor en ferreterías y tlapalerías | Comercio al por menor de pintura | Comercio al por menor de vidrios y espejos,8.86377486,58.16852252,51.42712546,308.5372961
30,123,96185,30123,39376,97064,0.405670485,52,177,Comercio al por menor de pintura | Comercio al por menor en ferreterías y tlapalerías | Comercio al por menor de vidrios y espejos | Comercio al por menor de artículos para la limpieza,5.406248376,18.40203774,55.89406677,3135.699004
30,124,159910,30124,94655,160359,0.590269333,88,289,Comercio al por menor de pintura | Comercio al por menor de vidrios y espejos | Comercio al por menor en ferreterías y tlapalerías | Comercio al por menor de pisos y recubrimientos cerámicos | Comercio al por menor de artículos para la limpieza | Comercio al por menor de artículos para albercas y otros artículos,5.503095491,18.07266587,51.86420831,1444.899899
30,125,31894,30125,17312,32007,0.540881682,26,70.5,Comercio al por menor de artículos para la limpieza | Comercio al por menor en ferreterías y tlapalerías | Comercio al por menor de vidrios y espejos | Comercio al por menor de pintura,8.152003512,22.10447106,53.79177287,398.8104779
30,126,33442,30126,21188,33545,0.631629155,17,42.5,Comercio al por menor de vidrios y espejos | Comercio al por menor en ferreterías y tlapalerías | Comercio al por menor de artículos para la limpieza | Comercio al por menor de pintura,5.083428025,12.70857006,55.63690476,385.9781535
30,127,28258,30127,23631,28295,0.835165224,8,25.5,Comercio al por menor en ferreterías y tlapalerías | Comercio al por menor de artículos para la limpieza,2.831056692,9.023993205,48.78449454,137.2293634
30,128,77432,30128,15988,79194,0.201883981,143,397.5,Comercio al por menor en ferreterías y tlapalerías | Comercio al por menor de artículos para la limpieza | Comercio al por menor de vidrios y espejos | Comercio al por menor de artículos para albercas y otros artículos | Comercio al por menor de pisos y recubrimientos cerámicos | Comercio al por menor de pintura,18.46781692,51.33536522,56.11437467,605.3774276
30,129,18053,30129,6820,18324,0.372189478,12,35.5,Comercio al por menor en ferreterías y tlapalerías | Comercio al por menor de pintura | Comercio al por menor de vidrios y espejos,6.647094666,19.66432172,52.62805063,242.5034848
30,130,39327,30130,23285,39895,0.5836571,42,146.5,Comercio al por menor de vidrios y espejos | Comercio al por menor en ferreterías y tlapalerías | Comercio al por menor de pintura | Comercio al por menor de artículos para la limpieza | Comercio al por menor de artículos para albercas y otros artículos,10.67968571,37.25176088,52.67000344,1191.624997
30,131,189457,30131,4425,189503,0.023350554,239,1198,Comercio al por menor en ferreterías y tlapalerías | Comercio al por menor de artículos para albercas y otros artículos | Comercio al por menor de vidrios y espejos | Comercio al por menor de artículos para la limpieza | Comercio al por menor de pintura | Comercio al por menor de pisos y recubrimientos cerámicos | Comercio al por menor de materiales para la construcción en tiendas de autoservicio especializadas,12.61499971,63.23334583,58.19700838,63.58928282
30,132,20300,30132,10376,20316,0.510730459,27,91,Comercio al por menor en ferreterías y tlapalerías | Comercio al por menor de pintura | Comercio al por menor de pisos y recubrimientos cerámicos | Comercio al por menor de artículos para la limpieza | Comercio al por menor de vidrios y espejos,13.30049261,44.82758621,53.88672429,99.12925022
30,133,57909,30133,5745,58080,0.098915289,40,159.5,Comercio al por menor en ferreterías y tlapalerías | Comercio al por menor de pintura | Comercio al por menor de artículos para la limpieza | Comercio al por menor de vidrios y espejos,6.90738918,27.54321435,56.00718213,285.6800666
30,134,23544,30134,16631,23657,0.703005453,8,25.5,Comercio al por menor en ferreterías y tlapalerías | Comercio al por menor de pisos y recubrimientos cerámicos | Comercio al por menor de artículos para la limpieza,3.397893306,10.83078491,55.67697028,381.9767211
30,135,24127,30135,3667,24145,0.151874094,29,83.5,Comercio al por menor de vidrios y espejos | Comercio al por menor en ferreterías y tlapalerías | Comercio al por menor de pintura | Comercio al por menor de artículos para la limpieza | Comercio al por menor de pisos y recubrimientos cerámicos,12.01972893,34.60852986,54.33757519,26.33250405
30,136,8343,30136,3506,8359,0.419428161,12,30,Comercio al por menor de artículos para la limpieza | Comercio al por menor en ferreterías y tlapalerías | Comercio al por menor de pintura | Comercio al por menor de vidrios y espejos,14.38331535,35.95828839,54.84178428,11.45191144
30,137,6308,30137,6308,6311,0.99952464,1,2.5,Comercio al por menor en ferreterías y tlapalerías,1.585288523,3.963221306,48.2762995,34.07413061
30,138,41795,30138,10,41805,2.39E-04,69,201.5,Comercio al por menor de vidrios y espejos | Comercio al por menor en ferreterías y tlapalerías | Comercio al por menor de pintura | Comercio al por menor de artículos para albercas y otros artículos | Comercio al por menor de artículos para la limpieza,16.50915181,48.21150855,59.1281255,15.17595936
30,139,6126,30139,2672,6173,0.432852746,9,22.5,Comercio al por menor en ferreterías y tlapalerías | Comercio al por menor de vidrios y espejos | Comercio al por menor de artículos para albercas y otros artículos | Comercio al por menor de pintura,14.69147894,36.72869736,53.20006571,108.1091456
30,140,3134,30140,3134,3134,1,1,2.5,Comercio al por menor de artículos para la limpieza,3.190810466,7.977026165,50.21835985,21.81523545
30,141,162428,30141,80680,162716,0.495833231,126,543,Comercio al por menor de artículos para la limpieza | Comercio al por menor de vidrios y espejos | Comercio al por menor de pintura | Comercio al por menor en ferreterías y tlapalerías | Comercio al por menor de pisos y recubrimientos cerámicos | Comercio al por menor de materiales para la construcción en tiendas de autoservicio especializadas,7.757283227,33.43019676,53.70207868,954.2963713
30,142,32631,30142,25084,33303,0.753205417,16,51,Comercio al por menor de vidrios y espejos | Comercio al por menor en ferreterías y tlapalerías | Comercio al por menor de artículos para la limpieza,4.903312801,15.62930955,52.69968583,1260.493581
30,143,57085,30143,32327,57338,0.563797133,25,122.5,Comercio al por menor de vidrios y espejos | Comercio al por menor en ferreterías y tlapalerías | Comercio al por menor de pintura | Comercio al por menor de artículos para albercas y otros artículos | Comercio al por menor de pisos y recubrimientos cerámicos | Comercio al por menor de artículos para la limpieza,4.379434177,21.45922747,52.71850448,615.9799533
30,144,32400,30144,14120,33100,0.426586103,17,48,Comercio al por menor de vidrios y espejos | Comercio al por menor en ferreterías y tlapalerías | Comercio al por menor de pintura | Comercio al por menor de artículos para la limpieza,5.24691358,14.81481481,52.78922312,661.9452706
30,145,16574,30145,3648,16789,0.217285127,9,22.5,Comercio al por menor en ferreterías y tlapalerías | Comercio al por menor de artículos para la limpieza | Comercio al por menor de vidrios y espejos,5.430191867,13.57547967,54.98998811,96.10563065
30,146,3925,30146,3925,3925,1,2,5,Comercio al por menor en ferreterías y tlapalerías,5.095541401,12.7388535,53.62958028,16.25137925
30,147,24578,30147,20145,24578,0.819635446,9,22.5,Comercio al por menor en ferreterías y tlapalerías,3.661811376,9.15452844,47.70790117,114.2811352
30,148,28130,30148,14414,28246,0.510302344,25,62.5,Comercio al por menor de artículos para la limpieza | Comercio al por menor en ferreterías y tlapalerías | Comercio al por menor de vidrios y espejos | Comercio al por menor de pintura | Comercio al por menor de artículos para albercas y otros artículos | Comercio al por menor de pisos y recubrimientos cerámicos,8.887308923,22.21827231,55.25073966,414.0579459
30,149,34385,30149,13964,34489,0.404882716,20,61,Comercio al por menor en ferreterías y tlapalerías | Comercio al por menor de pintura | Comercio al por menor de artículos para la limpieza,5.816489748,17.74029373,48.44590591,478.5844379
30,150,11631,30150,6036,11761,0.513221665,14,35,Comercio al por menor en ferreterías y tlapalerías | Comercio al por menor de pintura | Comercio al por menor de vidrios y espejos | Comercio al por menor de artículos para la limpieza,12.03679821,30.09199553,53.16912245,396.1186373
30,151,21902,30151,16994,22172,0.766462205,10,61,Comercio al por menor en ferreterías y tlapalerías | Comercio al por menor de artículos para la limpieza | Comercio al por menor de pintura | Comercio al por menor de vidrios y espejos,4.565793078,27.85133778,50.70057525,1008.56533
30,152,11561,30152,8855,12001,0.737855179,3,7.5,Comercio al por menor de vidrios y espejos | Comercio al por menor de artículos para albercas y otros artículos | Comercio al por menor en ferreterías y tlapalerías,2.594931234,6.487328086,51.73742012,865.9685161
30,153,5795,30153,5795,5846,0.991276086,3,7.5,Comercio al por menor en ferreterías y tlapalerías,5.176876618,12.94219154,53.38300381,154.7143969
30,154,11991,30154,11991,12180,0.984482759,1,2.5,Comercio al por menor en ferreterías y tlapalerías,0.833958802,2.084897006,52.11254074,330.4003628
30,155,99959,30155,66733,100777,0.662184824,44,258.5,Comercio al por menor en ferreterías y tlapalerías | Comercio al por menor de artículos para la limpieza | Comercio al por menor de pisos y recubrimientos cerámicos | Comercio al por menor de vidrios y espejos | Comercio al por menor de pintura | Comercio al por menor de artículos para albercas y otros artículos,4.40180474,25.86060285,48.35278736,1289.96678
30,156,6041,30156,6041,6073,0.994730776,1,2.5,Comercio al por menor en ferreterías y tlapalerías,1.655355074,4.138387684,51.54860673,91.29398193
30,157,20145,30157,15429,20234,0.762528418,8,20,Comercio al por menor en ferreterías y tlapalerías | Comercio al por menor de vidrios y espejos,3.971208737,9.928021842,48.6788338,270.3235101
30,158,24551,30158,19119,24966,0.76580149,12,35.5,Comercio al por menor de artículos para albercas y otros artículos | Comercio al por menor en ferreterías y tlapalerías,4.887784612,14.45969614,52.33616519,526.8670362
30,159,29686,30159,26946,29686,0.9077006,14,35,Comercio al por menor en ferreterías y tlapalerías | Comercio al por menor de vidrios y espejos,4.716027757,11.79006939,41.7826042,87.62870893
30,160,107270,30160,74298,107778,0.689361465,65,226,Comercio al por menor de pintura | Comercio al por menor en ferreterías y tlapalerías | Comercio al por menor de pisos y recubrimientos cerámicos | Comercio al por menor de artículos para la limpieza | Comercio al por menor de artículos para albercas y otros artículos | Comercio al por menor de vidrios y espejos,6.059476088,21.06833225,53.47541645,1265.738755
30,161,34408,30161,21914,35509,0.617139317,15,55.5,Comercio al por menor en ferreterías y tlapalerías | Comercio al por menor de pintura | Comercio al por menor de artículos para la limpieza | Comercio al por menor de vidrios y espejos,4.35945129,16.12996977,51.89617269,1141.216132
30,162,6448,30162,6448,6451,0.999534956,0,0,NA,0,0,50.2762036,64.85406248
30,163,5040,30163,5040,5049,0.998217469,1,8,Comercio al por menor en ferreterías y tlapalerías,1.984126984,15.87301587,52.0366369,86.22110357
30,164,16957,30164,6376,17001,0.375036763,23,63,Comercio al por menor de materiales para la construcción en tiendas de autoservicio especializadas | Comercio al por menor de artículos para la limpieza | Comercio al por menor de pintura | Comercio al por menor en ferreterías y tlapalerías | Comercio al por menor de vidrios y espejos | Comercio al por menor de pisos y recubrimientos cerámicos,13.56372,37.15279825,56.11539831,60.45837501
30,165,8925,30165,8925,8925,1,3,7.5,Comercio al por menor en ferreterías y tlapalerías | Comercio al por menor de artículos para la limpieza,3.361344538,8.403361345,47.80336734,59.90165544
30,166,9405,30166,9405,9416,0.998831776,4,15.5,Comercio al por menor en ferreterías y tlapalerías,4.253056885,16.48059543,52.68321014,94.91209088
30,167,14619,30167,9022,14729,0.612533098,10,30.5,Comercio al por menor en ferreterías y tlapalerías | Comercio al por menor de pintura,6.840413161,20.86326014,53.64985307,225.2442185
30,168,16343,30168,11856,16354,0.724960254,5,12.5,Comercio al por menor de vidrios y espejos | Comercio al por menor en ferreterías y tlapalerías,3.059413816,7.648534541,47.10392184,99.60199858
30,169,22709,30169,13847,22904,0.604566888,11,33,Comercio al por menor de pintura | Comercio al por menor de artículos para la limpieza | Comercio al por menor en ferreterías y tlapalerías | Comercio al por menor de vidrios y espejos,4.843894491,14.53168347,52.51175913,534.3666087
30,170,10824,30170,10824,10851,0.99751175,3,7.5,Comercio al por menor en ferreterías y tlapalerías,2.771618625,6.929046563,46.29676542,193.6242301
30,171,5575,30171,5575,5575,1,5,12.5,Comercio al por menor en ferreterías y tlapalerías,8.968609865,22.42152466,50.01877517,42.51751792
30,172,19925,30172,10956,20232,0.541518387,10,30.5,Comercio al por menor en ferreterías y tlapalerías | Comercio al por menor de artículos para la limpieza | Comercio al por menor de pintura,5.018820577,15.30740276,50.86992412,448.579104
30,173,54537,30173,44847,54575,0.821749885,29,83.5,Comercio al por menor de vidrios y espejos | Comercio al por menor de artículos para la limpieza | Comercio al por menor en ferreterías y tlapalerías | Comercio al por menor de pintura | Comercio al por menor de pisos y recubrimientos cerámicos,5.317490878,15.31070649,48.63644702,521.1429904
30,174,95602,30174,45944,96126,0.477956016,106,316,Comercio al por menor de vidrios y espejos | Comercio al por menor de pintura | Comercio al por menor en ferreterías y tlapalerías | Comercio al por menor de artículos para la limpieza | Comercio al por menor de pisos y recubrimientos cerámicos | Comercio al por menor de artículos para albercas y otros artículos,11.08763415,33.05370181,55.54375879,1512.640749
30,175,92726,30175,47921,93303,0.513606208,67,184,Comercio al por menor de artículos para la limpieza | Comercio al por menor en ferreterías y tlapalerías | Comercio al por menor de pisos y recubrimientos cerámicos | Comercio al por menor de pintura | Comercio al por menor de artículos para albercas y otros artículos | Comercio al por menor de vidrios y espejos,7.225589371,19.84340962,53.16942215,712.3736396
30,176,4489,30176,524,4502,0.116392714,6,15,Comercio al por menor en ferreterías y tlapalerías | Comercio al por menor de pintura | Comercio al por menor de vidrios y espejos,13.36600579,33.41501448,52.90368122,102.4797091
30,177,11685,30177,11685,11695,0.999144934,6,15,Comercio al por menor en ferreterías y tlapalerías | Comercio al por menor de pintura | Comercio al por menor de artículos para la limpieza,5.13478819,12.83697047,52.10268975,132.3557668
30,178,12898,30178,5611,13121,0.427635089,11,33,Comercio al por menor de vidrios y espejos | Comercio al por menor de pintura | Comercio al por menor en ferreterías y tlapalerías | Comercio al por menor de artículos para la limpieza,8.528454024,25.58536207,54.55058818,576.5727786
30,179,4284,30179,1781,4289,0.41524831,5,12.5,Comercio al por menor en ferreterías y tlapalerías | Comercio al por menor de artículos para la limpieza,11.6713352,29.178338,54.06058525,64.97154816
30,180,10900,30180,10900,10942,0.996161579,6,33,Comercio al por menor en ferreterías y tlapalerías | Comercio al por menor de artículos para la limpieza | Comercio al por menor de vidrios y espejos,5.504587156,30.27522936,48.11202546,223.8719675
30,181,37795,30181,25093,38071,0.659110609,26,70.5,Comercio al por menor en ferreterías y tlapalerías | Comercio al por menor de pisos y recubrimientos cerámicos | Comercio al por menor de artículos para la limpieza | Comercio al por menor de vidrios y espejos | Comercio al por menor de pintura | Comercio al por menor de artículos para albercas y otros artículos,6.879216828,18.65326101,54.0408779,914.1914802
30,182,19664,30182,9939,19688,0.504825274,13,32.5,Comercio al por menor en ferreterías y tlapalerías | Comercio al por menor de artículos para la limpieza | Comercio al por menor de vidrios y espejos,6.611065907,16.52766477,55.50162478,36.47978189
30,183,61377,30183,20454,61443,0.332893902,63,214,Comercio al por menor de artículos para la limpieza | Comercio al por menor de pintura | Comercio al por menor en ferreterías y tlapalerías | Comercio al por menor de vidrios y espejos | Comercio al por menor de pisos y recubrimientos cerámicos,10.2644313,34.86648093,55.26327759,166.7662845
30,184,7933,30184,7933,7960,0.99660804,3,7.5,Comercio al por menor en ferreterías y tlapalerías | Comercio al por menor de artículos para la limpieza,3.781671499,9.454178747,49.37514181,56.1964815
30,185,5548,30185,1571,5548,0.283165105,7,17.5,Comercio al por menor de vidrios y espejos | Comercio al por menor en ferreterías y tlapalerías | Comercio al por menor de artículos para la limpieza,12.61715934,31.54289834,52.66633876,11.1660413
30,186,7197,30186,2782,7199,0.386442561,7,23,Comercio al por menor en ferreterías y tlapalerías | Comercio al por menor de artículos para la limpieza | Comercio al por menor de vidrios y espejos,9.726274837,31.95776018,54.99612719,18.68739498
30,187,6105,30187,6105,6120,0.99754902,1,2.5,Comercio al por menor de artículos para la limpieza,1.638001638,4.095004095,52.39071699,49.91129694
30,188,17217,30188,13166,17223,0.764442896,18,45,Comercio al por menor de vidrios y espejos | Comercio al por menor de pintura | Comercio al por menor en ferreterías y tlapalerías | Comercio al por menor de artículos para albercas y otros artículos | Comercio al por menor de artículos para la limpieza,10.45478306,26.13695766,52.96441307,97.39943958
30,189,154600,30189,36485,155246,0.235014107,146,559,Comercio al por menor en ferreterías y tlapalerías | Comercio al por menor de vidrios y espejos | Comercio al por menor de artículos para albercas y otros artículos | Comercio al por menor de artículos para la limpieza | Comercio al por menor de pintura | Comercio al por menor de pisos y recubrimientos cerámicos | Comercio al por menor de materiales para la construcción en tiendas de autoservicio especializadas,9.443725744,36.15782665,56.69107827,955.7889136
30,190,2258,30190,2258,2268,0.995590829,0,0,NA,0,0,53.42323565,55.98696586
30,191,30097,30191,11438,30138,0.379520871,36,108,Comercio al por menor de vidrios y espejos | Comercio al por menor en ferreterías y tlapalerías | Comercio al por menor de pisos y recubrimientos cerámicos | Comercio al por menor de artículos para la limpieza | Comercio al por menor de pintura,11.96132505,35.88397515,57.71837894,123.8943024
30,192,20204,30192,6700,20579,0.325574615,21,52.5,Comercio al por menor en ferreterías y tlapalerías | Comercio al por menor de vidrios y espejos | Comercio al por menor de artículos para la limpieza | Comercio al por menor de pintura,10.39398139,25.98495347,55.86902848,336.2189447
30,193,607209,30193,30443,607325,0.050126374,925,3639,Comercio al por menor de artículos para la limpieza | Comercio al por menor en ferreterías y tlapalerías | Comercio al por menor de pisos y recubrimientos cerámicos | Comercio al por menor de artículos para albercas y otros artículos | Comercio al por menor de pintura | Comercio al por menor de vidrios y espejos | Comercio al por menor de materiales para la construcción en tiendas de autoservicio especializadas,15.23363455,59.92994175,59.27373451,247.9973855
30,194,12492,30194,4953,12498,0.396303409,21,70.5,Comercio al por menor de artículos para la limpieza | Comercio al por menor de vidrios y espejos | Comercio al por menor en ferreterías y tlapalerías | Comercio al por menor de pintura,16.81075889,56.43611912,53.07429464,51.12539426
30,195,5900,30195,3110,5903,0.526850754,3,7.5,Comercio al por menor en ferreterías y tlapalerías,5.084745763,12.71186441,48.15587087,37.21437934
30,196,17902,30196,12221,17948,0.680911522,15,37.5,Comercio al por menor de vidrios y espejos | Comercio al por menor en ferreterías y tlapalerías | Comercio al por menor de artículos para la limpieza | Comercio al por menor de pintura,8.378952072,20.94738018,55.28212333,87.51863212
30,197,11205,30197,8054,11228,0.717313858,8,20,Comercio al por menor de vidrios y espejos | Comercio al por menor en ferreterías y tlapalerías | Comercio al por menor de artículos para la limpieza,7.13966979,17.84917448,52.73756044,111.7040375
30,198,6788,30198,6788,6817,0.995745929,3,13,Comercio al por menor en ferreterías y tlapalerías,4.419563936,19.15144372,48.90176043,261.6142655
30,199,11899,30199,1440,11921,0.120795235,9,22.5,Comercio al por menor en ferreterías y tlapalerías | Comercio al por menor de artículos para la limpieza | Comercio al por menor de vidrios y espejos,7.563660812,18.90915203,54.30454803,21.66340521
30,200,12581,30200,12581,12592,0.999126429,4,15.5,Comercio al por menor en ferreterías y tlapalerías | Comercio al por menor de artículos para la limpieza,3.179397504,12.32016533,54.12513497,177.1817266
30,201,45028,30201,37573,45033,0.834343704,24,96,Comercio al por menor de vidrios y espejos | Comercio al por menor de artículos para la limpieza | Comercio al por menor en ferreterías y tlapalerías | Comercio al por menor de pisos y recubrimientos cerámicos | Comercio al por menor de pintura,5.330016878,21.32006751,48.79921133,281.060906
30,202,14644,30202,14644,14703,0.995987213,4,10,Comercio al por menor en ferreterías y tlapalerías | Comercio al por menor de artículos para la limpieza,2.731494127,6.828735318,47.01841518,240.063848
30,203,14524,30203,10730,14536,0.738167309,6,15,Comercio al por menor en ferreterías y tlapalerías | Comercio al por menor de vidrios y espejos,4.131093363,10.32773341,46.53927437,68.43204389
30,204,44104,30204,6640,44219,0.150161695,24,83.5,Comercio al por menor en ferreterías y tlapalerías | Comercio al por menor de pisos y recubrimientos cerámicos | Comercio al por menor de pintura | Comercio al por menor de artículos para albercas y otros artículos | Comercio al por menor de artículos para la limpieza | Comercio al por menor de vidrios y espejos,5.441683294,18.93252313,56.45530403,371.6261209
30,205,19402,30205,10489,19648,0.533845684,11,51,Comercio al por menor en ferreterías y tlapalerías | Comercio al por menor de artículos para la limpieza | Comercio al por menor de pintura,5.669518606,26.2859499,55.96303912,387.2748221
30,206,29209,30206,1133,29246,0.038740341,37,120,Comercio al por menor de artículos para la limpieza | Comercio al por menor en ferreterías y tlapalerías | Comercio al por menor de pisos y recubrimientos cerámicos | Comercio al por menor de pintura | Comercio al por menor de vidrios y espejos | Comercio al por menor de artículos para albercas y otros artículos,12.66732856,41.08322777,58.70875248,28.22514434
30,207,44978,30207,21744,45444,0.478479007,50,130.5,Comercio al por menor de vidrios y espejos | Comercio al por menor de artículos para la limpieza | Comercio al por menor en ferreterías y tlapalerías | Comercio al por menor de pintura | Comercio al por menor de pisos y recubrimientos cerámicos | Comercio al por menor de artículos para albercas y otros artículos,11.11654587,29.01418471,53.92190547,546.1814637
30,208,23376,30208,5457,23430,0.23290653,21,70.5,Comercio al por menor de pintura | Comercio al por menor de vidrios y espejos | Comercio al por menor en ferreterías y tlapalerías | Comercio al por menor de artículos para la limpieza,8.983572895,30.15913758,56.46698367,243.4801526
30,209,15044,30209,6433,15152,0.424564414,19,64,Comercio al por menor en ferreterías y tlapalerías | Comercio al por menor de vidrios y espejos | Comercio al por menor de artículos para la limpieza,12.62961978,42.54187716,51.52778343,296.656748
30,210,30891,30210,26633,31138,0.855321472,12,41,Comercio al por menor en ferreterías y tlapalerías | Comercio al por menor de vidrios y espejos | Comercio al por menor de artículos para la limpieza,3.88462659,13.27247418,51.34260008,1962.143851
30,211,30351,30211,15801,30491,0.518218491,22,73,Comercio al por menor de vidrios y espejos | Comercio al por menor en ferreterías y tlapalerías | Comercio al por menor de pintura,7.248525584,24.0519258,55.41826612,289.6487859
30,212,13062,30212,9709,13221,0.734362,5,12.5,Comercio al por menor de vidrios y espejos | Comercio al por menor en ferreterías y tlapalerías,3.827897719,9.569744296,49.91733603,398.939528
31,0,2320898,31000,0,4905,0,0,0,NA,0,0,NA,NA
31,1,6550,31001,3942,6554,0.601464754,2,5,Comercio al por menor en ferreterías y tlapalerías,3.053435115,7.633587786,52.06440297,290.2378175
31,2,16772,31002,4855,16818,0.288678797,9,22.5,Comercio al por menor en ferreterías y tlapalerías | Comercio al por menor de artículos para la limpieza | Comercio al por menor de vidrios y espejos,5.366086334,13.41521584,55.08331719,136.0633128
31,3,12285,31003,263,12300,0.021382114,15,37.5,Comercio al por menor en ferreterías y tlapalerías | Comercio al por menor de artículos para la limpieza | Comercio al por menor de pintura,12.21001221,30.52503053,53.82286064,75.8715927
31,4,6195,31004,1198,6291,0.190430774,5,12.5,Comercio al por menor en ferreterías y tlapalerías,8.07102502,20.17756255,55.02693482,107.4784947
31,5,2167,31005,2167,2167,1,2,5,Comercio al por menor en ferreterías y tlapalerías,9.229349331,23.07337333,54.383083,71.06498406
31,6,9159,31006,1186,9206,0.128829025,13,32.5,Comercio al por menor en ferreterías y tlapalerías | Comercio al por menor de pintura | Comercio al por menor de artículos para la limpieza | Comercio al por menor de vidrios y espejos,14.19368927,35.48422317,54.14613025,648.2864324
31,7,7490,31007,30,7520,0.003989362,4,15.5,Comercio al por menor en ferreterías y tlapalerías,5.340453939,20.69425901,56.25666575,100.5705052
31,8,3949,31008,1365,3965,0.344262295,2,5,Comercio al por menor en ferreterías y tlapalerías,5.06457331,12.66143327,52.11910222,288.1455992
31,9,4466,31009,401,4485,0.089409142,3,7.5,Comercio al por menor en ferreterías y tlapalerías,6.717420511,16.79355128,53.72851047,127.626567
31,10,2755,31010,2755,2780,0.991007194,1,2.5,Comercio al por menor en ferreterías y tlapalerías,3.629764065,9.074410163,49.06185225,353.4220453
31,11,8389,31011,23,8398,0.002738747,2,5,Comercio al por menor en ferreterías y tlapalerías,2.384074383,5.960185958,55.20116941,597.54883
31,12,3736,31012,408,3773,0.108136761,8,25.5,Comercio al por menor en ferreterías y tlapalerías | Comercio al por menor de pisos y recubrimientos cerámicos | Comercio al por menor de artículos para la limpieza | Comercio al por menor de vidrios y espejos,21.41327623,68.25481799,53.7340024,537.6677752
31,13,16671,31013,2727,16764,0.162670007,13,43.5,Comercio al por menor en ferreterías y tlapalerías | Comercio al por menor de artículos para albercas y otros artículos | Comercio al por menor de materiales para la construcción en tiendas de autoservicio especializadas | Comercio al por menor de pintura | Comercio al por menor de vidrios y espejos,7.797972527,26.09321576,58.8830842,62.76617245
31,14,1714,31014,1714,1714,1,3,7.5,Comercio al por menor en ferreterías y tlapalerías | Comercio al por menor de vidrios y espejos,17.50291715,43.75729288,52.60311921,134.7671803
31,15,5560,31015,1352,5568,0.242816092,5,30.5,Comercio al por menor de vidrios y espejos | Comercio al por menor en ferreterías y tlapalerías,8.992805755,54.85611511,51.71124282,92.6907585
31,16,3104,31016,244,3113,0.078380983,2,5,Comercio al por menor en ferreterías y tlapalerías,6.443298969,16.10824742,52.30385605,113.7918899
31,17,4686,31017,4686,4695,0.998083067,0,0,NA,0,0,49.8884484,439.8986115
31,18,3385,31018,3385,3400,0.995588235,2,5,Comercio al por menor en ferreterías y tlapalerías,5.908419498,14.77104874,52.57607228,168.0344549
31,19,38934,31019,13271,39083,0.339559399,31,94,Comercio al por menor en ferreterías y tlapalerías | Comercio al por menor de pintura | Comercio al por menor de vidrios y espejos,7.962192428,24.1434222,48.77933719,1386.413576
31,20,4497,31020,34,4519,0.007523788,6,15,Comercio al por menor en ferreterías y tlapalerías | Comercio al por menor de pintura,13.34222815,33.35557038,55.68896394,43.86690412
31,21,9406,31021,2866,9435,0.303762586,5,12.5,Comercio al por menor en ferreterías y tlapalerías | Comercio al por menor de artículos para la limpieza,5.3157559,13.28938975,50.17132923,466.2064159
31,22,4363,31022,1344,4370,0.307551487,3,13,Comercio al por menor en ferreterías y tlapalerías,6.87600275,29.79601192,49.08894584,470.161665
31,23,4863,31023,16,4879,0.003279361,4,15.5,Comercio al por menor en ferreterías y tlapalerías | Comercio al por menor de vidrios y espejos,8.225375283,31.87332922,54.82706785,290.3673978
31,24,3244,31024,7,3251,0.002153184,3,7.5,Comercio al por menor en ferreterías y tlapalerías,9.24784217,23.11960543,51.22644561,83.16273787
31,25,6003,31025,2,6005,3.33E-04,7,17.5,Comercio al por menor en ferreterías y tlapalerías | Comercio al por menor de artículos para la limpieza | Comercio al por menor de vidrios y espejos,11.66083625,29.15209062,54.95832296,79.27993606
31,26,3622,31026,155,3633,0.042664465,3,7.5,Comercio al por menor en ferreterías y tlapalerías | Comercio al por menor de pintura,8.282716731,20.70679183,55.08886968,172.492974
31,27,8345,31027,815,8388,0.097162613,6,15,Comercio al por menor en ferreterías y tlapalerías | Comercio al por menor de vidrios y espejos,7.189934092,17.97483523,56.71097144,205.5995019
31,28,2936,31028,2936,2971,0.988219455,10,25,Comercio al por menor en ferreterías y tlapalerías | Comercio al por menor de vidrios y espejos | Comercio al por menor de artículos para la limpieza,34.0599455,85.14986376,54.90394946,427.9374794
31,29,6240,31029,71,6311,0.011250198,6,15,Comercio al por menor en ferreterías y tlapalerías | Comercio al por menor de vidrios y espejos | Comercio al por menor de artículos para la limpieza,9.615384615,24.03846154,55.46218298,501.7099004
31,30,4015,31030,811,4019,0.20179149,6,15,Comercio al por menor en ferreterías y tlapalerías | Comercio al por menor de artículos para la limpieza | Comercio al por menor de vidrios y espejos,14.94396015,37.35990037,49.26201867,306.8693976
31,31,2818,31031,2818,2825,0.997522124,1,2.5,Comercio al por menor en ferreterías y tlapalerías,3.54861604,8.871540099,51.26229404,132.2003943
31,32,16779,31032,4459,16824,0.265038041,9,22.5,Comercio al por menor en ferreterías y tlapalerías | Comercio al por menor de vidrios y espejos,5.363847667,13.40961917,52.25181502,728.6875584
31,33,21255,31033,7387,21288,0.347003006,11,27.5,Comercio al por menor de vidrios y espejos | Comercio al por menor en ferreterías y tlapalerías | Comercio al por menor de artículos para la limpieza,5.175252882,12.9381322,52.10995073,581.4890719
31,34,6514,31034,2117,6538,0.323799327,4,10,Comercio al por menor de artículos para la limpieza | Comercio al por menor en ferreterías y tlapalerías,6.140620203,15.35155051,50.96667417,94.09100265
31,35,6384,31035,1233,6400,0.19265625,4,10,Comercio al por menor de vidrios y espejos | Comercio al por menor en ferreterías y tlapalerías,6.26566416,15.6641604,52.66015714,119.6000464
31,36,8090,31036,1280,8125,0.157538462,5,30.5,Comercio al por menor en ferreterías y tlapalerías,6.180469716,37.70086527,53.03038987,198.131798
31,37,5250,31037,56,5251,0.010664635,4,15.5,Comercio al por menor en ferreterías y tlapalerías,7.619047619,29.52380952,54.08807728,195.9028301
31,38,35137,31038,2913,35151,0.082871042,28,99,Comercio al por menor de artículos para la limpieza | Comercio al por menor en ferreterías y tlapalerías | Comercio al por menor de pisos y recubrimientos cerámicos | Comercio al por menor de pintura | Comercio al por menor de vidrios y espejos,7.968807809,28.17542761,54.49318121,832.3397518
31,39,4186,31039,71,4196,0.016920877,5,12.5,Comercio al por menor de materiales para la construcción en tiendas de autoservicio especializadas | Comercio al por menor de artículos para la limpieza | Comercio al por menor en ferreterías y tlapalerías,11.94457716,29.8614429,55.10574064,135.4617702
31,40,28555,31040,6584,28618,0.230064994,27,78.5,Comercio al por menor de vidrios y espejos | Comercio al por menor en ferreterías y tlapalerías | Comercio al por menor de pintura | Comercio al por menor de artículos para la limpieza,9.455436876,27.49080721,55.02264554,454.7085959
31,41,141939,31041,2186,142006,0.015393716,143,430.5,Comercio al por menor de vidrios y espejos | Comercio al por menor de artículos para la limpieza | Comercio al por menor de materiales para la construcción en tiendas de autoservicio especializadas | Comercio al por menor en ferreterías y tlapalerías | Comercio al por menor de pisos y recubrimientos cerámicos | Comercio al por menor de pintura | Comercio al por menor de artículos para albercas y otros artículos,10.07475042,30.32993046,58.12201879,105.3772673
31,42,5553,31042,1980,5569,0.355539594,4,15.5,Comercio al por menor en ferreterías y tlapalerías | Comercio al por menor de artículos para la limpieza | Comercio al por menor de vidrios y espejos,7.203313524,27.91283991,52.53715225,197.9744409
31,43,3405,31043,526,3419,0.153846154,3,7.5,Comercio al por menor en ferreterías y tlapalerías | Comercio al por menor de vidrios y espejos,8.810572687,22.02643172,51.94083311,136.2129673
31,44,7530,31044,340,7537,0.045110787,5,30.5,Comercio al por menor en ferreterías y tlapalerías,6.640106242,40.50464807,53.84173565,352.7464878
31,45,2677,31045,2677,2677,1,6,15,Comercio al por menor de vidrios y espejos | Comercio al por menor en ferreterías y tlapalerías,22.41314905,56.03287262,54.67429604,156.42068
31,46,3296,31046,107,3304,0.032384988,4,15.5,Comercio al por menor de vidrios y espejos | Comercio al por menor en ferreterías y tlapalerías,12.13592233,47.02669903,51.8632357,99.59495864
31,47,5968,31047,1253,5996,0.208972648,2,5,Comercio al por menor en ferreterías y tlapalerías | Comercio al por menor de artículos para la limpieza,3.351206434,8.378016086,51.99822477,125.7778478
31,48,23991,31048,10026,24028,0.417263193,9,22.5,Comercio al por menor de pisos y recubrimientos cerámicos | Comercio al por menor en ferreterías y tlapalerías | Comercio al por menor de vidrios y espejos,3.751406778,9.378516944,53.77541379,903.2628679
31,49,3965,31049,9,3974,0.002264721,3,7.5,Comercio al por menor en ferreterías y tlapalerías,7.566204288,18.91551072,46.50539869,92.86026648
31,50,995129,31050,37730,995473,0.03790158,1432,9180.5,Comercio al por menor de artículos para la limpieza | Comercio al por menor de pintura | Comercio al por menor de vidrios y espejos | Comercio al por menor de materiales para la construcción en tiendas de autoservicio especializadas | Comercio al por menor de pisos y recubrimientos cerámicos | Comercio al por menor en ferreterías y tlapalerías | Comercio al por menor de artículos para albercas y otros artículos,14.39009415,92.25437104,59.91362029,848.0118213
31,51,3430,31051,3430,3465,0.98989899,4,10,Comercio al por menor en ferreterías y tlapalerías | Comercio al por menor de vidrios y espejos,11.66180758,29.15451895,55.48915775,46.78733925
31,52,37804,31052,11723,37890,0.309395619,38,129.5,Comercio al por menor en ferreterías y tlapalerías | Comercio al por menor de artículos para la limpieza | Comercio al por menor de pintura | Comercio al por menor de artículos para albercas y otros artículos | Comercio al por menor de vidrios y espejos,10.05184637,34.25563432,55.38387781,317.6689483
31,53,13494,31053,941,13513,0.069636646,8,25.5,Comercio al por menor de pintura | Comercio al por menor en ferreterías y tlapalerías | Comercio al por menor de artículos para la limpieza,5.928560842,18.89728768,55.28982114,394.153509
31,54,2990,31054,400,2992,0.13368984,5,12.5,Comercio al por menor en ferreterías y tlapalerías | Comercio al por menor de vidrios y espejos,16.72240803,41.80602007,53.92500313,70.99324482
31,55,7080,31055,1668,7085,0.235426958,4,10,Comercio al por menor en ferreterías y tlapalerías | Comercio al por menor de vidrios y espejos,5.649717514,14.12429379,53.74797499,257.2617829
31,56,33854,31056,7679,33910,0.226452374,27,103.5,Comercio al por menor en ferreterías y tlapalerías | Comercio al por menor de vidrios y espejos | Comercio al por menor de pintura | Comercio al por menor de artículos para la limpieza | Comercio al por menor de pisos y recubrimientos cerámicos,7.975423879,30.5724582,53.49864711,856.5208454
31,57,7766,31057,2448,7910,0.309481669,5,12.5,Comercio al por menor en ferreterías y tlapalerías | Comercio al por menor de vidrios y espejos,6.438320886,16.09580221,54.55292521,658.9995116
31,58,25954,31058,4498,26040,0.172734255,18,79.5,Comercio al por menor en ferreterías y tlapalerías | Comercio al por menor de artículos para la limpieza | Comercio al por menor de pintura,6.935347153,30.63111659,53.43223975,1047.35993
31,59,66008,31059,1355,66026,0.020522219,100,330,Comercio al por menor de pintura | Comercio al por menor de vidrios y espejos | Comercio al por menor de artículos para la limpieza | Comercio al por menor en ferreterías y tlapalerías | Comercio al por menor de artículos para albercas y otros artículos | Comercio al por menor de materiales para la construcción en tiendas de autoservicio especializadas,15.14967883,49.99394013,57.63720122,676.0795753
31,60,976,31060,976,977,0.998976459,2,5,Comercio al por menor en ferreterías y tlapalerías,20.49180328,51.2295082,53.3604243,102.5576665
31,61,3974,31061,3974,4056,0.979783037,5,12.5,Comercio al por menor en ferreterías y tlapalerías | Comercio al por menor de artículos para la limpieza | Comercio al por menor de vidrios y espejos,12.58178158,31.45445395,54.18586803,333.4382977
31,62,4962,31062,963,4974,0.193606755,4,10,Comercio al por menor en ferreterías y tlapalerías,8.061265619,20.15316405,53.86112099,197.1611191
31,63,5631,31063,2279,5649,0.403434236,7,23,Comercio al por menor de artículos para la limpieza | Comercio al por menor en ferreterías y tlapalerías | Comercio al por menor de materiales para la construcción en tiendas de autoservicio especializadas | Comercio al por menor de vidrios y espejos,12.43118451,40.84532055,53.76581502,159.2452933
31,64,1701,31064,1701,1701,1,1,2.5,Comercio al por menor en ferreterías y tlapalerías,5.878894768,14.69723692,53.84180707,25.94000977
31,65,2118,31065,2118,2167,0.977388094,5,12.5,Comercio al por menor de pisos y recubrimientos cerámicos | Comercio al por menor de artículos para la limpieza | Comercio al por menor en ferreterías y tlapalerías,23.60717658,59.01794145,55.8982554,447.0038471
31,66,4220,31066,453,4250,0.106588235,3,7.5,Comercio al por menor en ferreterías y tlapalerías,7.109004739,17.77251185,51.8906869,509.8769941
31,67,10053,31067,912,10075,0.090521092,4,15.5,Comercio al por menor en ferreterías y tlapalerías,3.978911768,15.4182831,55.44531865,176.5765624
31,68,3206,31068,620,3221,0.192486805,2,5,Comercio al por menor en ferreterías y tlapalerías,6.238303182,15.59575795,54.31858752,133.0123359
31,69,8967,31069,3209,8987,0.357071325,4,15.5,Comercio al por menor en ferreterías y tlapalerías,4.460800714,17.28560277,52.16579627,541.4163886
31,70,3971,31070,116,4087,0.028382677,3,7.5,Comercio al por menor en ferreterías y tlapalerías,7.554772098,18.88693024,54.55808677,304.3806285
31,71,1949,31071,1949,1970,0.989340102,1,2.5,Comercio al por menor en ferreterías y tlapalerías,5.130836326,12.82709082,52.13086335,219.6462247
31,72,1857,31072,1857,1867,0.994643814,1,2.5,Comercio al por menor en ferreterías y tlapalerías,5.385029618,13.46257404,55.37050888,87.10639721
31,73,5854,31073,891,5883,0.15145334,1,2.5,Comercio al por menor en ferreterías y tlapalerías,1.708233686,4.270584216,49.44533249,239.5727227
31,74,3774,31074,120,3778,0.031762837,2,5,Comercio al por menor en ferreterías y tlapalerías,5.299417064,13.24854266,53.41073477,101.5897559
31,75,6921,31075,31,6923,0.004477828,5,12.5,Comercio al por menor en ferreterías y tlapalerías,7.224389539,18.06097385,50.65743365,222.8427822
31,76,17939,31076,7922,17973,0.44077227,6,15,Comercio al por menor en ferreterías y tlapalerías | Comercio al por menor de vidrios y espejos,3.344668042,8.361670104,52.98949366,364.4441606
31,77,2683,31077,38,2683,0.01416325,4,10,Comercio al por menor en ferreterías y tlapalerías,14.90868431,37.27171077,50.66775804,197.8283138
31,78,3747,31078,604,3749,0.161109629,4,10,Comercio al por menor en ferreterías y tlapalerías | Comercio al por menor de vidrios y espejos,10.67520683,26.68801708,52.69962041,79.07761131
31,79,45062,31079,13274,45206,0.293633588,38,95,Comercio al por menor en ferreterías y tlapalerías | Comercio al por menor de pintura | Comercio al por menor de artículos para la limpieza | Comercio al por menor de pisos y recubrimientos cerámicos | Comercio al por menor de vidrios y espejos | Comercio al por menor de artículos para albercas y otros artículos,8.432825884,21.08206471,53.79732457,2749.101458
31,80,11020,31080,5,11025,4.54E-04,13,32.5,Comercio al por menor en ferreterías y tlapalerías | Comercio al por menor de vidrios y espejos,11.79673321,29.49183303,54.14781644,278.6926444
31,81,3355,31081,570,3377,0.168788866,2,5,Comercio al por menor en ferreterías y tlapalerías,5.961251863,14.90312966,50.93015229,270.9175002
31,82,3512,31082,16,3528,0.004535147,3,7.5,Comercio al por menor en ferreterías y tlapalerías,8.54214123,21.35535308,55.37059985,57.41223231
31,83,1915,31083,1915,1917,0.998956703,8,25.5,Comercio al por menor de vidrios y espejos | Comercio al por menor de artículos para la limpieza | Comercio al por menor en ferreterías y tlapalerías,41.77545692,133.1592689,55.26899206,64.58408494
31,84,7037,31084,565,7060,0.080028329,4,10,Comercio al por menor en ferreterías y tlapalerías,5.684240443,14.21060111,53.29715453,334.4734873
31,85,16680,31085,5766,16767,0.343889784,15,55.5,Comercio al por menor de artículos para la limpieza | Comercio al por menor de vidrios y espejos | Comercio al por menor en ferreterías y tlapalerías | Comercio al por menor de pisos y recubrimientos cerámicos | Comercio al por menor de pintura,8.992805755,33.27338129,51.74765667,700.3605966
31,86,2133,31086,2133,2145,0.994405594,1,2.5,Comercio al por menor en ferreterías y tlapalerías,4.688232536,11.72058134,50.61711152,107.7184129
31,87,5464,31087,914,5480,0.166788321,6,20.5,Comercio al por menor en ferreterías y tlapalerías | Comercio al por menor de vidrios y espejos,10.98096633,37.51830161,51.13974375,333.8754226
31,88,1917,31088,1917,1917,1,2,5,Comercio al por menor en ferreterías y tlapalerías,10.43296818,26.08242045,52.54054734,77.16065223
31,89,40495,31089,119,40547,0.002934866,41,178.5,Comercio al por menor de vidrios y espejos | Comercio al por menor de artículos para la limpieza | Comercio al por menor en ferreterías y tlapalerías | Comercio al por menor de pintura,10.12470675,44.07951599,56.02623015,337.2542788
31,90,7503,31090,3299,7551,0.436895775,3,7.5,Comercio al por menor de artículos para la limpieza | Comercio al por menor en ferreterías y tlapalerías,3.99840064,9.996001599,51.88407256,133.4208418
31,91,12700,31091,6204,12715,0.487927645,10,30.5,Comercio al por menor en ferreterías y tlapalerías | Comercio al por menor de pisos y recubrimientos cerámicos | Comercio al por menor de pintura | Comercio al por menor de vidrios y espejos,7.874015748,24.01574803,53.45275088,466.5223839
31,92,7888,31092,3714,7900,0.470126582,5,12.5,Comercio al por menor en ferreterías y tlapalerías,6.338742394,15.84685598,48.94577233,498.4048598
31,93,18420,31093,6516,18471,0.352769206,14,64,Comercio al por menor en ferreterías y tlapalerías | Comercio al por menor de artículos para albercas y otros artículos | Comercio al por menor de vidrios y espejos,7.600434311,34.74484256,56.8232198,170.7337555
31,94,5444,31094,2658,5456,0.487170088,2,5,Comercio al por menor en ferreterías y tlapalerías,3.673769287,9.184423218,50.50896802,228.4497854
31,95,5690,31095,1967,5706,0.344724851,4,10,Comercio al por menor en ferreterías y tlapalerías | Comercio al por menor de artículos para la limpieza,7.029876977,17.57469244,55.00013267,70.26392745
31,96,80672,31096,21988,81603,0.269450878,75,396.5,Comercio al por menor en ferreterías y tlapalerías | Comercio al por menor de vidrios y espejos | Comercio al por menor de artículos para albercas y otros artículos | Comercio al por menor de artículos para la limpieza | Comercio al por menor de pintura,9.29690599,49.149643,53.4162084,3847.422963
31,97,3684,31097,680,3718,0.182894029,6,15,Comercio al por menor en ferreterías y tlapalerías,16.28664495,40.71661238,51.54002086,409.6082155
31,98,15346,31098,4467,15426,0.28957604,7,23,Comercio al por menor en ferreterías y tlapalerías | Comercio al por menor de vidrios y espejos,4.561449238,14.98761892,53.40454291,760.2397125
31,99,4191,31099,731,4194,0.174296614,3,13,Comercio al por menor en ferreterías y tlapalerías,7.158196135,31.01884992,49.68527778,186.0622326
31,100,4049,31100,930,4069,0.228557385,1,2.5,Comercio al por menor en ferreterías y tlapalerías,2.469745616,6.174364041,54.3792228,129.6256345
31,101,69147,31101,12738,69303,0.183801567,59,348.5,Comercio al por menor de vidrios y espejos | Comercio al por menor en ferreterías y tlapalerías | Comercio al por menor de artículos para la limpieza | Comercio al por menor de pintura,8.532546604,50.39987273,57.1401154,350.9698961
31,102,85460,31102,14559,85958,0.169373415,90,631.5,Comercio al por menor de vidrios y espejos | Comercio al por menor de artículos para la limpieza | Comercio al por menor en ferreterías y tlapalerías | Comercio al por menor de artículos para albercas y otros artículos | Comercio al por menor de pintura | Comercio al por menor de pisos y recubrimientos cerámicos,10.53124269,73.89421952,54.51707511,1069.243577
31,103,3451,31103,4,3455,0.001157742,4,10,Comercio al por menor en ferreterías y tlapalerías,11.59084323,28.97710808,51.46204608,109.8110334
31,104,16350,31104,10431,16416,0.635416667,3,13,Comercio al por menor en ferreterías y tlapalerías | Comercio al por menor de vidrios y espejos,1.834862385,7.951070336,49.32824732,1462.345642
31,105,3293,31105,96,3300,0.029090909,3,7.5,Comercio al por menor en ferreterías y tlapalerías | Comercio al por menor de pintura,9.110233829,22.77558457,55.81285821,49.05555862
31,106,2215,31106,2215,2218,0.99864743,1,2.5,Comercio al por menor en ferreterías y tlapalerías,4.514672686,11.28668172,54.35734275,130.5220598
32,0,1622138,32000,0,8483,0,0,0,NA,0,0,NA,NA
32,1,6260,32001,3652,6363,0.573943109,5,30.5,Comercio al por menor de vidrios y espejos | Comercio al por menor en ferreterías y tlapalerías | Comercio al por menor de pintura | Comercio al por menor de artículos para la limpieza,7.987220447,48.72204473,55.83694686,290.0123634
32,2,4942,32002,4942,4994,0.989587505,2,5,Comercio al por menor en ferreterías y tlapalerías | Comercio al por menor de vidrios y espejos,4.046944557,10.11736139,54.95843529,200.5465054
32,3,2277,32003,2277,2314,0.984010372,2,5,Comercio al por menor en ferreterías y tlapalerías,8.783487044,21.95871761,56.31664826,278.4309225
32,4,4493,32004,1588,4517,0.35156077,9,22.5,Comercio al por menor de vidrios y espejos | Comercio al por menor en ferreterías y tlapalerías | Comercio al por menor de pintura,20.03115958,50.07789895,56.06592899,325.6512759
32,5,45759,32005,1573,46131,0.034098545,88,280,Comercio al por menor en ferreterías y tlapalerías | Comercio al por menor de vidrios y espejos | Comercio al por menor de artículos para albercas y otros artículos | Comercio al por menor de pintura | Comercio al por menor de pisos y recubrimientos cerámicos | Comercio al por menor de artículos para la limpieza,19.23118949,61.19014839,58.50214185,383.2715143
32,6,8255,32006,1877,8263,0.227157207,9,22.5,Comercio al por menor de vidrios y espejos | Comercio al por menor en ferreterías y tlapalerías | Comercio al por menor de artículos para la limpieza,10.90248334,27.25620836,57.48687728,444.5854392
32,7,12115,32007,5200,12211,0.425845549,8,20,Comercio al por menor en ferreterías y tlapalerías | Comercio al por menor de artículos para la limpieza | Comercio al por menor de vidrios y espejos,6.603384234,16.50846059,58.0917354,2392.580045
32,8,13466,32008,4003,13579,0.294793431,4,10,Comercio al por menor en ferreterías y tlapalerías,2.970444081,7.426110203,56.5232453,320.9760416
32,9,10086,32009,6270,10175,0.616216216,16,45.5,Comercio al por menor de artículos para la limpieza | Comercio al por menor en ferreterías y tlapalerías | Comercio al por menor de vidrios y espejos,15.86357327,45.11203649,56.06778324,891.1111382
32,10,240532,32010,66486,242015,0.274718509,282,972,Comercio al por menor de vidrios y espejos | Comercio al por menor de artículos para la limpieza | Comercio al por menor de artículos para albercas y otros artículos | Comercio al por menor de materiales para la construcción en tiendas de autoservicio especializadas | Comercio al por menor en ferreterías y tlapalerías | Comercio al por menor de pisos y recubrimientos cerámicos | Comercio al por menor de pintura,11.72401177,40.41042356,58.01563788,5037.307763
32,11,3362,32011,641,3479,0.184248347,12,30,Comercio al por menor de vidrios y espejos | Comercio al por menor en ferreterías y tlapalerías | Comercio al por menor de artículos para la limpieza | Comercio al por menor de pintura,35.69303986,89.23259964,56.53187209,304.2656698
32,12,8168,32012,8168,8285,0.985878093,3,7.5,Comercio al por menor en ferreterías y tlapalerías | Comercio al por menor de artículos para la limpieza,3.672869736,9.182174339,54.08661083,786.4176397
32,13,6644,32013,2124,6742,0.315040047,4,10,Comercio al por menor en ferreterías y tlapalerías | Comercio al por menor de artículos para la limpieza,6.020469597,15.05117399,56.50510372,195.574636
32,14,20191,32014,14347,20279,0.707480645,12,53.5,Comercio al por menor en ferreterías y tlapalerías | Comercio al por menor de artículos para la limpieza | Comercio al por menor de pintura | Comercio al por menor de vidrios y espejos,5.943242039,26.49695409,56.30531009,4783.818783
32,15,1579,32015,1579,1604,0.984413965,0,0,NA,0,0,55.22931213,349.9921261
32,16,23526,32016,12303,23635,0.52054157,22,60.5,Comercio al por menor en ferreterías y tlapalerías | Comercio al por menor de artículos para albercas y otros artículos | Comercio al por menor de pintura | Comercio al por menor de pisos y recubrimientos cerámicos | Comercio al por menor de artículos para la limpieza | Comercio al por menor de vidrios y espejos,9.351355947,25.71622885,54.98467254,437.3712719
32,17,211740,32017,14394,212007,0.067893985,347,1623,Comercio al por menor en ferreterías y tlapalerías | Comercio al por menor de vidrios y espejos | Comercio al por menor de artículos para la limpieza | Comercio al por menor de pisos y recubrimientos cerámicos | Comercio al por menor de artículos para albercas y otros artículos | Comercio al por menor de pintura | Comercio al por menor de materiales para la construcción en tiendas de autoservicio especializadas,16.38802305,76.65060924,59.97012973,808.2867296
32,18,4547,32018,4547,4619,0.98441221,2,5,Comercio al por menor en ferreterías y tlapalerías,4.398504508,10.99626127,55.70990324,368.605818
32,19,25296,32019,10005,25531,0.391876542,39,130.5,Comercio al por menor en ferreterías y tlapalerías | Comercio al por menor de pisos y recubrimientos cerámicos | Comercio al por menor de vidrios y espejos | Comercio al por menor de artículos para la limpieza | Comercio al por menor de pintura,15.41745731,51.58918406,57.40919169,710.8633383
32,20,59910,32020,13778,60164,0.22900738,133,389,Comercio al por menor de artículos para la limpieza | Comercio al por menor de vidrios y espejos | Comercio al por menor de pisos y recubrimientos cerámicos | Comercio al por menor en ferreterías y tlapalerías | Comercio al por menor de artículos para albercas y otros artículos | Comercio al por menor de pintura | Comercio al por menor de materiales para la construcción en tiendas de autoservicio especializadas,22.19996662,64.93072943,58.3051129,1526.907385
32,21,4465,32021,4465,4523,0.987176653,7,35.5,Comercio al por menor en ferreterías y tlapalerías | Comercio al por menor de materiales para la construcción en tiendas de autoservicio especializadas | Comercio al por menor de artículos para la limpieza,15.6774916,79.50727884,51.69416903,1158.413354
32,22,19749,32022,4704,19768,0.23796034,43,124,Comercio al por menor en ferreterías y tlapalerías | Comercio al por menor de pisos y recubrimientos cerámicos | Comercio al por menor de pintura | Comercio al por menor de vidrios y espejos | Comercio al por menor de artículos para la limpieza,21.77325434,62.78798927,57.63343239,616.9210714
32,23,12251,32023,6415,12289,0.522011555,28,81,Comercio al por menor de artículos para la limpieza | Comercio al por menor en ferreterías y tlapalerías | Comercio al por menor de pisos y recubrimientos cerámicos | Comercio al por menor de pintura | Comercio al por menor de vidrios y espejos,22.85527712,66.11705167,57.72461328,335.6171407
32,24,53709,32024,24458,53876,0.453968372,77,209,Comercio al por menor de artículos para la limpieza | Comercio al por menor de vidrios y espejos | Comercio al por menor en ferreterías y tlapalerías | Comercio al por menor de pisos y recubrimientos cerámicos | Comercio al por menor de materiales para la construcción en tiendas de autoservicio especializadas | Comercio al por menor de pintura,14.33651716,38.91340371,57.48784532,424.6581882
32,25,13184,32025,6201,13330,0.465191298,14,40.5,Comercio al por menor de vidrios y espejos | Comercio al por menor en ferreterías y tlapalerías | Comercio al por menor de pintura | Comercio al por menor de artículos para la limpieza | Comercio al por menor de pisos y recubrimientos cerámicos,10.61893204,30.7190534,57.095578,175.0279455
32,26,17774,32026,17774,17894,0.993293842,7,23,Comercio al por menor de vidrios y espejos | Comercio al por menor en ferreterías y tlapalerías | Comercio al por menor de artículos para la limpieza,3.938336897,12.9402498,53.94280455,11987.59991
32,27,2736,32027,2736,2761,0.99094531,1,2.5,Comercio al por menor en ferreterías y tlapalerías,3.65497076,9.137426901,54.20638009,1862.048602
32,28,2451,32028,2451,2552,0.960423197,2,10.5,Comercio al por menor en ferreterías y tlapalerías,8.159934721,42.83965728,55.5519898,482.0085044
32,29,23713,32029,8898,23804,0.373802722,29,151,Comercio al por menor de vidrios y espejos | Comercio al por menor de pintura | Comercio al por menor de pisos y recubrimientos cerámicos | Comercio al por menor en ferreterías y tlapalerías | Comercio al por menor de artículos para la limpieza,12.22957871,63.67815123,57.54071743,1093.921188
32,30,2446,32030,2446,2452,0.997553018,3,13,Comercio al por menor en ferreterías y tlapalerías | Comercio al por menor de pintura | Comercio al por menor de vidrios y espejos,12.26492232,53.14799673,56.41366374,160.1741092
32,31,8683,32031,4436,8948,0.495753241,6,15,Comercio al por menor en ferreterías y tlapalerías | Comercio al por menor de pintura | Comercio al por menor de artículos para la limpieza | Comercio al por menor de vidrios y espejos,6.910054129,17.27513532,56.09088483,1582.976177
32,32,13207,32032,1640,13279,0.123503276,13,38,Comercio al por menor de artículos para la limpieza | Comercio al por menor de vidrios y espejos | Comercio al por menor en ferreterías y tlapalerías | Comercio al por menor de pintura,9.843264935,28.77262058,58.52324351,178.9778971
32,33,4530,32033,4530,4619,0.98073176,4,10,Comercio al por menor en ferreterías y tlapalerías | Comercio al por menor de pintura,8.830022075,22.07505519,55.95017938,535.2722585
32,34,27945,32034,11131,28074,0.396487854,49,128,Comercio al por menor en ferreterías y tlapalerías | Comercio al por menor de pisos y recubrimientos cerámicos | Comercio al por menor de pintura | Comercio al por menor de vidrios y espejos | Comercio al por menor de artículos para la limpieza,17.53444266,45.80425836,57.67715041,869.3138494
32,35,16284,32035,13475,16320,0.82567402,2,5,Comercio al por menor en ferreterías y tlapalerías,1.22819946,3.070498649,55.26699704,404.1992411
32,36,44144,32036,21849,44375,0.492371831,51,206,Comercio al por menor en ferreterías y tlapalerías | Comercio al por menor de pisos y recubrimientos cerámicos | Comercio al por menor de pintura | Comercio al por menor de artículos para la limpieza | Comercio al por menor de vidrios y espejos,11.55309895,46.6654585,56.43137446,637.9904366
32,37,17577,32037,8848,18072,0.489597167,11,27.5,Comercio al por menor en ferreterías y tlapalerías | Comercio al por menor de artículos para la limpieza,6.258178301,15.64544575,55.13673695,674.9377585
32,38,72241,32038,63295,72577,0.872108244,27,73,Comercio al por menor de vidrios y espejos | Comercio al por menor en ferreterías y tlapalerías | Comercio al por menor de materiales para la construcción en tiendas de autoservicio especializadas | Comercio al por menor de pintura | Comercio al por menor de artículos para la limpieza | Comercio al por menor de pisos y recubrimientos cerámicos,3.737489791,10.10506499,54.27479622,3135.79764
32,39,64535,32039,24306,64649,0.375968692,90,254,Comercio al por menor en ferreterías y tlapalerías | Comercio al por menor de vidrios y espejos | Comercio al por menor de artículos para la limpieza | Comercio al por menor de pisos y recubrimientos cerámicos | Comercio al por menor de pintura,13.94592082,39.35848764,57.68140779,1818.754918
32,40,21844,32040,16549,21893,0.755903714,17,53.5,Comercio al por menor en ferreterías y tlapalerías | Comercio al por menor de pintura | Comercio al por menor de artículos para la limpieza | Comercio al por menor de vidrios y espejos,7.782457425,24.49185131,55.86688733,1399.607375
32,41,2509,32041,2509,2556,0.981611894,2,5,Comercio al por menor en ferreterías y tlapalerías,7.971303308,19.92825827,52.57285804,617.2369652
32,42,63665,32042,31816,63948,0.497529243,60,166.5,Comercio al por menor en ferreterías y tlapalerías | Comercio al por menor de pisos y recubrimientos cerámicos | Comercio al por menor de artículos para la limpieza | Comercio al por menor de pintura | Comercio al por menor de artículos para albercas y otros artículos | Comercio al por menor de vidrios y espejos,9.42433048,26.15251708,57.25279144,3593.564615
32,43,1365,32043,1365,1373,0.994173343,2,5,Comercio al por menor en ferreterías y tlapalerías,14.65201465,36.63003663,54.55944543,197.4781097
32,44,16588,32044,8496,16632,0.510822511,25,62.5,Comercio al por menor en ferreterías y tlapalerías | Comercio al por menor de artículos para la limpieza | Comercio al por menor de pintura | Comercio al por menor de artículos para albercas y otros artículos | Comercio al por menor de vidrios y espejos,15.07113576,37.6778394,56.77160678,406.0511619
32,45,8321,32045,3438,8353,0.411588651,12,35.5,Comercio al por menor de vidrios y espejos | Comercio al por menor en ferreterías y tlapalerías | Comercio al por menor de pintura | Comercio al por menor de artículos para la limpieza,14.42134359,42.66314145,56.47351096,539.1230234
32,46,6490,32046,6490,6498,0.998768852,2,5,Comercio al por menor en ferreterías y tlapalerías,3.081664099,7.704160247,55.66537885,716.9214823
32,47,5356,32047,1895,5425,0.349308756,8,20,Comercio al por menor en ferreterías y tlapalerías | Comercio al por menor de artículos para la limpieza,14.93651979,37.34129948,56.92151248,673.0510296
32,48,27302,32048,9420,27375,0.344109589,78,222.5,Comercio al por menor de pintura | Comercio al por menor de pisos y recubrimientos cerámicos | Comercio al por menor en ferreterías y tlapalerías | Comercio al por menor de artículos para la limpieza | Comercio al por menor de artículos para albercas y otros artículos | Comercio al por menor de vidrios y espejos,28.56933558,81.49586111,57.55967334,738.5469363
32,49,32461,32049,18884,32754,0.57654027,42,127,Comercio al por menor de pintura | Comercio al por menor en ferreterías y tlapalerías | Comercio al por menor de materiales para la construcción en tiendas de autoservicio especializadas | Comercio al por menor de pisos y recubrimientos cerámicos | Comercio al por menor de artículos para la limpieza | Comercio al por menor de artículos para albercas y otros artículos | Comercio al por menor de vidrios y espejos,12.93860325,39.12387172,54.74150279,5647.397084
32,50,10276,32050,6655,10290,0.646744412,3,7.5,Comercio al por menor en ferreterías y tlapalerías | Comercio al por menor de vidrios y espejos,2.9194239,7.298559751,56.19011747,158.2441676
32,51,34623,32051,14984,35114,0.426724383,33,88,Comercio al por menor en ferreterías y tlapalerías | Comercio al por menor de vidrios y espejos | Comercio al por menor de pintura | Comercio al por menor de artículos para la limpieza,9.531236461,25.41663056,55.70779614,6597.038901
32,52,19525,32052,12514,19599,0.638501964,13,32.5,Comercio al por menor en ferreterías y tlapalerías | Comercio al por menor de artículos para la limpieza | Comercio al por menor de vidrios y espejos,6.658130602,16.6453265,57.35285091,338.2305191
32,53,13208,32053,3999,13261,0.301560968,11,27.5,Comercio al por menor en ferreterías y tlapalerías | Comercio al por menor de pisos y recubrimientos cerámicos | Comercio al por menor de artículos para la limpieza | Comercio al por menor de vidrios y espejos,8.328285887,20.82071472,56.45190562,427.375193
32,54,19446,32054,14595,19534,0.7471588,17,42.5,Comercio al por menor de vidrios y espejos | Comercio al por menor en ferreterías y tlapalerías | Comercio al por menor de artículos para la limpieza | Comercio al por menor de pintura,8.74215777,21.85539443,55.04414632,371.4259869
32,55,31558,32055,14007,31836,0.439973615,36,90,Comercio al por menor de artículos para la limpieza | Comercio al por menor de pisos y recubrimientos cerámicos | Comercio al por menor en ferreterías y tlapalerías | Comercio al por menor de pintura | Comercio al por menor de vidrios y espejos,11.40756702,28.51891755,56.74705825,2156.505602
32,56,149607,32056,8410,149792,0.05614452,274,925,Comercio al por menor en ferreterías y tlapalerías | Comercio al por menor de vidrios y espejos | Comercio al por menor de artículos para la limpieza | Comercio al por menor de pintura | Comercio al por menor de pisos y recubrimientos cerámicos | Comercio al por menor de artículos para albercas y otros artículos | Comercio al por menor de materiales para la construcción en tiendas de autoservicio especializadas,18.31465105,61.82865775,60.17619075,436.8210106
32,57,20455,32057,3434,20520,0.167348928,23,57.5,Comercio al por menor en ferreterías y tlapalerías | Comercio al por menor de artículos para la limpieza | Comercio al por menor de pintura | Comercio al por menor de vidrios y espejos,11.24419457,28.11048643,56.95807264,218.4470067
32,58,2767,32058,2767,2799,0.988567345,6,15,Comercio al por menor en ferreterías y tlapalerías | Comercio al por menor de artículos para la limpieza | Comercio al por menor de pintura,21.68413444,54.2103361,56.05580282,275.4545573
